sistema,versao_so,python,tamanho_mb,repeticao,operacao,tempo_ms,taxa_mb_s
Linux,Linux-6.12.111+deb13-amd64-x86_64-with-glibc2.41,3.13.5,100,1,alocacao,21.774318,4592.566344
Linux,Linux-6.12.111+deb13-amd64-x86_64-with-glibc2.41,3.13.5,100,1,escrita,15.314786,6529.637437
Linux,Linux-6.12.111+deb13-amd64-x86_64-with-glibc2.41,3.13.5,100,1,leitura,9.9487,10051.564526
Linux,Linux-6.12.111+deb13-amd64-x86_64-with-glibc2.41,3.13.5,100,1,liberacao,0.553881,180544.196317
Linux,Linux-6.12.111+deb13-amd64-x86_64-with-glibc2.41,3.13.5,100,2,alocacao,21.737183,4600.412114
Linux,Linux-6.12.111+deb13-amd64-x86_64-with-glibc2.41,3.13.5,100,2,escrita,15.09005,6626.883277
Linux,Linux-6.12.111+deb13-amd64-x86_64-with-glibc2.41,3.13.5,100,2,leitura,9.848965,10153.351139
Linux,Linux-6.12.111+deb13-amd64-x86_64-with-glibc2.41,3.13.5,100,2,liberacao,0.536986,186224.59431
Linux,Linux-6.12.111+deb13-amd64-x86_64-with-glibc2.41,3.13.5,100,3,alocacao,21.437807,4664.656231
Linux,Linux-6.12.111+deb13-amd64-x86_64-with-glibc2.41,3.13.5,100,3,escrita,15.396821,6494.847216
Linux,Linux-6.12.111+deb13-amd64-x86_64-with-glibc2.41,3.13.5,100,3,leitura,10.31063,9698.7284
Linux,Linux-6.12.111+deb13-amd64-x86_64-with-glibc2.41,3.13.5,100,3,liberacao,0.587144,170315.970188
Linux,Linux-6.12.111+deb13-amd64-x86_64-with-glibc2.41,3.13.5,100,4,alocacao,21.913807,4563.333062
Linux,Linux-6.12.111+deb13-amd64-x86_64-with-glibc2.41,3.13.5,100,4,escrita,15.106618,6619.615324
Linux,Linux-6.12.111+deb13-amd64-x86_64-with-glibc2.41,3.13.5,100,4,leitura,10.195407,9808.338206
Linux,Linux-6.12.111+deb13-amd64-x86_64-with-glibc2.41,3.13.5,100,4,liberacao,0.622084,160749.995178
Linux,Linux-6.12.111+deb13-amd64-x86_64-with-glibc2.41,3.13.5,100,5,alocacao,21.570376,4635.987801
Linux,Linux-6.12.111+deb13-amd64-x86_64-with-glibc2.41,3.13.5,100,5,escrita,15.179787,6587.707719
Linux,Linux-6.12.111+deb13-amd64-x86_64-with-glibc2.41,3.13.5,100,5,leitura,10.007854,9992.152164
Linux,Linux-6.12.111+deb13-amd64-x86_64-with-glibc2.41,3.13.5,100,5,liberacao,0.543155,184109.508336
Linux,Linux-6.12.111+deb13-amd64-x86_64-with-glibc2.41,3.13.5,100,6,alocacao,21.894028,4567.455564
Linux,Linux-6.12.111+deb13-amd64-x86_64-with-glibc2.41,3.13.5,100,6,escrita,14.980456,6675.364221
Linux,Linux-6.12.111+deb13-amd64-x86_64-with-glibc2.41,3.13.5,100,6,leitura,10.739303,9311.591264
Linux,Linux-6.12.111+deb13-amd64-x86_64-with-glibc2.41,3.13.5,100,6,liberacao,0.541576,184646.291564
Linux,Linux-6.12.111+deb13-amd64-x86_64-with-glibc2.41,3.13.5,100,7,alocacao,21.474053,4656.782769
Linux,Linux-6.12.111+deb13-amd64-x86_64-with-glibc2.41,3.13.5,100,7,escrita,14.842355,6737.475286
Linux,Linux-6.12.111+deb13-amd64-x86_64-with-glibc2.41,3.13.5,100,7,leitura,9.606847,10409.242491
Linux,Linux-6.12.111+deb13-amd64-x86_64-with-glibc2.41,3.13.5,100,7,liberacao,0.529198,188965.188833
Linux,Linux-6.12.111+deb13-amd64-x86_64-with-glibc2.41,3.13.5,100,8,alocacao,21.14742,4728.709223
Linux,Linux-6.12.111+deb13-amd64-x86_64-with-glibc2.41,3.13.5,100,8,escrita,14.74436,6782.254367
Linux,Linux-6.12.111+deb13-amd64-x86_64-with-glibc2.41,3.13.5,100,8,leitura,9.471287,10558.227198
Linux,Linux-6.12.111+deb13-amd64-x86_64-with-glibc2.41,3.13.5,100,8,liberacao,0.550873,181530.04413
Linux,Linux-6.12.111+deb13-amd64-x86_64-with-glibc2.41,3.13.5,100,9,alocacao,21.048087,4751.025592
Linux,Linux-6.12.111+deb13-amd64-x86_64-with-glibc2.41,3.13.5,100,9,escrita,15.071547,6635.018953
Linux,Linux-6.12.111+deb13-amd64-x86_64-with-glibc2.41,3.13.5,100,9,leitura,9.960411,10039.746352
Linux,Linux-6.12.111+deb13-amd64-x86_64-with-glibc2.41,3.13.5,100,9,liberacao,0.56745,176226.980351
Linux,Linux-6.12.111+deb13-amd64-x86_64-with-glibc2.41,3.13.5,100,10,alocacao,21.282635,4698.666307
Linux,Linux-6.12.111+deb13-amd64-x86_64-with-glibc2.41,3.13.5,100,10,escrita,14.529761,6882.425664
Linux,Linux-6.12.111+deb13-amd64-x86_64-with-glibc2.41,3.13.5,100,10,leitura,9.849035,10153.278976
Linux,Linux-6.12.111+deb13-amd64-x86_64-with-glibc2.41,3.13.5,100,10,liberacao,0.516348,193667.83642
Linux,Linux-6.12.111+deb13-amd64-x86_64-with-glibc2.41,3.13.5,100,11,alocacao,21.115609,4735.833099
Linux,Linux-6.12.111+deb13-amd64-x86_64-with-glibc2.41,3.13.5,100,11,escrita,14.708002,6799.020016
Linux,Linux-6.12.111+deb13-amd64-x86_64-with-glibc2.41,3.13.5,100,11,leitura,9.554226,10466.572593
Linux,Linux-6.12.111+deb13-amd64-x86_64-with-glibc2.41,3.13.5,100,11,liberacao,0.51523,194088.077169
Linux,Linux-6.12.111+deb13-amd64-x86_64-with-glibc2.41,3.13.5,100,12,alocacao,21.021923,4756.938744
Linux,Linux-6.12.111+deb13-amd64-x86_64-with-glibc2.41,3.13.5,100,12,escrita,14.669215,6816.997365
Linux,Linux-6.12.111+deb13-amd64-x86_64-with-glibc2.41,3.13.5,100,12,leitura,9.191721,10879.355455
Linux,Linux-6.12.111+deb13-amd64-x86_64-with-glibc2.41,3.13.5,100,12,liberacao,0.522666,191326.774651
Linux,Linux-6.12.111+deb13-amd64-x86_64-with-glibc2.41,3.13.5,100,13,alocacao,21.011882,4759.211954
Linux,Linux-6.12.111+deb13-amd64-x86_64-with-glibc2.41,3.13.5,100,13,escrita,14.644595,6828.457871
Linux,Linux-6.12.111+deb13-amd64-x86_64-with-glibc2.41,3.13.5,100,13,leitura,9.189833,10881.590558
Linux,Linux-6.12.111+deb13-amd64-x86_64-with-glibc2.41,3.13.5,100,13,liberacao,0.495699,201735.327285
Linux,Linux-6.12.111+deb13-amd64-x86_64-with-glibc2.41,3.13.5,100,14,alocacao,21.028071,4755.547953
Linux,Linux-6.12.111+deb13-amd64-x86_64-with-glibc2.41,3.13.5,100,14,escrita,14.65983,6821.361503
Linux,Linux-6.12.111+deb13-amd64-x86_64-with-glibc2.41,3.13.5,100,14,leitura,9.332093,10715.709756
Linux,Linux-6.12.111+deb13-amd64-x86_64-with-glibc2.41,3.13.5,100,14,liberacao,0.49324,202741.059119
Linux,Linux-6.12.111+deb13-amd64-x86_64-with-glibc2.41,3.13.5,100,15,alocacao,21.429493,4666.465978
Linux,Linux-6.12.111+deb13-amd64-x86_64-with-glibc2.41,3.13.5,100,15,escrita,14.665964,6818.508487
Linux,Linux-6.12.111+deb13-amd64-x86_64-with-glibc2.41,3.13.5,100,15,leitura,9.26247,10796.25629
Linux,Linux-6.12.111+deb13-amd64-x86_64-with-glibc2.41,3.13.5,100,15,liberacao,0.497432,201032.502935
Linux,Linux-6.12.111+deb13-amd64-x86_64-with-glibc2.41,3.13.5,100,16,alocacao,21.454915,4660.936666
Linux,Linux-6.12.111+deb13-amd64-x86_64-with-glibc2.41,3.13.5,100,16,escrita,15.328896,6523.627011
Linux,Linux-6.12.111+deb13-amd64-x86_64-with-glibc2.41,3.13.5,100,16,leitura,9.327087,10721.461052
Linux,Linux-6.12.111+deb13-amd64-x86_64-with-glibc2.41,3.13.5,100,16,liberacao,0.53,188679.245283
Linux,Linux-6.12.111+deb13-amd64-x86_64-with-glibc2.41,3.13.5,100,17,alocacao,21.22478,4711.474041
Linux,Linux-6.12.111+deb13-amd64-x86_64-with-glibc2.41,3.13.5,100,17,escrita,14.556511,6869.778067
Linux,Linux-6.12.111+deb13-amd64-x86_64-with-glibc2.41,3.13.5,100,17,leitura,9.808029,10195.728418
Linux,Linux-6.12.111+deb13-amd64-x86_64-with-glibc2.41,3.13.5,100,17,liberacao,0.494693,202145.573113
Linux,Linux-6.12.111+deb13-amd64-x86_64-with-glibc2.41,3.13.5,100,18,alocacao,21.512271,4648.509681
Linux,Linux-6.12.111+deb13-amd64-x86_64-with-glibc2.41,3.13.5,100,18,escrita,14.793819,6759.579795
Linux,Linux-6.12.111+deb13-amd64-x86_64-with-glibc2.41,3.13.5,100,18,leitura,9.348726,10696.644655
Linux,Linux-6.12.111+deb13-amd64-x86_64-with-glibc2.41,3.13.5,100,18,liberacao,0.558742,178973.47971
Linux,Linux-6.12.111+deb13-amd64-x86_64-with-glibc2.41,3.13.5,100,19,alocacao,21.527445,4645.233097
Linux,Linux-6.12.111+deb13-amd64-x86_64-with-glibc2.41,3.13.5,100,19,escrita,14.702383,6801.618486
Linux,Linux-6.12.111+deb13-amd64-x86_64-with-glibc2.41,3.13.5,100,19,leitura,9.468881,10560.909996
Linux,Linux-6.12.111+deb13-amd64-x86_64-with-glibc2.41,3.13.5,100,19,liberacao,0.514056,194531.335107
Linux,Linux-6.12.111+deb13-amd64-x86_64-with-glibc2.41,3.13.5,100,20,alocacao,25.509062,3920.175505
Linux,Linux-6.12.111+deb13-amd64-x86_64-with-glibc2.41,3.13.5,100,20,escrita,15.675068,6379.557652
Linux,Linux-6.12.111+deb13-amd64-x86_64-with-glibc2.41,3.13.5,100,20,leitura,10.171574,9831.320108
Linux,Linux-6.12.111+deb13-amd64-x86_64-with-glibc2.41,3.13.5,100,20,liberacao,0.553878,180545.174208
Linux,Linux-6.12.111+deb13-amd64-x86_64-with-glibc2.41,3.13.5,100,21,alocacao,22.134842,4517.764346
Linux,Linux-6.12.111+deb13-amd64-x86_64-with-glibc2.41,3.13.5,100,21,escrita,15.091851,6626.092452
Linux,Linux-6.12.111+deb13-amd64-x86_64-with-glibc2.41,3.13.5,100,21,leitura,9.863603,10138.283141
Linux,Linux-6.12.111+deb13-amd64-x86_64-with-glibc2.41,3.13.5,100,21,liberacao,0.512937,194955.715809
Linux,Linux-6.12.111+deb13-amd64-x86_64-with-glibc2.41,3.13.5,100,22,alocacao,21.422145,4668.06662
Linux,Linux-6.12.111+deb13-amd64-x86_64-with-glibc2.41,3.13.5,100,22,escrita,15.121294,6613.190644
Linux,Linux-6.12.111+deb13-amd64-x86_64-with-glibc2.41,3.13.5,100,22,leitura,9.633242,10380.721257
Linux,Linux-6.12.111+deb13-amd64-x86_64-with-glibc2.41,3.13.5,100,22,liberacao,0.511211,195613.944144
Linux,Linux-6.12.111+deb13-amd64-x86_64-with-glibc2.41,3.13.5,100,23,alocacao,21.309681,4692.702814
Linux,Linux-6.12.111+deb13-amd64-x86_64-with-glibc2.41,3.13.5,100,23,escrita,15.23272,6564.815739
Linux,Linux-6.12.111+deb13-amd64-x86_64-with-glibc2.41,3.13.5,100,23,leitura,9.535917,10486.668456
Linux,Linux-6.12.111+deb13-amd64-x86_64-with-glibc2.41,3.13.5,100,23,liberacao,0.496013,201607.619155
Linux,Linux-6.12.111+deb13-amd64-x86_64-with-glibc2.41,3.13.5,100,24,alocacao,20.888949,4787.220267
Linux,Linux-6.12.111+deb13-amd64-x86_64-with-glibc2.41,3.13.5,100,24,escrita,14.67832,6812.768764
Linux,Linux-6.12.111+deb13-amd64-x86_64-with-glibc2.41,3.13.5,100,24,leitura,9.405093,10632.537073
Linux,Linux-6.12.111+deb13-amd64-x86_64-with-glibc2.41,3.13.5,100,24,liberacao,0.496014,201607.2127
Linux,Linux-6.12.111+deb13-amd64-x86_64-with-glibc2.41,3.13.5,100,25,alocacao,21.158575,4726.216203
Linux,Linux-6.12.111+deb13-amd64-x86_64-with-glibc2.41,3.13.5,100,25,escrita,14.760284,6774.937393
Linux,Linux-6.12.111+deb13-amd64-x86_64-with-glibc2.41,3.13.5,100,25,leitura,9.643957,10369.187669
Linux,Linux-6.12.111+deb13-amd64-x86_64-with-glibc2.41,3.13.5,100,25,liberacao,0.496735,201314.584235
Linux,Linux-6.12.111+deb13-amd64-x86_64-with-glibc2.41,3.13.5,100,26,alocacao,21.012731,4759.019663
Linux,Linux-6.12.111+deb13-amd64-x86_64-with-glibc2.41,3.13.5,100,26,escrita,15.077665,6632.32669
Linux,Linux-6.12.111+deb13-amd64-x86_64-with-glibc2.41,3.13.5,100,26,leitura,9.247415,10813.832839
Linux,Linux-6.12.111+deb13-amd64-x86_64-with-glibc2.41,3.13.5,100,26,liberacao,0.499284,200286.810713
Linux,Linux-6.12.111+deb13-amd64-x86_64-with-glibc2.41,3.13.5,100,27,alocacao,21.029479,4755.229552
Linux,Linux-6.12.111+deb13-amd64-x86_64-with-glibc2.41,3.13.5,100,27,escrita,14.680093,6811.945946
Linux,Linux-6.12.111+deb13-amd64-x86_64-with-glibc2.41,3.13.5,100,27,leitura,9.269184,10788.436177
Linux,Linux-6.12.111+deb13-amd64-x86_64-with-glibc2.41,3.13.5,100,27,liberacao,0.497006,201204.814429
Linux,Linux-6.12.111+deb13-amd64-x86_64-with-glibc2.41,3.13.5,100,28,alocacao,20.908097,4782.836047
Linux,Linux-6.12.111+deb13-amd64-x86_64-with-glibc2.41,3.13.5,100,28,escrita,14.884467,6718.413229
Linux,Linux-6.12.111+deb13-amd64-x86_64-with-glibc2.41,3.13.5,100,28,leitura,9.448231,10583.99186
Linux,Linux-6.12.111+deb13-amd64-x86_64-with-glibc2.41,3.13.5,100,28,liberacao,0.498267,200695.610988
Linux,Linux-6.12.111+deb13-amd64-x86_64-with-glibc2.41,3.13.5,100,29,alocacao,21.075204,4744.912552
Linux,Linux-6.12.111+deb13-amd64-x86_64-with-glibc2.41,3.13.5,100,29,escrita,14.756244,6776.792251
Linux,Linux-6.12.111+deb13-amd64-x86_64-with-glibc2.41,3.13.5,100,29,leitura,9.250386,10810.359697
Linux,Linux-6.12.111+deb13-amd64-x86_64-with-glibc2.41,3.13.5,100,29,liberacao,0.496644,201351.471074
Linux,Linux-6.12.111+deb13-amd64-x86_64-with-glibc2.41,3.13.5,100,30,alocacao,22.848928,4376.57294
Linux,Linux-6.12.111+deb13-amd64-x86_64-with-glibc2.41,3.13.5,100,30,escrita,15.503357,6450.215911
Linux,Linux-6.12.111+deb13-amd64-x86_64-with-glibc2.41,3.13.5,100,30,leitura,9.973292,10026.779523
Linux,Linux-6.12.111+deb13-amd64-x86_64-with-glibc2.41,3.13.5,100,30,liberacao,0.5782,172950.536147
Linux,Linux-6.12.111+deb13-amd64-x86_64-with-glibc2.41,3.13.5,100,31,alocacao,21.753588,4596.942812
Linux,Linux-6.12.111+deb13-amd64-x86_64-with-glibc2.41,3.13.5,100,31,escrita,15.132689,6608.210874
Linux,Linux-6.12.111+deb13-amd64-x86_64-with-glibc2.41,3.13.5,100,31,leitura,9.606818,10409.273914
Linux,Linux-6.12.111+deb13-amd64-x86_64-with-glibc2.41,3.13.5,100,31,liberacao,0.504991,198023.331109
Linux,Linux-6.12.111+deb13-amd64-x86_64-with-glibc2.41,3.13.5,100,32,alocacao,21.978387,4549.924433
Linux,Linux-6.12.111+deb13-amd64-x86_64-with-glibc2.41,3.13.5,100,32,escrita,16.068821,6223.231935
Linux,Linux-6.12.111+deb13-amd64-x86_64-with-glibc2.41,3.13.5,100,32,leitura,9.702964,10306.129137
Linux,Linux-6.12.111+deb13-amd64-x86_64-with-glibc2.41,3.13.5,100,32,liberacao,0.762885,131081.355643
Linux,Linux-6.12.111+deb13-amd64-x86_64-with-glibc2.41,3.13.5,100,33,alocacao,21.492862,4652.70749
Linux,Linux-6.12.111+deb13-amd64-x86_64-with-glibc2.41,3.13.5,100,33,escrita,15.318238,6528.165968
Linux,Linux-6.12.111+deb13-amd64-x86_64-with-glibc2.41,3.13.5,100,33,leitura,10.338683,9672.411854
Linux,Linux-6.12.111+deb13-amd64-x86_64-with-glibc2.41,3.13.5,100,33,liberacao,0.500876,199650.212827
Linux,Linux-6.12.111+deb13-amd64-x86_64-with-glibc2.41,3.13.5,100,34,alocacao,24.085773,4151.82855
Linux,Linux-6.12.111+deb13-amd64-x86_64-with-glibc2.41,3.13.5,100,34,escrita,15.854963,6307.173344
Linux,Linux-6.12.111+deb13-amd64-x86_64-with-glibc2.41,3.13.5,100,34,leitura,9.959352,10040.8139
Linux,Linux-6.12.111+deb13-amd64-x86_64-with-glibc2.41,3.13.5,100,34,liberacao,0.536394,186430.124125
Linux,Linux-6.12.111+deb13-amd64-x86_64-with-glibc2.41,3.13.5,100,35,alocacao,21.709995,4606.173332
Linux,Linux-6.12.111+deb13-amd64-x86_64-with-glibc2.41,3.13.5,100,35,escrita,15.215351,6572.309768
Linux,Linux-6.12.111+deb13-amd64-x86_64-with-glibc2.41,3.13.5,100,35,leitura,9.498664,10527.79633
Linux,Linux-6.12.111+deb13-amd64-x86_64-with-glibc2.41,3.13.5,100,35,liberacao,0.505183,197948.070303
Linux,Linux-6.12.111+deb13-amd64-x86_64-with-glibc2.41,3.13.5,100,36,alocacao,21.455673,4660.772002
Linux,Linux-6.12.111+deb13-amd64-x86_64-with-glibc2.41,3.13.5,100,36,escrita,15.274541,6546.841571
Linux,Linux-6.12.111+deb13-amd64-x86_64-with-glibc2.41,3.13.5,100,36,leitura,9.97861,10021.435851
Linux,Linux-6.12.111+deb13-amd64-x86_64-with-glibc2.41,3.13.5,100,36,liberacao,0.561468,178104.540241
Linux,Linux-6.12.111+deb13-amd64-x86_64-with-glibc2.41,3.13.5,100,37,alocacao,21.354868,4682.773033
Linux,Linux-6.12.111+deb13-amd64-x86_64-with-glibc2.41,3.13.5,100,37,escrita,14.980669,6675.269309
Linux,Linux-6.12.111+deb13-amd64-x86_64-with-glibc2.41,3.13.5,100,37,leitura,9.436186,10597.501999
Linux,Linux-6.12.111+deb13-amd64-x86_64-with-glibc2.41,3.13.5,100,37,liberacao,0.599699,166750.319744
Linux,Linux-6.12.111+deb13-amd64-x86_64-with-glibc2.41,3.13.5,100,38,alocacao,21.108931,4737.331322
Linux,Linux-6.12.111+deb13-amd64-x86_64-with-glibc2.41,3.13.5,100,38,escrita,14.784787,6763.70921
Linux,Linux-6.12.111+deb13-amd64-x86_64-with-glibc2.41,3.13.5,100,38,leitura,9.56807,10451.428554
Linux,Linux-6.12.111+deb13-amd64-x86_64-with-glibc2.41,3.13.5,100,38,liberacao,0.501605,199360.054226
Linux,Linux-6.12.111+deb13-amd64-x86_64-with-glibc2.41,3.13.5,100,39,alocacao,21.359685,4681.716982
Linux,Linux-6.12.111+deb13-amd64-x86_64-with-glibc2.41,3.13.5,100,39,escrita,14.859241,6729.818838
Linux,Linux-6.12.111+deb13-amd64-x86_64-with-glibc2.41,3.13.5,100,39,leitura,9.204327,10864.455381
Linux,Linux-6.12.111+deb13-amd64-x86_64-with-glibc2.41,3.13.5,100,39,liberacao,0.546984,182820.704079
Linux,Linux-6.12.111+deb13-amd64-x86_64-with-glibc2.41,3.13.5,100,40,alocacao,21.052302,4750.074362
Linux,Linux-6.12.111+deb13-amd64-x86_64-with-glibc2.41,3.13.5,100,40,escrita,19.833448,5041.987656
Linux,Linux-6.12.111+deb13-amd64-x86_64-with-glibc2.41,3.13.5,100,40,leitura,10.904493,9170.531817
Linux,Linux-6.12.111+deb13-amd64-x86_64-with-glibc2.41,3.13.5,100,40,liberacao,0.557419,179398.262348
Linux,Linux-6.12.111+deb13-amd64-x86_64-with-glibc2.41,3.13.5,100,41,alocacao,21.890577,4568.175613
Linux,Linux-6.12.111+deb13-amd64-x86_64-with-glibc2.41,3.13.5,100,41,escrita,15.162068,6595.406379
Linux,Linux-6.12.111+deb13-amd64-x86_64-with-glibc2.41,3.13.5,100,41,leitura,9.738577,10268.440656
Linux,Linux-6.12.111+deb13-amd64-x86_64-with-glibc2.41,3.13.5,100,41,liberacao,0.509509,196267.386837
Linux,Linux-6.12.111+deb13-amd64-x86_64-with-glibc2.41,3.13.5,100,42,alocacao,21.429283,4666.511707
Linux,Linux-6.12.111+deb13-amd64-x86_64-with-glibc2.41,3.13.5,100,42,escrita,15.513051,6446.185215
Linux,Linux-6.12.111+deb13-amd64-x86_64-with-glibc2.41,3.13.5,100,42,leitura,9.860298,10141.681316
Linux,Linux-6.12.111+deb13-amd64-x86_64-with-glibc2.41,3.13.5,100,42,liberacao,0.525509,190291.698144
Linux,Linux-6.12.111+deb13-amd64-x86_64-with-glibc2.41,3.13.5,100,43,alocacao,21.363952,4680.781908
Linux,Linux-6.12.111+deb13-amd64-x86_64-with-glibc2.41,3.13.5,100,43,escrita,15.129049,6609.800788
Linux,Linux-6.12.111+deb13-amd64-x86_64-with-glibc2.41,3.13.5,100,43,leitura,9.705373,10303.571022
Linux,Linux-6.12.111+deb13-amd64-x86_64-with-glibc2.41,3.13.5,100,43,liberacao,0.581954,171834.887293
Linux,Linux-6.12.111+deb13-amd64-x86_64-with-glibc2.41,3.13.5,100,44,alocacao,21.810854,4584.873201
Linux,Linux-6.12.111+deb13-amd64-x86_64-with-glibc2.41,3.13.5,100,44,escrita,14.981633,6674.839785
Linux,Linux-6.12.111+deb13-amd64-x86_64-with-glibc2.41,3.13.5,100,44,leitura,9.398579,10639.906309
Linux,Linux-6.12.111+deb13-amd64-x86_64-with-glibc2.41,3.13.5,100,44,liberacao,0.49793,200831.442171
Linux,Linux-6.12.111+deb13-amd64-x86_64-with-glibc2.41,3.13.5,100,45,alocacao,20.999303,4762.062817
Linux,Linux-6.12.111+deb13-amd64-x86_64-with-glibc2.41,3.13.5,100,45,escrita,15.117583,6614.814022
Linux,Linux-6.12.111+deb13-amd64-x86_64-with-glibc2.41,3.13.5,100,45,leitura,9.91739,10083.298126
Linux,Linux-6.12.111+deb13-amd64-x86_64-with-glibc2.41,3.13.5,100,45,liberacao,0.534097,187231.907313
Linux,Linux-6.12.111+deb13-amd64-x86_64-with-glibc2.41,3.13.5,100,46,alocacao,20.855786,4794.832475
Linux,Linux-6.12.111+deb13-amd64-x86_64-with-glibc2.41,3.13.5,100,46,escrita,14.890031,6715.902741
Linux,Linux-6.12.111+deb13-amd64-x86_64-with-glibc2.41,3.13.5,100,46,leitura,9.354084,10690.517639
Linux,Linux-6.12.111+deb13-amd64-x86_64-with-glibc2.41,3.13.5,100,46,liberacao,0.495406,201854.640436
Linux,Linux-6.12.111+deb13-amd64-x86_64-with-glibc2.41,3.13.5,100,47,alocacao,21.089304,4741.740173
Linux,Linux-6.12.111+deb13-amd64-x86_64-with-glibc2.41,3.13.5,100,47,escrita,14.645563,6828.006544
Linux,Linux-6.12.111+deb13-amd64-x86_64-with-glibc2.41,3.13.5,100,47,leitura,9.337138,10709.919892
Linux,Linux-6.12.111+deb13-amd64-x86_64-with-glibc2.41,3.13.5,100,47,liberacao,0.497501,201004.621096
Linux,Linux-6.12.111+deb13-amd64-x86_64-with-glibc2.41,3.13.5,100,48,alocacao,20.735809,4822.575285
Linux,Linux-6.12.111+deb13-amd64-x86_64-with-glibc2.41,3.13.5,100,48,escrita,14.75165,6778.902699
Linux,Linux-6.12.111+deb13-amd64-x86_64-with-glibc2.41,3.13.5,100,48,leitura,9.436146,10597.546922
Linux,Linux-6.12.111+deb13-amd64-x86_64-with-glibc2.41,3.13.5,100,48,liberacao,0.495388,201861.974856
Linux,Linux-6.12.111+deb13-amd64-x86_64-with-glibc2.41,3.13.5,100,49,alocacao,21.440431,4664.085344
Linux,Linux-6.12.111+deb13-amd64-x86_64-with-glibc2.41,3.13.5,100,49,escrita,14.674463,6814.559415
Linux,Linux-6.12.111+deb13-amd64-x86_64-with-glibc2.41,3.13.5,100,49,leitura,9.549021,10472.277734
Linux,Linux-6.12.111+deb13-amd64-x86_64-with-glibc2.41,3.13.5,100,49,liberacao,0.503891,198455.618378
Linux,Linux-6.12.111+deb13-amd64-x86_64-with-glibc2.41,3.13.5,100,50,alocacao,20.860138,4793.832141
Linux,Linux-6.12.111+deb13-amd64-x86_64-with-glibc2.41,3.13.5,100,50,escrita,14.689383,6807.63787
Linux,Linux-6.12.111+deb13-amd64-x86_64-with-glibc2.41,3.13.5,100,50,leitura,9.623753,10390.956626
Linux,Linux-6.12.111+deb13-amd64-x86_64-with-glibc2.41,3.13.5,100,50,liberacao,0.553828,180561.473959
Linux,Linux-6.12.111+deb13-amd64-x86_64-with-glibc2.41,3.13.5,100,51,alocacao,20.970557,4768.590553
Linux,Linux-6.12.111+deb13-amd64-x86_64-with-glibc2.41,3.13.5,100,51,escrita,14.881759,6719.635763
Linux,Linux-6.12.111+deb13-amd64-x86_64-with-glibc2.41,3.13.5,100,51,leitura,9.389219,10650.513104
Linux,Linux-6.12.111+deb13-amd64-x86_64-with-glibc2.41,3.13.5,100,51,liberacao,0.496926,201237.206345
Linux,Linux-6.12.111+deb13-amd64-x86_64-with-glibc2.41,3.13.5,100,52,alocacao,21.111843,4736.677892
Linux,Linux-6.12.111+deb13-amd64-x86_64-with-glibc2.41,3.13.5,100,52,escrita,14.760442,6774.864872
Linux,Linux-6.12.111+deb13-amd64-x86_64-with-glibc2.41,3.13.5,100,52,leitura,9.257912,10801.571672
Linux,Linux-6.12.111+deb13-amd64-x86_64-with-glibc2.41,3.13.5,100,52,liberacao,0.495868,201666.572556
Linux,Linux-6.12.111+deb13-amd64-x86_64-with-glibc2.41,3.13.5,100,53,alocacao,20.764894,4815.820394
Linux,Linux-6.12.111+deb13-amd64-x86_64-with-glibc2.41,3.13.5,100,53,escrita,15.499031,6452.016258
Linux,Linux-6.12.111+deb13-amd64-x86_64-with-glibc2.41,3.13.5,100,53,leitura,10.435328,9582.832471
Linux,Linux-6.12.111+deb13-amd64-x86_64-with-glibc2.41,3.13.5,100,53,liberacao,0.493884,202476.694932
Linux,Linux-6.12.111+deb13-amd64-x86_64-with-glibc2.41,3.13.5,100,54,alocacao,22.509856,4442.498433
Linux,Linux-6.12.111+deb13-amd64-x86_64-with-glibc2.41,3.13.5,100,54,escrita,14.796435,6758.384706
Linux,Linux-6.12.111+deb13-amd64-x86_64-with-glibc2.41,3.13.5,100,54,leitura,9.283823,10771.42466
Linux,Linux-6.12.111+deb13-amd64-x86_64-with-glibc2.41,3.13.5,100,54,liberacao,0.500176,199929.624772
Linux,Linux-6.12.111+deb13-amd64-x86_64-with-glibc2.41,3.13.5,100,55,alocacao,21.011524,4759.293043
Linux,Linux-6.12.111+deb13-amd64-x86_64-with-glibc2.41,3.13.5,100,55,escrita,14.708087,6798.980724
Linux,Linux-6.12.111+deb13-amd64-x86_64-with-glibc2.41,3.13.5,100,55,leitura,9.081572,11011.309496
Linux,Linux-6.12.111+deb13-amd64-x86_64-with-glibc2.41,3.13.5,100,55,liberacao,0.49524,201922.300299
Linux,Linux-6.12.111+deb13-amd64-x86_64-with-glibc2.41,3.13.5,100,56,alocacao,21.33318,4687.533692
Linux,Linux-6.12.111+deb13-amd64-x86_64-with-glibc2.41,3.13.5,100,56,escrita,14.96231,6683.459974
Linux,Linux-6.12.111+deb13-amd64-x86_64-with-glibc2.41,3.13.5,100,56,leitura,9.19869,10871.113169
Linux,Linux-6.12.111+deb13-amd64-x86_64-with-glibc2.41,3.13.5,100,56,liberacao,0.496808,201285.003462
Linux,Linux-6.12.111+deb13-amd64-x86_64-with-glibc2.41,3.13.5,100,57,alocacao,21.040052,4752.839964
Linux,Linux-6.12.111+deb13-amd64-x86_64-with-glibc2.41,3.13.5,100,57,escrita,14.927014,6699.263496
Linux,Linux-6.12.111+deb13-amd64-x86_64-with-glibc2.41,3.13.5,100,57,leitura,9.288773,10765.684553
Linux,Linux-6.12.111+deb13-amd64-x86_64-with-glibc2.41,3.13.5,100,57,liberacao,0.49849,200605.829605
Linux,Linux-6.12.111+deb13-amd64-x86_64-with-glibc2.41,3.13.5,100,58,alocacao,20.798285,4808.088744
Linux,Linux-6.12.111+deb13-amd64-x86_64-with-glibc2.41,3.13.5,100,58,escrita,14.794793,6759.134785
Linux,Linux-6.12.111+deb13-amd64-x86_64-with-glibc2.41,3.13.5,100,58,leitura,9.301538,10750.910226
Linux,Linux-6.12.111+deb13-amd64-x86_64-with-glibc2.41,3.13.5,100,58,liberacao,0.494512,202219.561912
Linux,Linux-6.12.111+deb13-amd64-x86_64-with-glibc2.41,3.13.5,100,59,alocacao,21.152134,4727.655375
Linux,Linux-6.12.111+deb13-amd64-x86_64-with-glibc2.41,3.13.5,100,59,escrita,15.080586,6631.042056
Linux,Linux-6.12.111+deb13-amd64-x86_64-with-glibc2.41,3.13.5,100,59,leitura,9.406119,10631.377298
Linux,Linux-6.12.111+deb13-amd64-x86_64-with-glibc2.41,3.13.5,100,59,liberacao,0.499754,200098.448437
Linux,Linux-6.12.111+deb13-amd64-x86_64-with-glibc2.41,3.13.5,100,60,alocacao,21.884113,4569.524933
Linux,Linux-6.12.111+deb13-amd64-x86_64-with-glibc2.41,3.13.5,100,60,escrita,14.846351,6735.661847
Linux,Linux-6.12.111+deb13-amd64-x86_64-with-glibc2.41,3.13.5,100,60,leitura,9.236399,10826.730201
Linux,Linux-6.12.111+deb13-amd64-x86_64-with-glibc2.41,3.13.5,100,60,liberacao,0.498177,200731.868392
Linux,Linux-6.12.111+deb13-amd64-x86_64-with-glibc2.41,3.13.5,100,61,alocacao,26.279949,3805.182423
Linux,Linux-6.12.111+deb13-amd64-x86_64-with-glibc2.41,3.13.5,100,61,escrita,15.704038,6367.788972
Linux,Linux-6.12.111+deb13-amd64-x86_64-with-glibc2.41,3.13.5,100,61,leitura,9.751006,10255.352114
Linux,Linux-6.12.111+deb13-amd64-x86_64-with-glibc2.41,3.13.5,100,61,liberacao,0.599344,166849.088337
Linux,Linux-6.12.111+deb13-amd64-x86_64-with-glibc2.41,3.13.5,100,62,alocacao,21.789856,4589.291457
Linux,Linux-6.12.111+deb13-amd64-x86_64-with-glibc2.41,3.13.5,100,62,escrita,15.088351,6627.629487
Linux,Linux-6.12.111+deb13-amd64-x86_64-with-glibc2.41,3.13.5,100,62,leitura,9.511927,10513.116848
Linux,Linux-6.12.111+deb13-amd64-x86_64-with-glibc2.41,3.13.5,100,62,liberacao,0.507398,197083.945936
Linux,Linux-6.12.111+deb13-amd64-x86_64-with-glibc2.41,3.13.5,100,63,alocacao,21.359182,4681.827235
Linux,Linux-6.12.111+deb13-amd64-x86_64-with-glibc2.41,3.13.5,100,63,escrita,15.006637,6663.718193
Linux,Linux-6.12.111+deb13-amd64-x86_64-with-glibc2.41,3.13.5,100,63,leitura,9.687484,10322.597694
Linux,Linux-6.12.111+deb13-amd64-x86_64-with-glibc2.41,3.13.5,100,63,liberacao,0.504711,198133.189092
Linux,Linux-6.12.111+deb13-amd64-x86_64-with-glibc2.41,3.13.5,100,64,alocacao,21.080803,4743.652317
Linux,Linux-6.12.111+deb13-amd64-x86_64-with-glibc2.41,3.13.5,100,64,escrita,15.22121,6569.779932
Linux,Linux-6.12.111+deb13-amd64-x86_64-with-glibc2.41,3.13.5,100,64,leitura,9.293365,10760.365056
Linux,Linux-6.12.111+deb13-amd64-x86_64-with-glibc2.41,3.13.5,100,64,liberacao,0.507507,197041.61716
Linux,Linux-6.12.111+deb13-amd64-x86_64-with-glibc2.41,3.13.5,100,65,alocacao,21.127823,4733.095312
Linux,Linux-6.12.111+deb13-amd64-x86_64-with-glibc2.41,3.13.5,100,65,escrita,15.057426,6641.241338
Linux,Linux-6.12.111+deb13-amd64-x86_64-with-glibc2.41,3.13.5,100,65,leitura,9.445618,10586.919776
Linux,Linux-6.12.111+deb13-amd64-x86_64-with-glibc2.41,3.13.5,100,65,liberacao,0.500789,199684.897232
Linux,Linux-6.12.111+deb13-amd64-x86_64-with-glibc2.41,3.13.5,100,66,alocacao,21.566367,4636.849591
Linux,Linux-6.12.111+deb13-amd64-x86_64-with-glibc2.41,3.13.5,100,66,escrita,15.390123,6497.673865
Linux,Linux-6.12.111+deb13-amd64-x86_64-with-glibc2.41,3.13.5,100,66,leitura,9.391969,10647.394599
Linux,Linux-6.12.111+deb13-amd64-x86_64-with-glibc2.41,3.13.5,100,66,liberacao,0.499382,200247.505917
Linux,Linux-6.12.111+deb13-amd64-x86_64-with-glibc2.41,3.13.5,100,67,alocacao,22.641451,4416.678065
Linux,Linux-6.12.111+deb13-amd64-x86_64-with-glibc2.41,3.13.5,100,67,escrita,15.603073,6408.993921
Linux,Linux-6.12.111+deb13-amd64-x86_64-with-glibc2.41,3.13.5,100,67,leitura,9.628395,10385.946983
Linux,Linux-6.12.111+deb13-amd64-x86_64-with-glibc2.41,3.13.5,100,67,liberacao,0.516413,193643.459789
Linux,Linux-6.12.111+deb13-amd64-x86_64-with-glibc2.41,3.13.5,100,68,alocacao,21.263556,4702.882246
Linux,Linux-6.12.111+deb13-amd64-x86_64-with-glibc2.41,3.13.5,100,68,escrita,15.194623,6581.275495
Linux,Linux-6.12.111+deb13-amd64-x86_64-with-glibc2.41,3.13.5,100,68,leitura,9.57778,10440.832844
Linux,Linux-6.12.111+deb13-amd64-x86_64-with-glibc2.41,3.13.5,100,68,liberacao,0.501422,199432.81308
Linux,Linux-6.12.111+deb13-amd64-x86_64-with-glibc2.41,3.13.5,100,69,alocacao,22.312768,4481.738886
Linux,Linux-6.12.111+deb13-amd64-x86_64-with-glibc2.41,3.13.5,100,69,escrita,15.341957,6518.073281
Linux,Linux-6.12.111+deb13-amd64-x86_64-with-glibc2.41,3.13.5,100,69,leitura,9.70661,10302.257946
Linux,Linux-6.12.111+deb13-amd64-x86_64-with-glibc2.41,3.13.5,100,69,liberacao,0.510129,196028.847605
Linux,Linux-6.12.111+deb13-amd64-x86_64-with-glibc2.41,3.13.5,100,70,alocacao,21.351104,4683.598562
Linux,Linux-6.12.111+deb13-amd64-x86_64-with-glibc2.41,3.13.5,100,70,escrita,15.108514,6618.784614
Linux,Linux-6.12.111+deb13-amd64-x86_64-with-glibc2.41,3.13.5,100,70,leitura,9.476046,10552.924711
Linux,Linux-6.12.111+deb13-amd64-x86_64-with-glibc2.41,3.13.5,100,70,liberacao,0.532157,187914.46885
Linux,Linux-6.12.111+deb13-amd64-x86_64-with-glibc2.41,3.13.5,100,71,alocacao,21.262076,4703.209602
Linux,Linux-6.12.111+deb13-amd64-x86_64-with-glibc2.41,3.13.5,100,71,escrita,15.414086,6487.572471
Linux,Linux-6.12.111+deb13-amd64-x86_64-with-glibc2.41,3.13.5,100,71,leitura,9.665838,10345.714464
Linux,Linux-6.12.111+deb13-amd64-x86_64-with-glibc2.41,3.13.5,100,71,liberacao,0.508968,196476.00635
Linux,Linux-6.12.111+deb13-amd64-x86_64-with-glibc2.41,3.13.5,100,72,alocacao,22.211324,4502.207973
Linux,Linux-6.12.111+deb13-amd64-x86_64-with-glibc2.41,3.13.5,100,72,escrita,15.026889,6654.737384
Linux,Linux-6.12.111+deb13-amd64-x86_64-with-glibc2.41,3.13.5,100,72,leitura,9.431369,10602.914593
Linux,Linux-6.12.111+deb13-amd64-x86_64-with-glibc2.41,3.13.5,100,72,liberacao,0.500782,199687.688455
Linux,Linux-6.12.111+deb13-amd64-x86_64-with-glibc2.41,3.13.5,100,73,alocacao,20.846852,4796.887319
Linux,Linux-6.12.111+deb13-amd64-x86_64-with-glibc2.41,3.13.5,100,73,escrita,14.714321,6796.100207
Linux,Linux-6.12.111+deb13-amd64-x86_64-with-glibc2.41,3.13.5,100,73,leitura,9.360163,10683.574634
Linux,Linux-6.12.111+deb13-amd64-x86_64-with-glibc2.41,3.13.5,100,73,liberacao,0.494532,202211.383692
Linux,Linux-6.12.111+deb13-amd64-x86_64-with-glibc2.41,3.13.5,100,74,alocacao,23.765454,4207.78833
Linux,Linux-6.12.111+deb13-amd64-x86_64-with-glibc2.41,3.13.5,100,74,escrita,14.818822,6748.17472
Linux,Linux-6.12.111+deb13-amd64-x86_64-with-glibc2.41,3.13.5,100,74,leitura,9.660196,10351.756838
Linux,Linux-6.12.111+deb13-amd64-x86_64-with-glibc2.41,3.13.5,100,74,liberacao,0.512572,195094.542815
Linux,Linux-6.12.111+deb13-amd64-x86_64-with-glibc2.41,3.13.5,100,75,alocacao,21.32587,4689.140466
Linux,Linux-6.12.111+deb13-amd64-x86_64-with-glibc2.41,3.13.5,100,75,escrita,14.853775,6732.295326
Linux,Linux-6.12.111+deb13-amd64-x86_64-with-glibc2.41,3.13.5,100,75,leitura,9.497123,10529.504567
Linux,Linux-6.12.111+deb13-amd64-x86_64-with-glibc2.41,3.13.5,100,75,liberacao,0.507186,197166.325569
Linux,Linux-6.12.111+deb13-amd64-x86_64-with-glibc2.41,3.13.5,100,76,alocacao,22.546955,4435.188698
Linux,Linux-6.12.111+deb13-amd64-x86_64-with-glibc2.41,3.13.5,100,76,escrita,15.448001,6473.329462
Linux,Linux-6.12.111+deb13-amd64-x86_64-with-glibc2.41,3.13.5,100,76,leitura,9.553023,10467.890635
Linux,Linux-6.12.111+deb13-amd64-x86_64-with-glibc2.41,3.13.5,100,76,liberacao,0.498515,200595.769435
Linux,Linux-6.12.111+deb13-amd64-x86_64-with-glibc2.41,3.13.5,100,77,alocacao,21.006017,4760.540754
Linux,Linux-6.12.111+deb13-amd64-x86_64-with-glibc2.41,3.13.5,100,77,escrita,15.26673,6550.191167
Linux,Linux-6.12.111+deb13-amd64-x86_64-with-glibc2.41,3.13.5,100,77,leitura,10.079795,9920.836684
Linux,Linux-6.12.111+deb13-amd64-x86_64-with-glibc2.41,3.13.5,100,77,liberacao,0.506107,197586.676335
Linux,Linux-6.12.111+deb13-amd64-x86_64-with-glibc2.41,3.13.5,100,78,alocacao,20.821477,4802.733255
Linux,Linux-6.12.111+deb13-amd64-x86_64-with-glibc2.41,3.13.5,100,78,escrita,14.979889,6675.616889
Linux,Linux-6.12.111+deb13-amd64-x86_64-with-glibc2.41,3.13.5,100,78,leitura,9.392479,10646.816458
Linux,Linux-6.12.111+deb13-amd64-x86_64-with-glibc2.41,3.13.5,100,78,liberacao,0.562218,177866.948408
Linux,Linux-6.12.111+deb13-amd64-x86_64-with-glibc2.41,3.13.5,100,79,alocacao,21.035379,4753.895806
Linux,Linux-6.12.111+deb13-amd64-x86_64-with-glibc2.41,3.13.5,100,79,escrita,14.485956,6903.237867
Linux,Linux-6.12.111+deb13-amd64-x86_64-with-glibc2.41,3.13.5,100,79,leitura,9.492155,10535.015494
Linux,Linux-6.12.111+deb13-amd64-x86_64-with-glibc2.41,3.13.5,100,79,liberacao,0.497673,200935.152198
Linux,Linux-6.12.111+deb13-amd64-x86_64-with-glibc2.41,3.13.5,100,80,alocacao,20.805488,4806.424151
Linux,Linux-6.12.111+deb13-amd64-x86_64-with-glibc2.41,3.13.5,100,80,escrita,15.097584,6623.576329
Linux,Linux-6.12.111+deb13-amd64-x86_64-with-glibc2.41,3.13.5,100,80,leitura,9.645282,10367.763224
Linux,Linux-6.12.111+deb13-amd64-x86_64-with-glibc2.41,3.13.5,100,80,liberacao,0.542522,184324.322332
Linux,Linux-6.12.111+deb13-amd64-x86_64-with-glibc2.41,3.13.5,100,81,alocacao,20.657899,4840.763332
Linux,Linux-6.12.111+deb13-amd64-x86_64-with-glibc2.41,3.13.5,100,81,escrita,18.284869,5469.002813
Linux,Linux-6.12.111+deb13-amd64-x86_64-with-glibc2.41,3.13.5,100,81,leitura,10.879813,9191.334447
Linux,Linux-6.12.111+deb13-amd64-x86_64-with-glibc2.41,3.13.5,100,81,liberacao,0.612564,163248.248346
Linux,Linux-6.12.111+deb13-amd64-x86_64-with-glibc2.41,3.13.5,100,82,alocacao,21.965805,4552.530627
Linux,Linux-6.12.111+deb13-amd64-x86_64-with-glibc2.41,3.13.5,100,82,escrita,15.269625,6548.949303
Linux,Linux-6.12.111+deb13-amd64-x86_64-with-glibc2.41,3.13.5,100,82,leitura,9.708121,10300.654473
Linux,Linux-6.12.111+deb13-amd64-x86_64-with-glibc2.41,3.13.5,100,82,liberacao,0.500229,199908.441934
Linux,Linux-6.12.111+deb13-amd64-x86_64-with-glibc2.41,3.13.5,100,83,alocacao,23.486175,4257.824018
Linux,Linux-6.12.111+deb13-amd64-x86_64-with-glibc2.41,3.13.5,100,83,escrita,15.280911,6544.112455
Linux,Linux-6.12.111+deb13-amd64-x86_64-with-glibc2.41,3.13.5,100,83,leitura,9.651758,10360.806808
Linux,Linux-6.12.111+deb13-amd64-x86_64-with-glibc2.41,3.13.5,100,83,liberacao,0.522214,191492.376688
Linux,Linux-6.12.111+deb13-amd64-x86_64-with-glibc2.41,3.13.5,100,84,alocacao,22.226925,4499.047889
Linux,Linux-6.12.111+deb13-amd64-x86_64-with-glibc2.41,3.13.5,100,84,escrita,15.14561,6602.573287
Linux,Linux-6.12.111+deb13-amd64-x86_64-with-glibc2.41,3.13.5,100,84,leitura,9.80522,10198.649291
Linux,Linux-6.12.111+deb13-amd64-x86_64-with-glibc2.41,3.13.5,100,84,liberacao,0.512618,195077.035921
Linux,Linux-6.12.111+deb13-amd64-x86_64-with-glibc2.41,3.13.5,100,85,alocacao,22.638356,4417.281891
Linux,Linux-6.12.111+deb13-amd64-x86_64-with-glibc2.41,3.13.5,100,85,escrita,14.832898,6741.770893
Linux,Linux-6.12.111+deb13-amd64-x86_64-with-glibc2.41,3.13.5,100,85,leitura,9.696754,10312.729394
Linux,Linux-6.12.111+deb13-amd64-x86_64-with-glibc2.41,3.13.5,100,85,liberacao,0.503777,198500.527019
Linux,Linux-6.12.111+deb13-amd64-x86_64-with-glibc2.41,3.13.5,100,86,alocacao,23.889333,4185.968692
Linux,Linux-6.12.111+deb13-amd64-x86_64-with-glibc2.41,3.13.5,100,86,escrita,15.669868,6381.674689
Linux,Linux-6.12.111+deb13-amd64-x86_64-with-glibc2.41,3.13.5,100,86,leitura,10.112962,9888.299788
Linux,Linux-6.12.111+deb13-amd64-x86_64-with-glibc2.41,3.13.5,100,86,liberacao,0.504829,198086.876942
Linux,Linux-6.12.111+deb13-amd64-x86_64-with-glibc2.41,3.13.5,100,87,alocacao,28.754003,3477.776642
Linux,Linux-6.12.111+deb13-amd64-x86_64-with-glibc2.41,3.13.5,100,87,escrita,20.196368,4951.385318
Linux,Linux-6.12.111+deb13-amd64-x86_64-with-glibc2.41,3.13.5,100,87,leitura,12.127959,8245.41046
Linux,Linux-6.12.111+deb13-amd64-x86_64-with-glibc2.41,3.13.5,100,87,liberacao,0.594574,168187.64359
Linux,Linux-6.12.111+deb13-amd64-x86_64-with-glibc2.41,3.13.5,100,88,alocacao,30.666218,3260.917274
Linux,Linux-6.12.111+deb13-amd64-x86_64-with-glibc2.41,3.13.5,100,88,escrita,19.026397,5255.855851
Linux,Linux-6.12.111+deb13-amd64-x86_64-with-glibc2.41,3.13.5,100,88,leitura,12.409833,8058.126165
Linux,Linux-6.12.111+deb13-amd64-x86_64-with-glibc2.41,3.13.5,100,88,liberacao,0.875302,114246.282997
Linux,Linux-6.12.111+deb13-amd64-x86_64-with-glibc2.41,3.13.5,100,89,alocacao,24.407665,4097.073604
Linux,Linux-6.12.111+deb13-amd64-x86_64-with-glibc2.41,3.13.5,100,89,escrita,15.002608,6665.507757
Linux,Linux-6.12.111+deb13-amd64-x86_64-with-glibc2.41,3.13.5,100,89,leitura,9.980136,10019.903536
Linux,Linux-6.12.111+deb13-amd64-x86_64-with-glibc2.41,3.13.5,100,89,liberacao,0.546329,183039.889883
Linux,Linux-6.12.111+deb13-amd64-x86_64-with-glibc2.41,3.13.5,100,90,alocacao,21.825195,4581.860552
Linux,Linux-6.12.111+deb13-amd64-x86_64-with-glibc2.41,3.13.5,100,90,escrita,14.773962,6768.665034
Linux,Linux-6.12.111+deb13-amd64-x86_64-with-glibc2.41,3.13.5,100,90,leitura,9.686324,10323.833892
Linux,Linux-6.12.111+deb13-amd64-x86_64-with-glibc2.41,3.13.5,100,90,liberacao,0.498821,200472.714661
Linux,Linux-6.12.111+deb13-amd64-x86_64-with-glibc2.41,3.13.5,100,91,alocacao,21.176792,4722.15055
Linux,Linux-6.12.111+deb13-amd64-x86_64-with-glibc2.41,3.13.5,100,91,escrita,14.827437,6744.253913
Linux,Linux-6.12.111+deb13-amd64-x86_64-with-glibc2.41,3.13.5,100,91,leitura,9.427675,10607.069081
Linux,Linux-6.12.111+deb13-amd64-x86_64-with-glibc2.41,3.13.5,100,91,liberacao,0.500473,199810.978814
Linux,Linux-6.12.111+deb13-amd64-x86_64-with-glibc2.41,3.13.5,100,92,alocacao,21.015267,4758.445372
Linux,Linux-6.12.111+deb13-amd64-x86_64-with-glibc2.41,3.13.5,100,92,escrita,14.650305,6825.79646
Linux,Linux-6.12.111+deb13-amd64-x86_64-with-glibc2.41,3.13.5,100,92,leitura,9.254273,10805.819106
Linux,Linux-6.12.111+deb13-amd64-x86_64-with-glibc2.41,3.13.5,100,92,liberacao,0.513353,194797.731775
Linux,Linux-6.12.111+deb13-amd64-x86_64-with-glibc2.41,3.13.5,100,93,alocacao,20.677378,4836.20312
Linux,Linux-6.12.111+deb13-amd64-x86_64-with-glibc2.41,3.13.5,100,93,escrita,15.198683,6579.517449
Linux,Linux-6.12.111+deb13-amd64-x86_64-with-glibc2.41,3.13.5,100,93,leitura,13.205407,7572.655655
Linux,Linux-6.12.111+deb13-amd64-x86_64-with-glibc2.41,3.13.5,100,93,liberacao,0.67299,148590.617988
Linux,Linux-6.12.111+deb13-amd64-x86_64-with-glibc2.41,3.13.5,100,94,alocacao,22.410445,4462.205012
Linux,Linux-6.12.111+deb13-amd64-x86_64-with-glibc2.41,3.13.5,100,94,escrita,16.017235,6243.274822
Linux,Linux-6.12.111+deb13-amd64-x86_64-with-glibc2.41,3.13.5,100,94,leitura,10.421619,9595.438098
Linux,Linux-6.12.111+deb13-amd64-x86_64-with-glibc2.41,3.13.5,100,94,liberacao,0.598815,166996.484724
Linux,Linux-6.12.111+deb13-amd64-x86_64-with-glibc2.41,3.13.5,100,95,alocacao,22.8503,4376.310158
Linux,Linux-6.12.111+deb13-amd64-x86_64-with-glibc2.41,3.13.5,100,95,escrita,15.768532,6341.744431
Linux,Linux-6.12.111+deb13-amd64-x86_64-with-glibc2.41,3.13.5,100,95,leitura,10.199065,9804.820344
Linux,Linux-6.12.111+deb13-amd64-x86_64-with-glibc2.41,3.13.5,100,95,liberacao,0.509605,196230.413752
Linux,Linux-6.12.111+deb13-amd64-x86_64-with-glibc2.41,3.13.5,100,96,alocacao,23.019564,4344.130931
Linux,Linux-6.12.111+deb13-amd64-x86_64-with-glibc2.41,3.13.5,100,96,escrita,15.614661,6404.237658
Linux,Linux-6.12.111+deb13-amd64-x86_64-with-glibc2.41,3.13.5,100,96,leitura,10.152785,9849.514197
Linux,Linux-6.12.111+deb13-amd64-x86_64-with-glibc2.41,3.13.5,100,96,liberacao,0.512673,195056.107889
Linux,Linux-6.12.111+deb13-amd64-x86_64-with-glibc2.41,3.13.5,100,97,alocacao,22.887968,4369.107821
Linux,Linux-6.12.111+deb13-amd64-x86_64-with-glibc2.41,3.13.5,100,97,escrita,15.860395,6305.013211
Linux,Linux-6.12.111+deb13-amd64-x86_64-with-glibc2.41,3.13.5,100,97,leitura,10.458839,9561.290694
Linux,Linux-6.12.111+deb13-amd64-x86_64-with-glibc2.41,3.13.5,100,97,liberacao,0.518569,192838.368665
Linux,Linux-6.12.111+deb13-amd64-x86_64-with-glibc2.41,3.13.5,100,98,alocacao,22.18485,4507.580624
Linux,Linux-6.12.111+deb13-amd64-x86_64-with-glibc2.41,3.13.5,100,98,escrita,15.357728,6511.379808
Linux,Linux-6.12.111+deb13-amd64-x86_64-with-glibc2.41,3.13.5,100,98,leitura,9.557924,10462.523033
Linux,Linux-6.12.111+deb13-amd64-x86_64-with-glibc2.41,3.13.5,100,98,liberacao,0.498536,200587.319672
Linux,Linux-6.12.111+deb13-amd64-x86_64-with-glibc2.41,3.13.5,100,99,alocacao,21.593603,4631.001135
Linux,Linux-6.12.111+deb13-amd64-x86_64-with-glibc2.41,3.13.5,100,99,escrita,15.083031,6629.967147
Linux,Linux-6.12.111+deb13-amd64-x86_64-with-glibc2.41,3.13.5,100,99,leitura,9.612721,10402.881765
Linux,Linux-6.12.111+deb13-amd64-x86_64-with-glibc2.41,3.13.5,100,99,liberacao,0.501471,199413.325995
Linux,Linux-6.12.111+deb13-amd64-x86_64-with-glibc2.41,3.13.5,100,100,alocacao,21.335776,4686.963343
Linux,Linux-6.12.111+deb13-amd64-x86_64-with-glibc2.41,3.13.5,100,100,escrita,15.483599,6458.446773
Linux,Linux-6.12.111+deb13-amd64-x86_64-with-glibc2.41,3.13.5,100,100,leitura,14.088302,7098.087477
Linux,Linux-6.12.111+deb13-amd64-x86_64-with-glibc2.41,3.13.5,100,100,liberacao,0.876686,114065.925542
Linux,Linux-6.12.111+deb13-amd64-x86_64-with-glibc2.41,3.13.5,200,1,alocacao,56.692046,3527.831753
Linux,Linux-6.12.111+deb13-amd64-x86_64-with-glibc2.41,3.13.5,200,1,escrita,31.334876,6382.664479
Linux,Linux-6.12.111+deb13-amd64-x86_64-with-glibc2.41,3.13.5,200,1,leitura,20.428368,9790.307283
Linux,Linux-6.12.111+deb13-amd64-x86_64-with-glibc2.41,3.13.5,200,1,liberacao,1.057046,189206.524598
Linux,Linux-6.12.111+deb13-amd64-x86_64-with-glibc2.41,3.13.5,200,2,alocacao,41.756008,4789.729899
Linux,Linux-6.12.111+deb13-amd64-x86_64-with-glibc2.41,3.13.5,200,2,escrita,30.488468,6559.85732
Linux,Linux-6.12.111+deb13-amd64-x86_64-with-glibc2.41,3.13.5,200,2,leitura,20.777495,9625.799453
Linux,Linux-6.12.111+deb13-amd64-x86_64-with-glibc2.41,3.13.5,200,2,liberacao,1.023707,195368.40131
Linux,Linux-6.12.111+deb13-amd64-x86_64-with-glibc2.41,3.13.5,200,3,alocacao,42.326328,4725.191375
Linux,Linux-6.12.111+deb13-amd64-x86_64-with-glibc2.41,3.13.5,200,3,escrita,30.989568,6453.784706
Linux,Linux-6.12.111+deb13-amd64-x86_64-with-glibc2.41,3.13.5,200,3,leitura,19.636041,10185.352536
Linux,Linux-6.12.111+deb13-amd64-x86_64-with-glibc2.41,3.13.5,200,3,liberacao,1.113793,179566.580146
Linux,Linux-6.12.111+deb13-amd64-x86_64-with-glibc2.41,3.13.5,200,4,alocacao,42.158542,4743.997077
Linux,Linux-6.12.111+deb13-amd64-x86_64-with-glibc2.41,3.13.5,200,4,escrita,29.217606,6845.187795
Linux,Linux-6.12.111+deb13-amd64-x86_64-with-glibc2.41,3.13.5,200,4,leitura,18.736395,10674.41202
Linux,Linux-6.12.111+deb13-amd64-x86_64-with-glibc2.41,3.13.5,200,4,liberacao,0.953954,209653.714959
Linux,Linux-6.12.111+deb13-amd64-x86_64-with-glibc2.41,3.13.5,200,5,alocacao,41.084424,4868.024924
Linux,Linux-6.12.111+deb13-amd64-x86_64-with-glibc2.41,3.13.5,200,5,escrita,29.318763,6821.570201
Linux,Linux-6.12.111+deb13-amd64-x86_64-with-glibc2.41,3.13.5,200,5,leitura,18.808428,10633.530883
Linux,Linux-6.12.111+deb13-amd64-x86_64-with-glibc2.41,3.13.5,200,5,liberacao,0.918181,217821.976277
Linux,Linux-6.12.111+deb13-amd64-x86_64-with-glibc2.41,3.13.5,200,6,alocacao,40.404519,4949.941367
Linux,Linux-6.12.111+deb13-amd64-x86_64-with-glibc2.41,3.13.5,200,6,escrita,29.58393,6760.427029
Linux,Linux-6.12.111+deb13-amd64-x86_64-with-glibc2.41,3.13.5,200,6,leitura,18.736558,10674.319157
Linux,Linux-6.12.111+deb13-amd64-x86_64-with-glibc2.41,3.13.5,200,6,liberacao,1.020601,195962.966919
Linux,Linux-6.12.111+deb13-amd64-x86_64-with-glibc2.41,3.13.5,200,7,alocacao,41.42942,4827.487327
Linux,Linux-6.12.111+deb13-amd64-x86_64-with-glibc2.41,3.13.5,200,7,escrita,30.908643,6470.682003
Linux,Linux-6.12.111+deb13-amd64-x86_64-with-glibc2.41,3.13.5,200,7,leitura,19.216052,10407.965174
Linux,Linux-6.12.111+deb13-amd64-x86_64-with-glibc2.41,3.13.5,200,7,liberacao,0.946813,211234.95347
Linux,Linux-6.12.111+deb13-amd64-x86_64-with-glibc2.41,3.13.5,200,8,alocacao,41.122258,4863.54616
Linux,Linux-6.12.111+deb13-amd64-x86_64-with-glibc2.41,3.13.5,200,8,escrita,29.14009,6863.396784
Linux,Linux-6.12.111+deb13-amd64-x86_64-with-glibc2.41,3.13.5,200,8,leitura,19.468687,10272.906437
Linux,Linux-6.12.111+deb13-amd64-x86_64-with-glibc2.41,3.13.5,200,8,liberacao,0.919104,217603.230973
Linux,Linux-6.12.111+deb13-amd64-x86_64-with-glibc2.41,3.13.5,200,9,alocacao,44.229498,4521.869093
Linux,Linux-6.12.111+deb13-amd64-x86_64-with-glibc2.41,3.13.5,200,9,escrita,29.893604,6690.394373
Linux,Linux-6.12.111+deb13-amd64-x86_64-with-glibc2.41,3.13.5,200,9,leitura,19.030516,10509.436528
Linux,Linux-6.12.111+deb13-amd64-x86_64-with-glibc2.41,3.13.5,200,9,liberacao,1.052137,190089.313464
Linux,Linux-6.12.111+deb13-amd64-x86_64-with-glibc2.41,3.13.5,200,10,alocacao,40.241592,4969.982301
Linux,Linux-6.12.111+deb13-amd64-x86_64-with-glibc2.41,3.13.5,200,10,escrita,29.715344,6730.52952
Linux,Linux-6.12.111+deb13-amd64-x86_64-with-glibc2.41,3.13.5,200,10,leitura,18.996584,10528.208651
Linux,Linux-6.12.111+deb13-amd64-x86_64-with-glibc2.41,3.13.5,200,10,liberacao,0.971046,205963.4662
Linux,Linux-6.12.111+deb13-amd64-x86_64-with-glibc2.41,3.13.5,200,11,alocacao,45.59844,4386.114964
Linux,Linux-6.12.111+deb13-amd64-x86_64-with-glibc2.41,3.13.5,200,11,escrita,32.580237,6138.690765
Linux,Linux-6.12.111+deb13-amd64-x86_64-with-glibc2.41,3.13.5,200,11,leitura,20.378912,9814.066619
Linux,Linux-6.12.111+deb13-amd64-x86_64-with-glibc2.41,3.13.5,200,11,liberacao,0.974392,205256.20079
Linux,Linux-6.12.111+deb13-amd64-x86_64-with-glibc2.41,3.13.5,200,12,alocacao,41.315181,4840.835624
Linux,Linux-6.12.111+deb13-amd64-x86_64-with-glibc2.41,3.13.5,200,12,escrita,30.832651,6486.630034
Linux,Linux-6.12.111+deb13-amd64-x86_64-with-glibc2.41,3.13.5,200,12,leitura,19.280426,10373.214783
Linux,Linux-6.12.111+deb13-amd64-x86_64-with-glibc2.41,3.13.5,200,12,liberacao,0.965858,207069.776303
Linux,Linux-6.12.111+deb13-amd64-x86_64-with-glibc2.41,3.13.5,200,13,alocacao,40.93438,4885.868554
Linux,Linux-6.12.111+deb13-amd64-x86_64-with-glibc2.41,3.13.5,200,13,escrita,29.755653,6721.411894
Linux,Linux-6.12.111+deb13-amd64-x86_64-with-glibc2.41,3.13.5,200,13,leitura,19.357562,10331.879603
Linux,Linux-6.12.111+deb13-amd64-x86_64-with-glibc2.41,3.13.5,200,13,liberacao,0.965773,207088.001011
Linux,Linux-6.12.111+deb13-amd64-x86_64-with-glibc2.41,3.13.5,200,14,alocacao,40.710519,4912.735207
Linux,Linux-6.12.111+deb13-amd64-x86_64-with-glibc2.41,3.13.5,200,14,escrita,29.884793,6692.366917
Linux,Linux-6.12.111+deb13-amd64-x86_64-with-glibc2.41,3.13.5,200,14,leitura,19.11493,10463.025499
Linux,Linux-6.12.111+deb13-amd64-x86_64-with-glibc2.41,3.13.5,200,14,liberacao,1.019762,196124.193684
Linux,Linux-6.12.111+deb13-amd64-x86_64-with-glibc2.41,3.13.5,200,15,alocacao,40.379592,4952.997049
Linux,Linux-6.12.111+deb13-amd64-x86_64-with-glibc2.41,3.13.5,200,15,escrita,29.409795,6800.455426
Linux,Linux-6.12.111+deb13-amd64-x86_64-with-glibc2.41,3.13.5,200,15,leitura,18.672604,10710.87889
Linux,Linux-6.12.111+deb13-amd64-x86_64-with-glibc2.41,3.13.5,200,15,liberacao,1.145805,174549.770685
Linux,Linux-6.12.111+deb13-amd64-x86_64-with-glibc2.41,3.13.5,200,16,alocacao,41.934813,4769.307067
Linux,Linux-6.12.111+deb13-amd64-x86_64-with-glibc2.41,3.13.5,200,16,escrita,31.767174,6295.807112
Linux,Linux-6.12.111+deb13-amd64-x86_64-with-glibc2.41,3.13.5,200,16,leitura,19.929513,10035.36815
Linux,Linux-6.12.111+deb13-amd64-x86_64-with-glibc2.41,3.13.5,200,16,liberacao,1.011524,197721.457919
Linux,Linux-6.12.111+deb13-amd64-x86_64-with-glibc2.41,3.13.5,200,17,alocacao,42.226343,4736.379847
Linux,Linux-6.12.111+deb13-amd64-x86_64-with-glibc2.41,3.13.5,200,17,escrita,30.242016,6613.315726
Linux,Linux-6.12.111+deb13-amd64-x86_64-with-glibc2.41,3.13.5,200,17,leitura,19.413414,10302.154994
Linux,Linux-6.12.111+deb13-amd64-x86_64-with-glibc2.41,3.13.5,200,17,liberacao,0.972165,205726.394182
Linux,Linux-6.12.111+deb13-amd64-x86_64-with-glibc2.41,3.13.5,200,18,alocacao,41.213295,4852.802961
Linux,Linux-6.12.111+deb13-amd64-x86_64-with-glibc2.41,3.13.5,200,18,escrita,29.703945,6733.112386
Linux,Linux-6.12.111+deb13-amd64-x86_64-with-glibc2.41,3.13.5,200,18,leitura,18.576488,10766.297698
Linux,Linux-6.12.111+deb13-amd64-x86_64-with-glibc2.41,3.13.5,200,18,liberacao,0.925601,216075.825329
Linux,Linux-6.12.111+deb13-amd64-x86_64-with-glibc2.41,3.13.5,200,19,alocacao,40.801541,4901.775646
Linux,Linux-6.12.111+deb13-amd64-x86_64-with-glibc2.41,3.13.5,200,19,escrita,29.668504,6741.155537
Linux,Linux-6.12.111+deb13-amd64-x86_64-with-glibc2.41,3.13.5,200,19,leitura,18.700574,10694.858885
Linux,Linux-6.12.111+deb13-amd64-x86_64-with-glibc2.41,3.13.5,200,19,liberacao,0.916945,218115.590357
Linux,Linux-6.12.111+deb13-amd64-x86_64-with-glibc2.41,3.13.5,200,20,alocacao,41.072493,4869.439018
Linux,Linux-6.12.111+deb13-amd64-x86_64-with-glibc2.41,3.13.5,200,20,escrita,29.395292,6803.810624
Linux,Linux-6.12.111+deb13-amd64-x86_64-with-glibc2.41,3.13.5,200,20,leitura,20.799815,9615.470138
Linux,Linux-6.12.111+deb13-amd64-x86_64-with-glibc2.41,3.13.5,200,20,liberacao,0.92286,216717.595302
Linux,Linux-6.12.111+deb13-amd64-x86_64-with-glibc2.41,3.13.5,200,21,alocacao,41.387421,4832.386149
Linux,Linux-6.12.111+deb13-amd64-x86_64-with-glibc2.41,3.13.5,200,21,escrita,30.250471,6611.467306
Linux,Linux-6.12.111+deb13-amd64-x86_64-with-glibc2.41,3.13.5,200,21,leitura,22.886499,8738.776516
Linux,Linux-6.12.111+deb13-amd64-x86_64-with-glibc2.41,3.13.5,200,21,liberacao,0.968566,206490.832839
Linux,Linux-6.12.111+deb13-amd64-x86_64-with-glibc2.41,3.13.5,200,22,alocacao,41.525849,4816.277206
Linux,Linux-6.12.111+deb13-amd64-x86_64-with-glibc2.41,3.13.5,200,22,escrita,30.272149,6606.732809
Linux,Linux-6.12.111+deb13-amd64-x86_64-with-glibc2.41,3.13.5,200,22,leitura,19.662176,10171.814147
Linux,Linux-6.12.111+deb13-amd64-x86_64-with-glibc2.41,3.13.5,200,22,liberacao,0.981335,203804.001692
Linux,Linux-6.12.111+deb13-amd64-x86_64-with-glibc2.41,3.13.5,200,23,alocacao,42.696002,4684.279338
Linux,Linux-6.12.111+deb13-amd64-x86_64-with-glibc2.41,3.13.5,200,23,escrita,30.434695,6571.447488
Linux,Linux-6.12.111+deb13-amd64-x86_64-with-glibc2.41,3.13.5,200,23,leitura,19.642894,10181.799077
Linux,Linux-6.12.111+deb13-amd64-x86_64-with-glibc2.41,3.13.5,200,23,liberacao,0.920033,217383.506896
Linux,Linux-6.12.111+deb13-amd64-x86_64-with-glibc2.41,3.13.5,200,24,alocacao,41.402168,4830.664906
Linux,Linux-6.12.111+deb13-amd64-x86_64-with-glibc2.41,3.13.5,200,24,escrita,31.153897,6419.742609
Linux,Linux-6.12.111+deb13-amd64-x86_64-with-glibc2.41,3.13.5,200,24,leitura,20.082171,9959.082611
Linux,Linux-6.12.111+deb13-amd64-x86_64-with-glibc2.41,3.13.5,200,24,liberacao,1.057857,189061.470501
Linux,Linux-6.12.111+deb13-amd64-x86_64-with-glibc2.41,3.13.5,200,25,alocacao,42.104662,4750.067819
Linux,Linux-6.12.111+deb13-amd64-x86_64-with-glibc2.41,3.13.5,200,25,escrita,30.268838,6607.455496
Linux,Linux-6.12.111+deb13-amd64-x86_64-with-glibc2.41,3.13.5,200,25,leitura,19.340424,10341.034923
Linux,Linux-6.12.111+deb13-amd64-x86_64-with-glibc2.41,3.13.5,200,25,liberacao,0.920637,217240.888646
Linux,Linux-6.12.111+deb13-amd64-x86_64-with-glibc2.41,3.13.5,200,26,alocacao,41.537028,4814.980985
Linux,Linux-6.12.111+deb13-amd64-x86_64-with-glibc2.41,3.13.5,200,26,escrita,29.662749,6742.463418
Linux,Linux-6.12.111+deb13-amd64-x86_64-with-glibc2.41,3.13.5,200,26,leitura,18.804419,10635.797894
Linux,Linux-6.12.111+deb13-amd64-x86_64-with-glibc2.41,3.13.5,200,26,liberacao,0.956174,209166.950785
Linux,Linux-6.12.111+deb13-amd64-x86_64-with-glibc2.41,3.13.5,200,27,alocacao,40.231787,4971.193549
Linux,Linux-6.12.111+deb13-amd64-x86_64-with-glibc2.41,3.13.5,200,27,escrita,29.602153,6756.26533
Linux,Linux-6.12.111+deb13-amd64-x86_64-with-glibc2.41,3.13.5,200,27,leitura,18.79818,10639.32785
Linux,Linux-6.12.111+deb13-amd64-x86_64-with-glibc2.41,3.13.5,200,27,liberacao,0.914496,218699.699069
Linux,Linux-6.12.111+deb13-amd64-x86_64-with-glibc2.41,3.13.5,200,28,alocacao,40.493705,4939.03929
Linux,Linux-6.12.111+deb13-amd64-x86_64-with-glibc2.41,3.13.5,200,28,escrita,29.298665,6826.249592
Linux,Linux-6.12.111+deb13-amd64-x86_64-with-glibc2.41,3.13.5,200,28,leitura,18.825758,10623.742215
Linux,Linux-6.12.111+deb13-amd64-x86_64-with-glibc2.41,3.13.5,200,28,liberacao,0.913188,219012.952426
Linux,Linux-6.12.111+deb13-amd64-x86_64-with-glibc2.41,3.13.5,200,29,alocacao,40.789187,4903.260268
Linux,Linux-6.12.111+deb13-amd64-x86_64-with-glibc2.41,3.13.5,200,29,escrita,29.324215,6820.301925
Linux,Linux-6.12.111+deb13-amd64-x86_64-with-glibc2.41,3.13.5,200,29,leitura,18.681557,10705.745779
Linux,Linux-6.12.111+deb13-amd64-x86_64-with-glibc2.41,3.13.5,200,29,liberacao,0.891912,224237.368709
Linux,Linux-6.12.111+deb13-amd64-x86_64-with-glibc2.41,3.13.5,200,30,alocacao,40.602337,4925.824836
Linux,Linux-6.12.111+deb13-amd64-x86_64-with-glibc2.41,3.13.5,200,30,escrita,30.018718,6662.509705
Linux,Linux-6.12.111+deb13-amd64-x86_64-with-glibc2.41,3.13.5,200,30,leitura,19.289131,10368.53345
Linux,Linux-6.12.111+deb13-amd64-x86_64-with-glibc2.41,3.13.5,200,30,liberacao,0.915332,218499.954115
Linux,Linux-6.12.111+deb13-amd64-x86_64-with-glibc2.41,3.13.5,200,31,alocacao,40.556616,4931.377904
Linux,Linux-6.12.111+deb13-amd64-x86_64-with-glibc2.41,3.13.5,200,31,escrita,29.269623,6833.022755
Linux,Linux-6.12.111+deb13-amd64-x86_64-with-glibc2.41,3.13.5,200,31,leitura,18.903736,10579.919229
Linux,Linux-6.12.111+deb13-amd64-x86_64-with-glibc2.41,3.13.5,200,31,liberacao,0.91444,218713.092166
Linux,Linux-6.12.111+deb13-amd64-x86_64-with-glibc2.41,3.13.5,200,32,alocacao,40.217479,4972.962129
Linux,Linux-6.12.111+deb13-amd64-x86_64-with-glibc2.41,3.13.5,200,32,escrita,36.355845,5501.178696
Linux,Linux-6.12.111+deb13-amd64-x86_64-with-glibc2.41,3.13.5,200,32,leitura,21.079626,9487.834367
Linux,Linux-6.12.111+deb13-amd64-x86_64-with-glibc2.41,3.13.5,200,32,liberacao,1.00494,199016.856728
Linux,Linux-6.12.111+deb13-amd64-x86_64-with-glibc2.41,3.13.5,200,33,alocacao,41.520726,4816.871458
Linux,Linux-6.12.111+deb13-amd64-x86_64-with-glibc2.41,3.13.5,200,33,escrita,30.352361,6589.273236
Linux,Linux-6.12.111+deb13-amd64-x86_64-with-glibc2.41,3.13.5,200,33,leitura,19.286036,10370.19738
Linux,Linux-6.12.111+deb13-amd64-x86_64-with-glibc2.41,3.13.5,200,33,liberacao,0.967459,206727.106782
Linux,Linux-6.12.111+deb13-amd64-x86_64-with-glibc2.41,3.13.5,200,34,alocacao,41.315098,4840.845349
Linux,Linux-6.12.111+deb13-amd64-x86_64-with-glibc2.41,3.13.5,200,34,escrita,29.617362,6752.795877
Linux,Linux-6.12.111+deb13-amd64-x86_64-with-glibc2.41,3.13.5,200,34,leitura,18.980968,10536.870406
Linux,Linux-6.12.111+deb13-amd64-x86_64-with-glibc2.41,3.13.5,200,34,liberacao,0.908609,220116.683854
Linux,Linux-6.12.111+deb13-amd64-x86_64-with-glibc2.41,3.13.5,200,35,alocacao,41.104862,4865.604463
Linux,Linux-6.12.111+deb13-amd64-x86_64-with-glibc2.41,3.13.5,200,35,escrita,30.077874,6649.406138
Linux,Linux-6.12.111+deb13-amd64-x86_64-with-glibc2.41,3.13.5,200,35,leitura,18.907046,10578.067034
Linux,Linux-6.12.111+deb13-amd64-x86_64-with-glibc2.41,3.13.5,200,35,liberacao,0.927891,215542.558339
Linux,Linux-6.12.111+deb13-amd64-x86_64-with-glibc2.41,3.13.5,200,36,alocacao,40.179403,4977.674755
Linux,Linux-6.12.111+deb13-amd64-x86_64-with-glibc2.41,3.13.5,200,36,escrita,29.698904,6734.255244
Linux,Linux-6.12.111+deb13-amd64-x86_64-with-glibc2.41,3.13.5,200,36,leitura,18.866522,10600.787999
Linux,Linux-6.12.111+deb13-amd64-x86_64-with-glibc2.41,3.13.5,200,36,liberacao,0.930519,214933.816505
Linux,Linux-6.12.111+deb13-amd64-x86_64-with-glibc2.41,3.13.5,200,37,alocacao,40.475731,4941.232562
Linux,Linux-6.12.111+deb13-amd64-x86_64-with-glibc2.41,3.13.5,200,37,escrita,30.784944,6496.682274
Linux,Linux-6.12.111+deb13-amd64-x86_64-with-glibc2.41,3.13.5,200,37,leitura,20.717239,9653.796049
Linux,Linux-6.12.111+deb13-amd64-x86_64-with-glibc2.41,3.13.5,200,37,liberacao,0.849575,235411.823559
Linux,Linux-6.12.111+deb13-amd64-x86_64-with-glibc2.41,3.13.5,200,38,alocacao,59.798247,3344.57965
Linux,Linux-6.12.111+deb13-amd64-x86_64-with-glibc2.41,3.13.5,200,38,escrita,37.848946,5284.162999
Linux,Linux-6.12.111+deb13-amd64-x86_64-with-glibc2.41,3.13.5,200,38,leitura,24.090498,8302.02846
Linux,Linux-6.12.111+deb13-amd64-x86_64-with-glibc2.41,3.13.5,200,38,liberacao,1.080453,185107.542855
Linux,Linux-6.12.111+deb13-amd64-x86_64-with-glibc2.41,3.13.5,200,39,alocacao,43.619588,4585.096035
Linux,Linux-6.12.111+deb13-amd64-x86_64-with-glibc2.41,3.13.5,200,39,escrita,29.848904,6700.413523
Linux,Linux-6.12.111+deb13-amd64-x86_64-with-glibc2.41,3.13.5,200,39,leitura,19.025032,10512.465892
Linux,Linux-6.12.111+deb13-amd64-x86_64-with-glibc2.41,3.13.5,200,39,liberacao,0.953013,209860.725929
Linux,Linux-6.12.111+deb13-amd64-x86_64-with-glibc2.41,3.13.5,200,40,alocacao,41.612008,4806.304949
Linux,Linux-6.12.111+deb13-amd64-x86_64-with-glibc2.41,3.13.5,200,40,escrita,29.74994,6722.702634
Linux,Linux-6.12.111+deb13-amd64-x86_64-with-glibc2.41,3.13.5,200,40,leitura,18.904618,10579.42562
Linux,Linux-6.12.111+deb13-amd64-x86_64-with-glibc2.41,3.13.5,200,40,liberacao,1.268584,157656.0953
Linux,Linux-6.12.111+deb13-amd64-x86_64-with-glibc2.41,3.13.5,200,41,alocacao,40.01674,4997.908375
Linux,Linux-6.12.111+deb13-amd64-x86_64-with-glibc2.41,3.13.5,200,41,escrita,29.537618,6771.026696
Linux,Linux-6.12.111+deb13-amd64-x86_64-with-glibc2.41,3.13.5,200,41,leitura,18.502406,10809.405004
Linux,Linux-6.12.111+deb13-amd64-x86_64-with-glibc2.41,3.13.5,200,41,liberacao,1.003936,199215.886272
Linux,Linux-6.12.111+deb13-amd64-x86_64-with-glibc2.41,3.13.5,200,42,alocacao,43.857018,4560.273569
Linux,Linux-6.12.111+deb13-amd64-x86_64-with-glibc2.41,3.13.5,200,42,escrita,29.518803,6775.342483
Linux,Linux-6.12.111+deb13-amd64-x86_64-with-glibc2.41,3.13.5,200,42,leitura,24.620846,8123.197716
Linux,Linux-6.12.111+deb13-amd64-x86_64-with-glibc2.41,3.13.5,200,42,liberacao,0.936798,213493.197039
Linux,Linux-6.12.111+deb13-amd64-x86_64-with-glibc2.41,3.13.5,200,43,alocacao,42.190715,4740.379489
Linux,Linux-6.12.111+deb13-amd64-x86_64-with-glibc2.41,3.13.5,200,43,escrita,30.577585,6540.738911
Linux,Linux-6.12.111+deb13-amd64-x86_64-with-glibc2.41,3.13.5,200,43,leitura,20.633678,9692.891398
Linux,Linux-6.12.111+deb13-amd64-x86_64-with-glibc2.41,3.13.5,200,43,liberacao,0.970201,206142.850811
Linux,Linux-6.12.111+deb13-amd64-x86_64-with-glibc2.41,3.13.5,200,44,alocacao,41.458852,4824.060251
Linux,Linux-6.12.111+deb13-amd64-x86_64-with-glibc2.41,3.13.5,200,44,escrita,30.591428,6537.779145
Linux,Linux-6.12.111+deb13-amd64-x86_64-with-glibc2.41,3.13.5,200,44,leitura,21.252337,9410.729747
Linux,Linux-6.12.111+deb13-amd64-x86_64-with-glibc2.41,3.13.5,200,44,liberacao,0.927329,215673.186108
Linux,Linux-6.12.111+deb13-amd64-x86_64-with-glibc2.41,3.13.5,200,45,alocacao,40.763159,4906.391087
Linux,Linux-6.12.111+deb13-amd64-x86_64-with-glibc2.41,3.13.5,200,45,escrita,29.881515,6693.101069
Linux,Linux-6.12.111+deb13-amd64-x86_64-with-glibc2.41,3.13.5,200,45,leitura,19.261548,10383.38144
Linux,Linux-6.12.111+deb13-amd64-x86_64-with-glibc2.41,3.13.5,200,45,liberacao,0.917276,218036.883119
Linux,Linux-6.12.111+deb13-amd64-x86_64-with-glibc2.41,3.13.5,200,46,alocacao,41.060482,4870.863425
Linux,Linux-6.12.111+deb13-amd64-x86_64-with-glibc2.41,3.13.5,200,46,escrita,29.630783,6749.737258
Linux,Linux-6.12.111+deb13-amd64-x86_64-with-glibc2.41,3.13.5,200,46,leitura,19.636074,10185.335419
Linux,Linux-6.12.111+deb13-amd64-x86_64-with-glibc2.41,3.13.5,200,46,liberacao,0.919231,217573.167136
Linux,Linux-6.12.111+deb13-amd64-x86_64-with-glibc2.41,3.13.5,200,47,alocacao,40.583465,4928.115428
Linux,Linux-6.12.111+deb13-amd64-x86_64-with-glibc2.41,3.13.5,200,47,escrita,29.386934,6805.74571
Linux,Linux-6.12.111+deb13-amd64-x86_64-with-glibc2.41,3.13.5,200,47,leitura,18.706499,10691.471451
Linux,Linux-6.12.111+deb13-amd64-x86_64-with-glibc2.41,3.13.5,200,47,liberacao,0.945114,211614.68352
Linux,Linux-6.12.111+deb13-amd64-x86_64-with-glibc2.41,3.13.5,200,48,alocacao,40.507383,4937.37154
Linux,Linux-6.12.111+deb13-amd64-x86_64-with-glibc2.41,3.13.5,200,48,escrita,29.451219,6790.890387
Linux,Linux-6.12.111+deb13-amd64-x86_64-with-glibc2.41,3.13.5,200,48,leitura,18.849238,10610.508499
Linux,Linux-6.12.111+deb13-amd64-x86_64-with-glibc2.41,3.13.5,200,48,liberacao,0.963491,207578.48283
Linux,Linux-6.12.111+deb13-amd64-x86_64-with-glibc2.41,3.13.5,200,49,alocacao,40.700224,4913.977869
Linux,Linux-6.12.111+deb13-amd64-x86_64-with-glibc2.41,3.13.5,200,49,escrita,29.510915,6777.15347
Linux,Linux-6.12.111+deb13-amd64-x86_64-with-glibc2.41,3.13.5,200,49,leitura,18.773408,10653.36672
Linux,Linux-6.12.111+deb13-amd64-x86_64-with-glibc2.41,3.13.5,200,49,liberacao,1.01,198019.80198
Linux,Linux-6.12.111+deb13-amd64-x86_64-with-glibc2.41,3.13.5,200,50,alocacao,40.224974,4972.035532
Linux,Linux-6.12.111+deb13-amd64-x86_64-with-glibc2.41,3.13.5,200,50,escrita,29.42611,6796.684985
Linux,Linux-6.12.111+deb13-amd64-x86_64-with-glibc2.41,3.13.5,200,50,leitura,18.791723,10642.983616
Linux,Linux-6.12.111+deb13-amd64-x86_64-with-glibc2.41,3.13.5,200,50,liberacao,0.960613,208200.38871
Linux,Linux-6.12.111+deb13-amd64-x86_64-with-glibc2.41,3.13.5,200,51,alocacao,40.479353,4940.790432
Linux,Linux-6.12.111+deb13-amd64-x86_64-with-glibc2.41,3.13.5,200,51,escrita,30.089541,6646.827879
Linux,Linux-6.12.111+deb13-amd64-x86_64-with-glibc2.41,3.13.5,200,51,leitura,18.973617,10540.952735
Linux,Linux-6.12.111+deb13-amd64-x86_64-with-glibc2.41,3.13.5,200,51,liberacao,0.996041,200794.947196
Linux,Linux-6.12.111+deb13-amd64-x86_64-with-glibc2.41,3.13.5,200,52,alocacao,40.528237,4934.830992
Linux,Linux-6.12.111+deb13-amd64-x86_64-with-glibc2.41,3.13.5,200,52,escrita,29.097707,6873.393838
Linux,Linux-6.12.111+deb13-amd64-x86_64-with-glibc2.41,3.13.5,200,52,leitura,19.085795,10478.9976
Linux,Linux-6.12.111+deb13-amd64-x86_64-with-glibc2.41,3.13.5,200,52,liberacao,0.981595,203750.019102
Linux,Linux-6.12.111+deb13-amd64-x86_64-with-glibc2.41,3.13.5,200,53,alocacao,40.382398,4952.652886
Linux,Linux-6.12.111+deb13-amd64-x86_64-with-glibc2.41,3.13.5,200,53,escrita,36.891444,5421.31124
Linux,Linux-6.12.111+deb13-amd64-x86_64-with-glibc2.41,3.13.5,200,53,leitura,20.99465,9526.236446
Linux,Linux-6.12.111+deb13-amd64-x86_64-with-glibc2.41,3.13.5,200,53,liberacao,1.00943,198131.618834
Linux,Linux-6.12.111+deb13-amd64-x86_64-with-glibc2.41,3.13.5,200,54,alocacao,42.12593,4747.669666
Linux,Linux-6.12.111+deb13-amd64-x86_64-with-glibc2.41,3.13.5,200,54,escrita,30.385565,6582.07277
Linux,Linux-6.12.111+deb13-amd64-x86_64-with-glibc2.41,3.13.5,200,54,leitura,19.735303,10134.123606
Linux,Linux-6.12.111+deb13-amd64-x86_64-with-glibc2.41,3.13.5,200,54,liberacao,0.99202,201608.838531
Linux,Linux-6.12.111+deb13-amd64-x86_64-with-glibc2.41,3.13.5,200,55,alocacao,41.684367,4797.961787
Linux,Linux-6.12.111+deb13-amd64-x86_64-with-glibc2.41,3.13.5,200,55,escrita,29.596459,6757.565153
Linux,Linux-6.12.111+deb13-amd64-x86_64-with-glibc2.41,3.13.5,200,55,leitura,18.702495,10693.760378
Linux,Linux-6.12.111+deb13-amd64-x86_64-with-glibc2.41,3.13.5,200,55,liberacao,0.918152,217828.856224
Linux,Linux-6.12.111+deb13-amd64-x86_64-with-glibc2.41,3.13.5,200,56,alocacao,40.465433,4942.490051
Linux,Linux-6.12.111+deb13-amd64-x86_64-with-glibc2.41,3.13.5,200,56,escrita,29.271746,6832.527175
Linux,Linux-6.12.111+deb13-amd64-x86_64-with-glibc2.41,3.13.5,200,56,leitura,19.381091,10319.336512
Linux,Linux-6.12.111+deb13-amd64-x86_64-with-glibc2.41,3.13.5,200,56,liberacao,0.920769,217209.745332
Linux,Linux-6.12.111+deb13-amd64-x86_64-with-glibc2.41,3.13.5,200,57,alocacao,40.353099,4956.248837
Linux,Linux-6.12.111+deb13-amd64-x86_64-with-glibc2.41,3.13.5,200,57,escrita,29.634726,6748.839183
Linux,Linux-6.12.111+deb13-amd64-x86_64-with-glibc2.41,3.13.5,200,57,leitura,18.589244,10758.90983
Linux,Linux-6.12.111+deb13-amd64-x86_64-with-glibc2.41,3.13.5,200,57,liberacao,0.920008,217389.414005
Linux,Linux-6.12.111+deb13-amd64-x86_64-with-glibc2.41,3.13.5,200,58,alocacao,40.493523,4939.061489
Linux,Linux-6.12.111+deb13-amd64-x86_64-with-glibc2.41,3.13.5,200,58,escrita,29.389403,6805.17396
Linux,Linux-6.12.111+deb13-amd64-x86_64-with-glibc2.41,3.13.5,200,58,leitura,18.785902,10646.281451
Linux,Linux-6.12.111+deb13-amd64-x86_64-with-glibc2.41,3.13.5,200,58,liberacao,0.964744,207308.881942
Linux,Linux-6.12.111+deb13-amd64-x86_64-with-glibc2.41,3.13.5,200,59,alocacao,40.136022,4983.054873
Linux,Linux-6.12.111+deb13-amd64-x86_64-with-glibc2.41,3.13.5,200,59,escrita,29.654572,6744.322596
Linux,Linux-6.12.111+deb13-amd64-x86_64-with-glibc2.41,3.13.5,200,59,leitura,18.9863,10533.911294
Linux,Linux-6.12.111+deb13-amd64-x86_64-with-glibc2.41,3.13.5,200,59,liberacao,0.938253,213162.121517
Linux,Linux-6.12.111+deb13-amd64-x86_64-with-glibc2.41,3.13.5,200,60,alocacao,40.343462,4957.432756
Linux,Linux-6.12.111+deb13-amd64-x86_64-with-glibc2.41,3.13.5,200,60,escrita,29.374287,6808.675901
Linux,Linux-6.12.111+deb13-amd64-x86_64-with-glibc2.41,3.13.5,200,60,leitura,18.833127,10619.585372
Linux,Linux-6.12.111+deb13-amd64-x86_64-with-glibc2.41,3.13.5,200,60,liberacao,0.920711,217223.428416
Linux,Linux-6.12.111+deb13-amd64-x86_64-with-glibc2.41,3.13.5,200,61,alocacao,40.153905,4980.835612
Linux,Linux-6.12.111+deb13-amd64-x86_64-with-glibc2.41,3.13.5,200,61,escrita,29.683031,6737.856387
Linux,Linux-6.12.111+deb13-amd64-x86_64-with-glibc2.41,3.13.5,200,61,leitura,19.913004,10043.688034
Linux,Linux-6.12.111+deb13-amd64-x86_64-with-glibc2.41,3.13.5,200,61,liberacao,0.915223,218525.976729
Linux,Linux-6.12.111+deb13-amd64-x86_64-with-glibc2.41,3.13.5,200,62,alocacao,40.854065,4895.473682
Linux,Linux-6.12.111+deb13-amd64-x86_64-with-glibc2.41,3.13.5,200,62,escrita,29.833345,6703.907993
Linux,Linux-6.12.111+deb13-amd64-x86_64-with-glibc2.41,3.13.5,200,62,leitura,18.80907,10633.167934
Linux,Linux-6.12.111+deb13-amd64-x86_64-with-glibc2.41,3.13.5,200,62,liberacao,0.914159,218780.321585
Linux,Linux-6.12.111+deb13-amd64-x86_64-with-glibc2.41,3.13.5,200,63,alocacao,40.172887,4978.482129
Linux,Linux-6.12.111+deb13-amd64-x86_64-with-glibc2.41,3.13.5,200,63,escrita,29.365511,6810.710701
Linux,Linux-6.12.111+deb13-amd64-x86_64-with-glibc2.41,3.13.5,200,63,leitura,19.07448,10485.213752
Linux,Linux-6.12.111+deb13-amd64-x86_64-with-glibc2.41,3.13.5,200,63,liberacao,0.917677,217941.606905
Linux,Linux-6.12.111+deb13-amd64-x86_64-with-glibc2.41,3.13.5,200,64,alocacao,45.526575,4393.038571
Linux,Linux-6.12.111+deb13-amd64-x86_64-with-glibc2.41,3.13.5,200,64,escrita,30.138607,6636.006767
Linux,Linux-6.12.111+deb13-amd64-x86_64-with-glibc2.41,3.13.5,200,64,leitura,19.856414,10072.312151
Linux,Linux-6.12.111+deb13-amd64-x86_64-with-glibc2.41,3.13.5,200,64,liberacao,1.014751,197092.685792
Linux,Linux-6.12.111+deb13-amd64-x86_64-with-glibc2.41,3.13.5,200,65,alocacao,41.970654,4765.234299
Linux,Linux-6.12.111+deb13-amd64-x86_64-with-glibc2.41,3.13.5,200,65,escrita,30.201402,6622.209128
Linux,Linux-6.12.111+deb13-amd64-x86_64-with-glibc2.41,3.13.5,200,65,leitura,19.361722,10329.659728
Linux,Linux-6.12.111+deb13-amd64-x86_64-with-glibc2.41,3.13.5,200,65,liberacao,0.965178,207215.663846
Linux,Linux-6.12.111+deb13-amd64-x86_64-with-glibc2.41,3.13.5,200,66,alocacao,40.447692,4944.657905
Linux,Linux-6.12.111+deb13-amd64-x86_64-with-glibc2.41,3.13.5,200,66,escrita,29.247153,6838.272429
Linux,Linux-6.12.111+deb13-amd64-x86_64-with-glibc2.41,3.13.5,200,66,leitura,18.989067,10532.376341
Linux,Linux-6.12.111+deb13-amd64-x86_64-with-glibc2.41,3.13.5,200,66,liberacao,0.91372,218885.435363
Linux,Linux-6.12.111+deb13-amd64-x86_64-with-glibc2.41,3.13.5,200,67,alocacao,40.631842,4922.247926
Linux,Linux-6.12.111+deb13-amd64-x86_64-with-glibc2.41,3.13.5,200,67,escrita,29.936941,6680.709295
Linux,Linux-6.12.111+deb13-amd64-x86_64-with-glibc2.41,3.13.5,200,67,leitura,19.630527,10188.21349
Linux,Linux-6.12.111+deb13-amd64-x86_64-with-glibc2.41,3.13.5,200,67,liberacao,0.966311,206972.703405
Linux,Linux-6.12.111+deb13-amd64-x86_64-with-glibc2.41,3.13.5,200,68,alocacao,40.52466,4935.266576
Linux,Linux-6.12.111+deb13-amd64-x86_64-with-glibc2.41,3.13.5,200,68,escrita,29.253583,6836.769363
Linux,Linux-6.12.111+deb13-amd64-x86_64-with-glibc2.41,3.13.5,200,68,leitura,18.768709,10656.033934
Linux,Linux-6.12.111+deb13-amd64-x86_64-with-glibc2.41,3.13.5,200,68,liberacao,0.914761,218636.343263
Linux,Linux-6.12.111+deb13-amd64-x86_64-with-glibc2.41,3.13.5,200,69,alocacao,39.976319,5002.961879
Linux,Linux-6.12.111+deb13-amd64-x86_64-with-glibc2.41,3.13.5,200,69,escrita,29.426961,6796.488431
Linux,Linux-6.12.111+deb13-amd64-x86_64-with-glibc2.41,3.13.5,200,69,leitura,18.720252,10683.616866
Linux,Linux-6.12.111+deb13-amd64-x86_64-with-glibc2.41,3.13.5,200,69,liberacao,1.140667,175336.009545
Linux,Linux-6.12.111+deb13-amd64-x86_64-with-glibc2.41,3.13.5,200,70,alocacao,40.565005,4930.358076
Linux,Linux-6.12.111+deb13-amd64-x86_64-with-glibc2.41,3.13.5,200,70,escrita,29.651784,6744.956728
Linux,Linux-6.12.111+deb13-amd64-x86_64-with-glibc2.41,3.13.5,200,70,leitura,18.972094,10541.798918
Linux,Linux-6.12.111+deb13-amd64-x86_64-with-glibc2.41,3.13.5,200,70,liberacao,1.027737,194602.315573
Linux,Linux-6.12.111+deb13-amd64-x86_64-with-glibc2.41,3.13.5,200,71,alocacao,40.449537,4944.432368
Linux,Linux-6.12.111+deb13-amd64-x86_64-with-glibc2.41,3.13.5,200,71,escrita,29.472164,6786.064301
Linux,Linux-6.12.111+deb13-amd64-x86_64-with-glibc2.41,3.13.5,200,71,leitura,18.778091,10650.709915
Linux,Linux-6.12.111+deb13-amd64-x86_64-with-glibc2.41,3.13.5,200,71,liberacao,0.974684,205194.70926
Linux,Linux-6.12.111+deb13-amd64-x86_64-with-glibc2.41,3.13.5,200,72,alocacao,40.204919,4974.515681
Linux,Linux-6.12.111+deb13-amd64-x86_64-with-glibc2.41,3.13.5,200,72,escrita,29.865514,6696.687022
Linux,Linux-6.12.111+deb13-amd64-x86_64-with-glibc2.41,3.13.5,200,72,leitura,18.748659,10667.429601
Linux,Linux-6.12.111+deb13-amd64-x86_64-with-glibc2.41,3.13.5,200,72,liberacao,0.924478,216338.301182
Linux,Linux-6.12.111+deb13-amd64-x86_64-with-glibc2.41,3.13.5,200,73,alocacao,40.499026,4938.39037
Linux,Linux-6.12.111+deb13-amd64-x86_64-with-glibc2.41,3.13.5,200,73,escrita,29.488047,6782.409157
Linux,Linux-6.12.111+deb13-amd64-x86_64-with-glibc2.41,3.13.5,200,73,leitura,18.808414,10633.538798
Linux,Linux-6.12.111+deb13-amd64-x86_64-with-glibc2.41,3.13.5,200,73,liberacao,0.965574,207130.680818
Linux,Linux-6.12.111+deb13-amd64-x86_64-with-glibc2.41,3.13.5,200,74,alocacao,40.209025,4974.007701
Linux,Linux-6.12.111+deb13-amd64-x86_64-with-glibc2.41,3.13.5,200,74,escrita,30.795177,6494.523477
Linux,Linux-6.12.111+deb13-amd64-x86_64-with-glibc2.41,3.13.5,200,74,leitura,20.077816,9961.242797
Linux,Linux-6.12.111+deb13-amd64-x86_64-with-glibc2.41,3.13.5,200,74,liberacao,1.309746,152701.36347
Linux,Linux-6.12.111+deb13-amd64-x86_64-with-glibc2.41,3.13.5,200,75,alocacao,45.204587,4424.32977
Linux,Linux-6.12.111+deb13-amd64-x86_64-with-glibc2.41,3.13.5,200,75,escrita,30.33009,6594.111656
Linux,Linux-6.12.111+deb13-amd64-x86_64-with-glibc2.41,3.13.5,200,75,leitura,21.020388,9514.572233
Linux,Linux-6.12.111+deb13-amd64-x86_64-with-glibc2.41,3.13.5,200,75,liberacao,1.052704,189986.928899
Linux,Linux-6.12.111+deb13-amd64-x86_64-with-glibc2.41,3.13.5,200,76,alocacao,41.323708,4839.836735
Linux,Linux-6.12.111+deb13-amd64-x86_64-with-glibc2.41,3.13.5,200,76,escrita,30.165848,6630.01418
Linux,Linux-6.12.111+deb13-amd64-x86_64-with-glibc2.41,3.13.5,200,76,leitura,19.770801,10115.928029
Linux,Linux-6.12.111+deb13-amd64-x86_64-with-glibc2.41,3.13.5,200,76,liberacao,1.017973,196468.865088
Linux,Linux-6.12.111+deb13-amd64-x86_64-with-glibc2.41,3.13.5,200,77,alocacao,41.191877,4855.326209
Linux,Linux-6.12.111+deb13-amd64-x86_64-with-glibc2.41,3.13.5,200,77,escrita,30.146054,6634.36747
Linux,Linux-6.12.111+deb13-amd64-x86_64-with-glibc2.41,3.13.5,200,77,leitura,19.139466,10449.612335
Linux,Linux-6.12.111+deb13-amd64-x86_64-with-glibc2.41,3.13.5,200,77,liberacao,1.010231,197974.522659
Linux,Linux-6.12.111+deb13-amd64-x86_64-with-glibc2.41,3.13.5,200,78,alocacao,40.26255,4967.395259
Linux,Linux-6.12.111+deb13-amd64-x86_64-with-glibc2.41,3.13.5,200,78,escrita,29.922895,6683.845263
Linux,Linux-6.12.111+deb13-amd64-x86_64-with-glibc2.41,3.13.5,200,78,leitura,19.034021,10507.501279
Linux,Linux-6.12.111+deb13-amd64-x86_64-with-glibc2.41,3.13.5,200,78,liberacao,0.924791,216265.080434
Linux,Linux-6.12.111+deb13-amd64-x86_64-with-glibc2.41,3.13.5,200,79,alocacao,40.397878,4950.755087
Linux,Linux-6.12.111+deb13-amd64-x86_64-with-glibc2.41,3.13.5,200,79,escrita,29.552409,6767.637792
Linux,Linux-6.12.111+deb13-amd64-x86_64-with-glibc2.41,3.13.5,200,79,leitura,18.742141,10671.139439
Linux,Linux-6.12.111+deb13-amd64-x86_64-with-glibc2.41,3.13.5,200,79,liberacao,0.916595,218198.877367
Linux,Linux-6.12.111+deb13-amd64-x86_64-with-glibc2.41,3.13.5,200,80,alocacao,43.219344,4627.557512
Linux,Linux-6.12.111+deb13-amd64-x86_64-with-glibc2.41,3.13.5,200,80,escrita,30.958376,6460.287193
Linux,Linux-6.12.111+deb13-amd64-x86_64-with-glibc2.41,3.13.5,200,80,leitura,19.625661,10190.739563
Linux,Linux-6.12.111+deb13-amd64-x86_64-with-glibc2.41,3.13.5,200,80,liberacao,0.969004,206397.496811
Linux,Linux-6.12.111+deb13-amd64-x86_64-with-glibc2.41,3.13.5,200,81,alocacao,41.719546,4793.916022
Linux,Linux-6.12.111+deb13-amd64-x86_64-with-glibc2.41,3.13.5,200,81,escrita,30.215893,6619.033235
Linux,Linux-6.12.111+deb13-amd64-x86_64-with-glibc2.41,3.13.5,200,81,leitura,19.320082,10351.922937
Linux,Linux-6.12.111+deb13-amd64-x86_64-with-glibc2.41,3.13.5,200,81,liberacao,1.02254,195591.370509
Linux,Linux-6.12.111+deb13-amd64-x86_64-with-glibc2.41,3.13.5,200,82,alocacao,41.141725,4861.24488
Linux,Linux-6.12.111+deb13-amd64-x86_64-with-glibc2.41,3.13.5,200,82,escrita,29.369618,6809.758302
Linux,Linux-6.12.111+deb13-amd64-x86_64-with-glibc2.41,3.13.5,200,82,leitura,18.70116,10694.523762
Linux,Linux-6.12.111+deb13-amd64-x86_64-with-glibc2.41,3.13.5,200,82,liberacao,0.929742,215113.440073
Linux,Linux-6.12.111+deb13-amd64-x86_64-with-glibc2.41,3.13.5,200,83,alocacao,41.006495,4877.276149
Linux,Linux-6.12.111+deb13-amd64-x86_64-with-glibc2.41,3.13.5,200,83,escrita,29.614052,6753.550645
Linux,Linux-6.12.111+deb13-amd64-x86_64-with-glibc2.41,3.13.5,200,83,leitura,19.262848,10382.680692
Linux,Linux-6.12.111+deb13-amd64-x86_64-with-glibc2.41,3.13.5,200,83,liberacao,0.924212,216400.566104
Linux,Linux-6.12.111+deb13-amd64-x86_64-with-glibc2.41,3.13.5,200,84,alocacao,40.549181,4932.282109
Linux,Linux-6.12.111+deb13-amd64-x86_64-with-glibc2.41,3.13.5,200,84,escrita,32.327189,6186.742683
Linux,Linux-6.12.111+deb13-amd64-x86_64-with-glibc2.41,3.13.5,200,84,leitura,20.731526,9647.143196
Linux,Linux-6.12.111+deb13-amd64-x86_64-with-glibc2.41,3.13.5,200,84,liberacao,1.06983,186945.589486
Linux,Linux-6.12.111+deb13-amd64-x86_64-with-glibc2.41,3.13.5,200,85,alocacao,42.609264,4693.814941
Linux,Linux-6.12.111+deb13-amd64-x86_64-with-glibc2.41,3.13.5,200,85,escrita,37.670924,5309.13444
Linux,Linux-6.12.111+deb13-amd64-x86_64-with-glibc2.41,3.13.5,200,85,leitura,20.752238,9637.514759
Linux,Linux-6.12.111+deb13-amd64-x86_64-with-glibc2.41,3.13.5,200,85,liberacao,1.065682,187673.245865
Linux,Linux-6.12.111+deb13-amd64-x86_64-with-glibc2.41,3.13.5,200,86,alocacao,42.18323,4741.220623
Linux,Linux-6.12.111+deb13-amd64-x86_64-with-glibc2.41,3.13.5,200,86,escrita,30.970067,6457.848477
Linux,Linux-6.12.111+deb13-amd64-x86_64-with-glibc2.41,3.13.5,200,86,leitura,19.586347,10211.194563
Linux,Linux-6.12.111+deb13-amd64-x86_64-with-glibc2.41,3.13.5,200,86,liberacao,1.069502,187002.922856
Linux,Linux-6.12.111+deb13-amd64-x86_64-with-glibc2.41,3.13.5,200,87,alocacao,40.985378,4879.78908
Linux,Linux-6.12.111+deb13-amd64-x86_64-with-glibc2.41,3.13.5,200,87,escrita,29.511589,6776.99869
Linux,Linux-6.12.111+deb13-amd64-x86_64-with-glibc2.41,3.13.5,200,87,leitura,18.96322,10546.732042
Linux,Linux-6.12.111+deb13-amd64-x86_64-with-glibc2.41,3.13.5,200,87,liberacao,0.921554,217024.721286
Linux,Linux-6.12.111+deb13-amd64-x86_64-with-glibc2.41,3.13.5,200,88,alocacao,40.911963,4888.54568
Linux,Linux-6.12.111+deb13-amd64-x86_64-with-glibc2.41,3.13.5,200,88,escrita,29.403769,6801.84911
Linux,Linux-6.12.111+deb13-amd64-x86_64-with-glibc2.41,3.13.5,200,88,leitura,18.869976,10598.847608
Linux,Linux-6.12.111+deb13-amd64-x86_64-with-glibc2.41,3.13.5,200,88,liberacao,0.922632,216771.150361
Linux,Linux-6.12.111+deb13-amd64-x86_64-with-glibc2.41,3.13.5,200,89,alocacao,40.81959,4899.608252
Linux,Linux-6.12.111+deb13-amd64-x86_64-with-glibc2.41,3.13.5,200,89,escrita,29.495737,6780.640877
Linux,Linux-6.12.111+deb13-amd64-x86_64-with-glibc2.41,3.13.5,200,89,leitura,18.781485,10648.785227
Linux,Linux-6.12.111+deb13-amd64-x86_64-with-glibc2.41,3.13.5,200,89,liberacao,0.913745,218879.446673
Linux,Linux-6.12.111+deb13-amd64-x86_64-with-glibc2.41,3.13.5,200,90,alocacao,39.981623,5002.298181
Linux,Linux-6.12.111+deb13-amd64-x86_64-with-glibc2.41,3.13.5,200,90,escrita,29.348764,6814.59703
Linux,Linux-6.12.111+deb13-amd64-x86_64-with-glibc2.41,3.13.5,200,90,leitura,18.856326,10606.520061
Linux,Linux-6.12.111+deb13-amd64-x86_64-with-glibc2.41,3.13.5,200,90,liberacao,0.972721,205608.802524
Linux,Linux-6.12.111+deb13-amd64-x86_64-with-glibc2.41,3.13.5,200,91,alocacao,40.137653,4982.852386
Linux,Linux-6.12.111+deb13-amd64-x86_64-with-glibc2.41,3.13.5,200,91,escrita,29.541853,6770.056029
Linux,Linux-6.12.111+deb13-amd64-x86_64-with-glibc2.41,3.13.5,200,91,leitura,18.701033,10694.596389
Linux,Linux-6.12.111+deb13-amd64-x86_64-with-glibc2.41,3.13.5,200,91,liberacao,0.994427,201120.846477
Linux,Linux-6.12.111+deb13-amd64-x86_64-with-glibc2.41,3.13.5,200,92,alocacao,40.584896,4927.941666
Linux,Linux-6.12.111+deb13-amd64-x86_64-with-glibc2.41,3.13.5,200,92,escrita,29.503963,6778.750367
Linux,Linux-6.12.111+deb13-amd64-x86_64-with-glibc2.41,3.13.5,200,92,leitura,18.842464,10614.323052
Linux,Linux-6.12.111+deb13-amd64-x86_64-with-glibc2.41,3.13.5,200,92,liberacao,1.030847,194015.212733
Linux,Linux-6.12.111+deb13-amd64-x86_64-with-glibc2.41,3.13.5,200,93,alocacao,40.192689,4976.029347
Linux,Linux-6.12.111+deb13-amd64-x86_64-with-glibc2.41,3.13.5,200,93,escrita,29.769487,6718.288427
Linux,Linux-6.12.111+deb13-amd64-x86_64-with-glibc2.41,3.13.5,200,93,leitura,19.417471,10300.002508
Linux,Linux-6.12.111+deb13-amd64-x86_64-with-glibc2.41,3.13.5,200,93,liberacao,0.922259,216858.821654
Linux,Linux-6.12.111+deb13-amd64-x86_64-with-glibc2.41,3.13.5,200,94,alocacao,40.145018,4981.938232
Linux,Linux-6.12.111+deb13-amd64-x86_64-with-glibc2.41,3.13.5,200,94,escrita,30.014872,6663.363415
Linux,Linux-6.12.111+deb13-amd64-x86_64-with-glibc2.41,3.13.5,200,94,leitura,18.76945,10655.613244
Linux,Linux-6.12.111+deb13-amd64-x86_64-with-glibc2.41,3.13.5,200,94,liberacao,0.989545,202113.092381
Linux,Linux-6.12.111+deb13-amd64-x86_64-with-glibc2.41,3.13.5,200,95,alocacao,40.505998,4937.540361
Linux,Linux-6.12.111+deb13-amd64-x86_64-with-glibc2.41,3.13.5,200,95,escrita,29.394245,6804.05297
Linux,Linux-6.12.111+deb13-amd64-x86_64-with-glibc2.41,3.13.5,200,95,leitura,18.670669,10711.988949
Linux,Linux-6.12.111+deb13-amd64-x86_64-with-glibc2.41,3.13.5,200,95,liberacao,0.970422,206095.904668
Linux,Linux-6.12.111+deb13-amd64-x86_64-with-glibc2.41,3.13.5,200,96,alocacao,48.764408,4101.351953
Linux,Linux-6.12.111+deb13-amd64-x86_64-with-glibc2.41,3.13.5,200,96,escrita,30.648906,6525.518399
Linux,Linux-6.12.111+deb13-amd64-x86_64-with-glibc2.41,3.13.5,200,96,leitura,19.821229,10090.191683
Linux,Linux-6.12.111+deb13-amd64-x86_64-with-glibc2.41,3.13.5,200,96,liberacao,0.994139,201179.110768
Linux,Linux-6.12.111+deb13-amd64-x86_64-with-glibc2.41,3.13.5,200,97,alocacao,43.341438,4614.521558
Linux,Linux-6.12.111+deb13-amd64-x86_64-with-glibc2.41,3.13.5,200,97,escrita,30.290099,6602.81764
Linux,Linux-6.12.111+deb13-amd64-x86_64-with-glibc2.41,3.13.5,200,97,leitura,19.677022,10164.139675
Linux,Linux-6.12.111+deb13-amd64-x86_64-with-glibc2.41,3.13.5,200,97,liberacao,1.011266,197771.901755
Linux,Linux-6.12.111+deb13-amd64-x86_64-with-glibc2.41,3.13.5,200,98,alocacao,43.656702,4581.198094
Linux,Linux-6.12.111+deb13-amd64-x86_64-with-glibc2.41,3.13.5,200,98,escrita,30.349485,6589.897654
Linux,Linux-6.12.111+deb13-amd64-x86_64-with-glibc2.41,3.13.5,200,98,leitura,19.64164,10182.449123
Linux,Linux-6.12.111+deb13-amd64-x86_64-with-glibc2.41,3.13.5,200,98,liberacao,1.073629,186284.088824
Linux,Linux-6.12.111+deb13-amd64-x86_64-with-glibc2.41,3.13.5,200,99,alocacao,42.016702,4760.011864
Linux,Linux-6.12.111+deb13-amd64-x86_64-with-glibc2.41,3.13.5,200,99,escrita,30.493757,6558.719544
Linux,Linux-6.12.111+deb13-amd64-x86_64-with-glibc2.41,3.13.5,200,99,leitura,19.727479,10138.142841
Linux,Linux-6.12.111+deb13-amd64-x86_64-with-glibc2.41,3.13.5,200,99,liberacao,1.114802,179404.055608
Linux,Linux-6.12.111+deb13-amd64-x86_64-with-glibc2.41,3.13.5,200,100,alocacao,40.666417,4918.062981
Linux,Linux-6.12.111+deb13-amd64-x86_64-with-glibc2.41,3.13.5,200,100,escrita,29.533465,6771.978838
Linux,Linux-6.12.111+deb13-amd64-x86_64-with-glibc2.41,3.13.5,200,100,leitura,19.020472,10514.986169
Linux,Linux-6.12.111+deb13-amd64-x86_64-with-glibc2.41,3.13.5,200,100,liberacao,1.025565,195014.455447
Linux,Linux-6.12.111+deb13-amd64-x86_64-with-glibc2.41,3.13.5,300,1,alocacao,74.498332,4026.935798
Linux,Linux-6.12.111+deb13-amd64-x86_64-with-glibc2.41,3.13.5,300,1,escrita,45.806377,6549.306443
Linux,Linux-6.12.111+deb13-amd64-x86_64-with-glibc2.41,3.13.5,300,1,leitura,30.569117,9813.826157
Linux,Linux-6.12.111+deb13-amd64-x86_64-with-glibc2.41,3.13.5,300,1,liberacao,1.535623,195360.449798
Linux,Linux-6.12.111+deb13-amd64-x86_64-with-glibc2.41,3.13.5,300,2,alocacao,61.846983,4850.681237
Linux,Linux-6.12.111+deb13-amd64-x86_64-with-glibc2.41,3.13.5,300,2,escrita,44.206628,6786.312677
Linux,Linux-6.12.111+deb13-amd64-x86_64-with-glibc2.41,3.13.5,300,2,leitura,31.383487,9559.167214
Linux,Linux-6.12.111+deb13-amd64-x86_64-with-glibc2.41,3.13.5,300,2,liberacao,1.442035,208039.333303
Linux,Linux-6.12.111+deb13-amd64-x86_64-with-glibc2.41,3.13.5,300,3,alocacao,59.706031,5024.618032
Linux,Linux-6.12.111+deb13-amd64-x86_64-with-glibc2.41,3.13.5,300,3,escrita,44.766569,6701.429364
Linux,Linux-6.12.111+deb13-amd64-x86_64-with-glibc2.41,3.13.5,300,3,leitura,29.788125,10071.127337
Linux,Linux-6.12.111+deb13-amd64-x86_64-with-glibc2.41,3.13.5,300,3,liberacao,1.454538,206251.057037
Linux,Linux-6.12.111+deb13-amd64-x86_64-with-glibc2.41,3.13.5,300,4,alocacao,60.368693,4969.463228
Linux,Linux-6.12.111+deb13-amd64-x86_64-with-glibc2.41,3.13.5,300,4,escrita,45.451607,6600.426691
Linux,Linux-6.12.111+deb13-amd64-x86_64-with-glibc2.41,3.13.5,300,4,leitura,34.242345,8761.082221
Linux,Linux-6.12.111+deb13-amd64-x86_64-with-glibc2.41,3.13.5,300,4,liberacao,1.574091,190586.185932
Linux,Linux-6.12.111+deb13-amd64-x86_64-with-glibc2.41,3.13.5,300,5,alocacao,61.865871,4849.200297
Linux,Linux-6.12.111+deb13-amd64-x86_64-with-glibc2.41,3.13.5,300,5,escrita,45.745892,6557.965904
Linux,Linux-6.12.111+deb13-amd64-x86_64-with-glibc2.41,3.13.5,300,5,leitura,31.056665,9659.762244
Linux,Linux-6.12.111+deb13-amd64-x86_64-with-glibc2.41,3.13.5,300,5,liberacao,1.595268,188056.176141
Linux,Linux-6.12.111+deb13-amd64-x86_64-with-glibc2.41,3.13.5,300,6,alocacao,60.475633,4960.675649
Linux,Linux-6.12.111+deb13-amd64-x86_64-with-glibc2.41,3.13.5,300,6,escrita,44.769036,6701.060081
Linux,Linux-6.12.111+deb13-amd64-x86_64-with-glibc2.41,3.13.5,300,6,leitura,30.448579,9852.67654
Linux,Linux-6.12.111+deb13-amd64-x86_64-with-glibc2.41,3.13.5,300,6,liberacao,1.467388,204444.904824
Linux,Linux-6.12.111+deb13-amd64-x86_64-with-glibc2.41,3.13.5,300,7,alocacao,60.926477,4923.967621
Linux,Linux-6.12.111+deb13-amd64-x86_64-with-glibc2.41,3.13.5,300,7,escrita,44.146435,6795.565712
Linux,Linux-6.12.111+deb13-amd64-x86_64-with-glibc2.41,3.13.5,300,7,leitura,29.427101,10194.684145
Linux,Linux-6.12.111+deb13-amd64-x86_64-with-glibc2.41,3.13.5,300,7,liberacao,1.455485,206116.86139
Linux,Linux-6.12.111+deb13-amd64-x86_64-with-glibc2.41,3.13.5,300,8,alocacao,60.369434,4969.402231
Linux,Linux-6.12.111+deb13-amd64-x86_64-with-glibc2.41,3.13.5,300,8,escrita,44.108728,6801.375002
Linux,Linux-6.12.111+deb13-amd64-x86_64-with-glibc2.41,3.13.5,300,8,leitura,29.72933,10091.04477
Linux,Linux-6.12.111+deb13-amd64-x86_64-with-glibc2.41,3.13.5,300,8,liberacao,1.461204,205310.1415
Linux,Linux-6.12.111+deb13-amd64-x86_64-with-glibc2.41,3.13.5,300,9,alocacao,61.02224,4916.240374
Linux,Linux-6.12.111+deb13-amd64-x86_64-with-glibc2.41,3.13.5,300,9,escrita,44.394946,6757.525958
Linux,Linux-6.12.111+deb13-amd64-x86_64-with-glibc2.41,3.13.5,300,9,leitura,29.476973,10177.43579
Linux,Linux-6.12.111+deb13-amd64-x86_64-with-glibc2.41,3.13.5,300,9,liberacao,1.459851,205500.424358
Linux,Linux-6.12.111+deb13-amd64-x86_64-with-glibc2.41,3.13.5,300,10,alocacao,60.645736,4946.761632
Linux,Linux-6.12.111+deb13-amd64-x86_64-with-glibc2.41,3.13.5,300,10,escrita,44.39482,6757.545137
Linux,Linux-6.12.111+deb13-amd64-x86_64-with-glibc2.41,3.13.5,300,10,leitura,29.822635,10059.473283
Linux,Linux-6.12.111+deb13-amd64-x86_64-with-glibc2.41,3.13.5,300,10,liberacao,1.462206,205169.449448
Linux,Linux-6.12.111+deb13-amd64-x86_64-with-glibc2.41,3.13.5,300,11,alocacao,59.996515,5000.290434
Linux,Linux-6.12.111+deb13-amd64-x86_64-with-glibc2.41,3.13.5,300,11,escrita,44.130591,6798.005492
Linux,Linux-6.12.111+deb13-amd64-x86_64-with-glibc2.41,3.13.5,300,11,leitura,32.601714,9201.970179
Linux,Linux-6.12.111+deb13-amd64-x86_64-with-glibc2.41,3.13.5,300,11,liberacao,1.865564,160809.278052
Linux,Linux-6.12.111+deb13-amd64-x86_64-with-glibc2.41,3.13.5,300,12,alocacao,64.555114,4647.191855
Linux,Linux-6.12.111+deb13-amd64-x86_64-with-glibc2.41,3.13.5,300,12,escrita,45.960906,6527.286473
Linux,Linux-6.12.111+deb13-amd64-x86_64-with-glibc2.41,3.13.5,300,12,leitura,30.344216,9886.562896
Linux,Linux-6.12.111+deb13-amd64-x86_64-with-glibc2.41,3.13.5,300,12,liberacao,1.701417,176323.617314
Linux,Linux-6.12.111+deb13-amd64-x86_64-with-glibc2.41,3.13.5,300,13,alocacao,61.732741,4859.65786
Linux,Linux-6.12.111+deb13-amd64-x86_64-with-glibc2.41,3.13.5,300,13,escrita,44.399651,6756.809868
Linux,Linux-6.12.111+deb13-amd64-x86_64-with-glibc2.41,3.13.5,300,13,leitura,29.872936,10042.534821
Linux,Linux-6.12.111+deb13-amd64-x86_64-with-glibc2.41,3.13.5,300,13,liberacao,1.487286,201709.691344
Linux,Linux-6.12.111+deb13-amd64-x86_64-with-glibc2.41,3.13.5,300,14,alocacao,60.441299,4963.493587
Linux,Linux-6.12.111+deb13-amd64-x86_64-with-glibc2.41,3.13.5,300,14,escrita,44.179358,6790.501573
Linux,Linux-6.12.111+deb13-amd64-x86_64-with-glibc2.41,3.13.5,300,14,leitura,29.330136,10228.387622
Linux,Linux-6.12.111+deb13-amd64-x86_64-with-glibc2.41,3.13.5,300,14,liberacao,1.452231,206578.705454
Linux,Linux-6.12.111+deb13-amd64-x86_64-with-glibc2.41,3.13.5,300,15,alocacao,60.222286,4981.54454
Linux,Linux-6.12.111+deb13-amd64-x86_64-with-glibc2.41,3.13.5,300,15,escrita,44.321276,6768.758192
Linux,Linux-6.12.111+deb13-amd64-x86_64-with-glibc2.41,3.13.5,300,15,leitura,29.504763,10167.849849
Linux,Linux-6.12.111+deb13-amd64-x86_64-with-glibc2.41,3.13.5,300,15,liberacao,1.420634,211173.321207
Linux,Linux-6.12.111+deb13-amd64-x86_64-with-glibc2.41,3.13.5,300,16,alocacao,60.486597,4959.776461
Linux,Linux-6.12.111+deb13-amd64-x86_64-with-glibc2.41,3.13.5,300,16,escrita,44.176475,6790.944728
Linux,Linux-6.12.111+deb13-amd64-x86_64-with-glibc2.41,3.13.5,300,16,leitura,29.294458,10240.844872
Linux,Linux-6.12.111+deb13-amd64-x86_64-with-glibc2.41,3.13.5,300,16,liberacao,1.515957,197894.795169
Linux,Linux-6.12.111+deb13-amd64-x86_64-with-glibc2.41,3.13.5,300,17,alocacao,60.117841,4990.199166
Linux,Linux-6.12.111+deb13-amd64-x86_64-with-glibc2.41,3.13.5,300,17,escrita,44.930889,6676.921082
Linux,Linux-6.12.111+deb13-amd64-x86_64-with-glibc2.41,3.13.5,300,17,leitura,29.879312,10040.391827
Linux,Linux-6.12.111+deb13-amd64-x86_64-with-glibc2.41,3.13.5,300,17,liberacao,1.513298,198242.514032
Linux,Linux-6.12.111+deb13-amd64-x86_64-with-glibc2.41,3.13.5,300,18,alocacao,59.91296,5007.263871
Linux,Linux-6.12.111+deb13-amd64-x86_64-with-glibc2.41,3.13.5,300,18,escrita,44.208506,6786.024391
Linux,Linux-6.12.111+deb13-amd64-x86_64-with-glibc2.41,3.13.5,300,18,leitura,29.544584,10154.145342
Linux,Linux-6.12.111+deb13-amd64-x86_64-with-glibc2.41,3.13.5,300,18,liberacao,1.452681,206514.713141
Linux,Linux-6.12.111+deb13-amd64-x86_64-with-glibc2.41,3.13.5,300,19,alocacao,67.05436,4473.982005
Linux,Linux-6.12.111+deb13-amd64-x86_64-with-glibc2.41,3.13.5,300,19,escrita,45.794038,6551.071124
Linux,Linux-6.12.111+deb13-amd64-x86_64-with-glibc2.41,3.13.5,300,19,leitura,30.638808,9791.503638
Linux,Linux-6.12.111+deb13-amd64-x86_64-with-glibc2.41,3.13.5,300,19,liberacao,1.544164,194279.882189
Linux,Linux-6.12.111+deb13-amd64-x86_64-with-glibc2.41,3.13.5,300,20,alocacao,62.286966,4816.416969
Linux,Linux-6.12.111+deb13-amd64-x86_64-with-glibc2.41,3.13.5,300,20,escrita,44.209278,6785.905891
Linux,Linux-6.12.111+deb13-amd64-x86_64-with-glibc2.41,3.13.5,300,20,leitura,29.441241,10189.787856
Linux,Linux-6.12.111+deb13-amd64-x86_64-with-glibc2.41,3.13.5,300,20,liberacao,1.600886,187396.229338
Linux,Linux-6.12.111+deb13-amd64-x86_64-with-glibc2.41,3.13.5,300,21,alocacao,60.541671,4955.264614
Linux,Linux-6.12.111+deb13-amd64-x86_64-with-glibc2.41,3.13.5,300,21,escrita,44.646676,6719.425204
Linux,Linux-6.12.111+deb13-amd64-x86_64-with-glibc2.41,3.13.5,300,21,leitura,29.398613,10204.563052
Linux,Linux-6.12.111+deb13-amd64-x86_64-with-glibc2.41,3.13.5,300,21,liberacao,1.459177,205595.34587
Linux,Linux-6.12.111+deb13-amd64-x86_64-with-glibc2.41,3.13.5,300,22,alocacao,59.842115,5013.191796
Linux,Linux-6.12.111+deb13-amd64-x86_64-with-glibc2.41,3.13.5,300,22,escrita,44.828799,6692.126639
Linux,Linux-6.12.111+deb13-amd64-x86_64-with-glibc2.41,3.13.5,300,22,leitura,29.82359,10059.151162
Linux,Linux-6.12.111+deb13-amd64-x86_64-with-glibc2.41,3.13.5,300,22,liberacao,1.470823,203967.438638
Linux,Linux-6.12.111+deb13-amd64-x86_64-with-glibc2.41,3.13.5,300,23,alocacao,60.40437,4966.528084
Linux,Linux-6.12.111+deb13-amd64-x86_64-with-glibc2.41,3.13.5,300,23,escrita,44.1402,6796.525616
Linux,Linux-6.12.111+deb13-amd64-x86_64-with-glibc2.41,3.13.5,300,23,leitura,29.372875,10213.504807
Linux,Linux-6.12.111+deb13-amd64-x86_64-with-glibc2.41,3.13.5,300,23,liberacao,1.45734,205854.502038
Linux,Linux-6.12.111+deb13-amd64-x86_64-with-glibc2.41,3.13.5,300,24,alocacao,59.984591,5001.284413
Linux,Linux-6.12.111+deb13-amd64-x86_64-with-glibc2.41,3.13.5,300,24,escrita,44.503023,6741.115092
Linux,Linux-6.12.111+deb13-amd64-x86_64-with-glibc2.41,3.13.5,300,24,leitura,29.408429,10201.156954
Linux,Linux-6.12.111+deb13-amd64-x86_64-with-glibc2.41,3.13.5,300,24,liberacao,1.523989,196851.814547
Linux,Linux-6.12.111+deb13-amd64-x86_64-with-glibc2.41,3.13.5,300,25,alocacao,60.421055,4965.1566
Linux,Linux-6.12.111+deb13-amd64-x86_64-with-glibc2.41,3.13.5,300,25,escrita,44.171449,6791.717428
Linux,Linux-6.12.111+deb13-amd64-x86_64-with-glibc2.41,3.13.5,300,25,leitura,29.44358,10188.978378
Linux,Linux-6.12.111+deb13-amd64-x86_64-with-glibc2.41,3.13.5,300,25,liberacao,1.450378,206842.62999
Linux,Linux-6.12.111+deb13-amd64-x86_64-with-glibc2.41,3.13.5,300,26,alocacao,69.006704,4347.403696
Linux,Linux-6.12.111+deb13-amd64-x86_64-with-glibc2.41,3.13.5,300,26,escrita,46.063528,6512.744747
Linux,Linux-6.12.111+deb13-amd64-x86_64-with-glibc2.41,3.13.5,300,26,leitura,31.681824,9469.151776
Linux,Linux-6.12.111+deb13-amd64-x86_64-with-glibc2.41,3.13.5,300,26,liberacao,1.560334,192266.527551
Linux,Linux-6.12.111+deb13-amd64-x86_64-with-glibc2.41,3.13.5,300,27,alocacao,61.590575,4870.87513
Linux,Linux-6.12.111+deb13-amd64-x86_64-with-glibc2.41,3.13.5,300,27,escrita,47.366768,6333.55436
Linux,Linux-6.12.111+deb13-amd64-x86_64-with-glibc2.41,3.13.5,300,27,leitura,31.137054,9634.822871
Linux,Linux-6.12.111+deb13-amd64-x86_64-with-glibc2.41,3.13.5,300,27,liberacao,1.590411,188630.486082
Linux,Linux-6.12.111+deb13-amd64-x86_64-with-glibc2.41,3.13.5,300,28,alocacao,64.536718,4648.516524
Linux,Linux-6.12.111+deb13-amd64-x86_64-with-glibc2.41,3.13.5,300,28,escrita,45.739439,6558.891114
Linux,Linux-6.12.111+deb13-amd64-x86_64-with-glibc2.41,3.13.5,300,28,leitura,30.462052,9848.31882
Linux,Linux-6.12.111+deb13-amd64-x86_64-with-glibc2.41,3.13.5,300,28,liberacao,1.485851,201904.497826
Linux,Linux-6.12.111+deb13-amd64-x86_64-with-glibc2.41,3.13.5,300,29,alocacao,61.284023,4895.239988
Linux,Linux-6.12.111+deb13-amd64-x86_64-with-glibc2.41,3.13.5,300,29,escrita,47.252402,6348.883597
Linux,Linux-6.12.111+deb13-amd64-x86_64-with-glibc2.41,3.13.5,300,29,leitura,31.94418,9391.382092
Linux,Linux-6.12.111+deb13-amd64-x86_64-with-glibc2.41,3.13.5,300,29,liberacao,1.506412,199148.705666
Linux,Linux-6.12.111+deb13-amd64-x86_64-with-glibc2.41,3.13.5,300,30,alocacao,61.883704,4847.802905
Linux,Linux-6.12.111+deb13-amd64-x86_64-with-glibc2.41,3.13.5,300,30,escrita,45.535323,6588.291907
Linux,Linux-6.12.111+deb13-amd64-x86_64-with-glibc2.41,3.13.5,300,30,leitura,30.67661,9779.437819
Linux,Linux-6.12.111+deb13-amd64-x86_64-with-glibc2.41,3.13.5,300,30,liberacao,1.479861,202721.74211
Linux,Linux-6.12.111+deb13-amd64-x86_64-with-glibc2.41,3.13.5,300,31,alocacao,61.020824,4916.354456
Linux,Linux-6.12.111+deb13-amd64-x86_64-with-glibc2.41,3.13.5,300,31,escrita,44.88522,6683.714595
Linux,Linux-6.12.111+deb13-amd64-x86_64-with-glibc2.41,3.13.5,300,31,leitura,29.716302,10095.46881
Linux,Linux-6.12.111+deb13-amd64-x86_64-with-glibc2.41,3.13.5,300,31,liberacao,1.515354,197973.542816
Linux,Linux-6.12.111+deb13-amd64-x86_64-with-glibc2.41,3.13.5,300,32,alocacao,60.918449,4924.616515
Linux,Linux-6.12.111+deb13-amd64-x86_64-with-glibc2.41,3.13.5,300,32,escrita,44.089671,6804.314779
Linux,Linux-6.12.111+deb13-amd64-x86_64-with-glibc2.41,3.13.5,300,32,leitura,33.566057,8937.600267
Linux,Linux-6.12.111+deb13-amd64-x86_64-with-glibc2.41,3.13.5,300,32,liberacao,1.473156,203644.42055
Linux,Linux-6.12.111+deb13-amd64-x86_64-with-glibc2.41,3.13.5,300,33,alocacao,66.071099,4540.563189
Linux,Linux-6.12.111+deb13-amd64-x86_64-with-glibc2.41,3.13.5,300,33,escrita,45.672625,6568.486046
Linux,Linux-6.12.111+deb13-amd64-x86_64-with-glibc2.41,3.13.5,300,33,leitura,30.925243,9700.813022
Linux,Linux-6.12.111+deb13-amd64-x86_64-with-glibc2.41,3.13.5,300,33,liberacao,1.494565,200727.301924
Linux,Linux-6.12.111+deb13-amd64-x86_64-with-glibc2.41,3.13.5,300,34,alocacao,62.328601,4813.199642
Linux,Linux-6.12.111+deb13-amd64-x86_64-with-glibc2.41,3.13.5,300,34,escrita,44.763708,6701.857675
Linux,Linux-6.12.111+deb13-amd64-x86_64-with-glibc2.41,3.13.5,300,34,leitura,29.841074,10053.257467
Linux,Linux-6.12.111+deb13-amd64-x86_64-with-glibc2.41,3.13.5,300,34,liberacao,1.490446,201282.032358
Linux,Linux-6.12.111+deb13-amd64-x86_64-with-glibc2.41,3.13.5,300,35,alocacao,60.836436,4931.255342
Linux,Linux-6.12.111+deb13-amd64-x86_64-with-glibc2.41,3.13.5,300,35,escrita,44.626233,6722.503331
Linux,Linux-6.12.111+deb13-amd64-x86_64-with-glibc2.41,3.13.5,300,35,leitura,29.898754,10033.86295
Linux,Linux-6.12.111+deb13-amd64-x86_64-with-glibc2.41,3.13.5,300,35,liberacao,1.547574,193851.796425
Linux,Linux-6.12.111+deb13-amd64-x86_64-with-glibc2.41,3.13.5,300,36,alocacao,60.257338,4978.64675
Linux,Linux-6.12.111+deb13-amd64-x86_64-with-glibc2.41,3.13.5,300,36,escrita,44.150553,6794.931878
Linux,Linux-6.12.111+deb13-amd64-x86_64-with-glibc2.41,3.13.5,300,36,leitura,29.657712,10115.412814
Linux,Linux-6.12.111+deb13-amd64-x86_64-with-glibc2.41,3.13.5,300,36,liberacao,1.460193,205452.29295
Linux,Linux-6.12.111+deb13-amd64-x86_64-with-glibc2.41,3.13.5,300,37,alocacao,60.043522,4996.375796
Linux,Linux-6.12.111+deb13-amd64-x86_64-with-glibc2.41,3.13.5,300,37,escrita,44.860823,6687.34945
Linux,Linux-6.12.111+deb13-amd64-x86_64-with-glibc2.41,3.13.5,300,37,leitura,29.616361,10129.536171
Linux,Linux-6.12.111+deb13-amd64-x86_64-with-glibc2.41,3.13.5,300,37,liberacao,1.467718,204398.937671
Linux,Linux-6.12.111+deb13-amd64-x86_64-with-glibc2.41,3.13.5,300,38,alocacao,62.549769,4796.180782
Linux,Linux-6.12.111+deb13-amd64-x86_64-with-glibc2.41,3.13.5,300,38,escrita,45.462819,6598.7989
Linux,Linux-6.12.111+deb13-amd64-x86_64-with-glibc2.41,3.13.5,300,38,leitura,31.537488,9512.488756
Linux,Linux-6.12.111+deb13-amd64-x86_64-with-glibc2.41,3.13.5,300,38,liberacao,1.636765,183288.376768
Linux,Linux-6.12.111+deb13-amd64-x86_64-with-glibc2.41,3.13.5,300,39,alocacao,62.265784,4818.055451
Linux,Linux-6.12.111+deb13-amd64-x86_64-with-glibc2.41,3.13.5,300,39,escrita,45.219206,6634.34913
Linux,Linux-6.12.111+deb13-amd64-x86_64-with-glibc2.41,3.13.5,300,39,leitura,30.450335,9852.108359
Linux,Linux-6.12.111+deb13-amd64-x86_64-with-glibc2.41,3.13.5,300,39,liberacao,1.579391,189946.631328
Linux,Linux-6.12.111+deb13-amd64-x86_64-with-glibc2.41,3.13.5,300,40,alocacao,66.072771,4540.448288
Linux,Linux-6.12.111+deb13-amd64-x86_64-with-glibc2.41,3.13.5,300,40,escrita,46.121882,6504.504738
Linux,Linux-6.12.111+deb13-amd64-x86_64-with-glibc2.41,3.13.5,300,40,leitura,30.732587,9761.625339
Linux,Linux-6.12.111+deb13-amd64-x86_64-with-glibc2.41,3.13.5,300,40,liberacao,1.522184,197085.24068
Linux,Linux-6.12.111+deb13-amd64-x86_64-with-glibc2.41,3.13.5,300,41,alocacao,62.892623,4770.034794
Linux,Linux-6.12.111+deb13-amd64-x86_64-with-glibc2.41,3.13.5,300,41,escrita,44.819861,6693.461187
Linux,Linux-6.12.111+deb13-amd64-x86_64-with-glibc2.41,3.13.5,300,41,leitura,30.473789,9844.525733
Linux,Linux-6.12.111+deb13-amd64-x86_64-with-glibc2.41,3.13.5,300,41,liberacao,1.453797,206356.183153
Linux,Linux-6.12.111+deb13-amd64-x86_64-with-glibc2.41,3.13.5,300,42,alocacao,60.994533,4918.473595
Linux,Linux-6.12.111+deb13-amd64-x86_64-with-glibc2.41,3.13.5,300,42,escrita,44.55343,6733.488308
Linux,Linux-6.12.111+deb13-amd64-x86_64-with-glibc2.41,3.13.5,300,42,leitura,30.026956,9991.022733
Linux,Linux-6.12.111+deb13-amd64-x86_64-with-glibc2.41,3.13.5,300,42,liberacao,1.466031,204634.144844
Linux,Linux-6.12.111+deb13-amd64-x86_64-with-glibc2.41,3.13.5,300,43,alocacao,60.862641,4929.132142
Linux,Linux-6.12.111+deb13-amd64-x86_64-with-glibc2.41,3.13.5,300,43,escrita,44.419237,6753.830553
Linux,Linux-6.12.111+deb13-amd64-x86_64-with-glibc2.41,3.13.5,300,43,leitura,29.946377,10017.90634
Linux,Linux-6.12.111+deb13-amd64-x86_64-with-glibc2.41,3.13.5,300,43,liberacao,1.462113,205182.499574
Linux,Linux-6.12.111+deb13-amd64-x86_64-with-glibc2.41,3.13.5,300,44,alocacao,60.74301,4938.839876
Linux,Linux-6.12.111+deb13-amd64-x86_64-with-glibc2.41,3.13.5,300,44,escrita,44.130507,6798.018432
Linux,Linux-6.12.111+deb13-amd64-x86_64-with-glibc2.41,3.13.5,300,44,leitura,29.729305,10091.053255
Linux,Linux-6.12.111+deb13-amd64-x86_64-with-glibc2.41,3.13.5,300,44,liberacao,1.555659,192844.31871
Linux,Linux-6.12.111+deb13-amd64-x86_64-with-glibc2.41,3.13.5,300,45,alocacao,60.416447,4965.535295
Linux,Linux-6.12.111+deb13-amd64-x86_64-with-glibc2.41,3.13.5,300,45,escrita,44.163682,6792.911877
Linux,Linux-6.12.111+deb13-amd64-x86_64-with-glibc2.41,3.13.5,300,45,leitura,30.160306,9946.848683
Linux,Linux-6.12.111+deb13-amd64-x86_64-with-glibc2.41,3.13.5,300,45,liberacao,1.458641,205670.895032
Linux,Linux-6.12.111+deb13-amd64-x86_64-with-glibc2.41,3.13.5,300,46,alocacao,60.653765,4946.106808
Linux,Linux-6.12.111+deb13-amd64-x86_64-with-glibc2.41,3.13.5,300,46,escrita,44.311337,6770.276419
Linux,Linux-6.12.111+deb13-amd64-x86_64-with-glibc2.41,3.13.5,300,46,leitura,29.85365,10049.022481
Linux,Linux-6.12.111+deb13-amd64-x86_64-with-glibc2.41,3.13.5,300,46,liberacao,1.466341,204590.883021
Linux,Linux-6.12.111+deb13-amd64-x86_64-with-glibc2.41,3.13.5,300,47,alocacao,64.685734,4637.807774
Linux,Linux-6.12.111+deb13-amd64-x86_64-with-glibc2.41,3.13.5,300,47,escrita,52.907073,5670.319354
Linux,Linux-6.12.111+deb13-amd64-x86_64-with-glibc2.41,3.13.5,300,47,leitura,33.48734,8958.609433
Linux,Linux-6.12.111+deb13-amd64-x86_64-with-glibc2.41,3.13.5,300,47,liberacao,1.563078,191929.001624
Linux,Linux-6.12.111+deb13-amd64-x86_64-with-glibc2.41,3.13.5,300,48,alocacao,62.436388,4804.890379
Linux,Linux-6.12.111+deb13-amd64-x86_64-with-glibc2.41,3.13.5,300,48,escrita,46.124641,6504.115663
Linux,Linux-6.12.111+deb13-amd64-x86_64-with-glibc2.41,3.13.5,300,48,leitura,30.958006,9690.546607
Linux,Linux-6.12.111+deb13-amd64-x86_64-with-glibc2.41,3.13.5,300,48,liberacao,1.462736,205095.109439
Linux,Linux-6.12.111+deb13-amd64-x86_64-with-glibc2.41,3.13.5,300,49,alocacao,62.006763,4838.181925
Linux,Linux-6.12.111+deb13-amd64-x86_64-with-glibc2.41,3.13.5,300,49,escrita,44.241884,6780.904719
Linux,Linux-6.12.111+deb13-amd64-x86_64-with-glibc2.41,3.13.5,300,49,leitura,30.329009,9891.52003
Linux,Linux-6.12.111+deb13-amd64-x86_64-with-glibc2.41,3.13.5,300,49,liberacao,1.586864,189052.117888
Linux,Linux-6.12.111+deb13-amd64-x86_64-with-glibc2.41,3.13.5,300,50,alocacao,60.73893,4939.171632
Linux,Linux-6.12.111+deb13-amd64-x86_64-with-glibc2.41,3.13.5,300,50,escrita,44.56042,6732.432055
Linux,Linux-6.12.111+deb13-amd64-x86_64-with-glibc2.41,3.13.5,300,50,leitura,30.068343,9977.270779
Linux,Linux-6.12.111+deb13-amd64-x86_64-with-glibc2.41,3.13.5,300,50,liberacao,1.371918,218671.961444
Linux,Linux-6.12.111+deb13-amd64-x86_64-with-glibc2.41,3.13.5,300,51,alocacao,60.951646,4921.934348
Linux,Linux-6.12.111+deb13-amd64-x86_64-with-glibc2.41,3.13.5,300,51,escrita,44.187014,6789.325027
Linux,Linux-6.12.111+deb13-amd64-x86_64-with-glibc2.41,3.13.5,300,51,leitura,29.82509,10058.645255
Linux,Linux-6.12.111+deb13-amd64-x86_64-with-glibc2.41,3.13.5,300,51,liberacao,1.471939,203812.793873
Linux,Linux-6.12.111+deb13-amd64-x86_64-with-glibc2.41,3.13.5,300,52,alocacao,60.639528,4947.268059
Linux,Linux-6.12.111+deb13-amd64-x86_64-with-glibc2.41,3.13.5,300,52,escrita,44.029127,6813.671323
Linux,Linux-6.12.111+deb13-amd64-x86_64-with-glibc2.41,3.13.5,300,52,leitura,30.444051,9854.141947
Linux,Linux-6.12.111+deb13-amd64-x86_64-with-glibc2.41,3.13.5,300,52,liberacao,1.465747,204673.794318
Linux,Linux-6.12.111+deb13-amd64-x86_64-with-glibc2.41,3.13.5,300,53,alocacao,60.884679,4927.347979
Linux,Linux-6.12.111+deb13-amd64-x86_64-with-glibc2.41,3.13.5,300,53,escrita,44.488519,6743.312808
Linux,Linux-6.12.111+deb13-amd64-x86_64-with-glibc2.41,3.13.5,300,53,leitura,29.855959,10048.24531
Linux,Linux-6.12.111+deb13-amd64-x86_64-with-glibc2.41,3.13.5,300,53,liberacao,1.627479,184334.175741
Linux,Linux-6.12.111+deb13-amd64-x86_64-with-glibc2.41,3.13.5,300,54,alocacao,62.767707,4779.527791
Linux,Linux-6.12.111+deb13-amd64-x86_64-with-glibc2.41,3.13.5,300,54,escrita,49.388747,6074.258171
Linux,Linux-6.12.111+deb13-amd64-x86_64-with-glibc2.41,3.13.5,300,54,leitura,31.614486,9489.320813
Linux,Linux-6.12.111+deb13-amd64-x86_64-with-glibc2.41,3.13.5,300,54,liberacao,1.503158,199579.817957
Linux,Linux-6.12.111+deb13-amd64-x86_64-with-glibc2.41,3.13.5,300,55,alocacao,62.369867,4810.015067
Linux,Linux-6.12.111+deb13-amd64-x86_64-with-glibc2.41,3.13.5,300,55,escrita,45.851391,6542.876747
Linux,Linux-6.12.111+deb13-amd64-x86_64-with-glibc2.41,3.13.5,300,55,leitura,30.400673,9868.202589
Linux,Linux-6.12.111+deb13-amd64-x86_64-with-glibc2.41,3.13.5,300,55,liberacao,1.558277,192520.328542
Linux,Linux-6.12.111+deb13-amd64-x86_64-with-glibc2.41,3.13.5,300,56,alocacao,61.801439,4854.255902
Linux,Linux-6.12.111+deb13-amd64-x86_64-with-glibc2.41,3.13.5,300,56,escrita,44.891154,6682.831099
Linux,Linux-6.12.111+deb13-amd64-x86_64-with-glibc2.41,3.13.5,300,56,leitura,29.987289,10004.238796
Linux,Linux-6.12.111+deb13-amd64-x86_64-with-glibc2.41,3.13.5,300,56,liberacao,1.543405,194375.423171
Linux,Linux-6.12.111+deb13-amd64-x86_64-with-glibc2.41,3.13.5,300,57,alocacao,60.607621,4949.872558
Linux,Linux-6.12.111+deb13-amd64-x86_64-with-glibc2.41,3.13.5,300,57,escrita,44.18359,6789.851164
Linux,Linux-6.12.111+deb13-amd64-x86_64-with-glibc2.41,3.13.5,300,57,leitura,29.831954,10056.330873
Linux,Linux-6.12.111+deb13-amd64-x86_64-with-glibc2.41,3.13.5,300,57,liberacao,1.476064,203243.219806
Linux,Linux-6.12.111+deb13-amd64-x86_64-with-glibc2.41,3.13.5,300,58,alocacao,60.376547,4968.816782
Linux,Linux-6.12.111+deb13-amd64-x86_64-with-glibc2.41,3.13.5,300,58,escrita,44.344655,6765.189627
Linux,Linux-6.12.111+deb13-amd64-x86_64-with-glibc2.41,3.13.5,300,58,leitura,29.728728,10091.249111
Linux,Linux-6.12.111+deb13-amd64-x86_64-with-glibc2.41,3.13.5,300,58,liberacao,1.551104,193410.628817
Linux,Linux-6.12.111+deb13-amd64-x86_64-with-glibc2.41,3.13.5,300,59,alocacao,60.697745,4942.522988
Linux,Linux-6.12.111+deb13-amd64-x86_64-with-glibc2.41,3.13.5,300,59,escrita,44.230751,6782.611491
Linux,Linux-6.12.111+deb13-amd64-x86_64-with-glibc2.41,3.13.5,300,59,leitura,29.509416,10166.246597
Linux,Linux-6.12.111+deb13-amd64-x86_64-with-glibc2.41,3.13.5,300,59,liberacao,1.47538,203337.445268
Linux,Linux-6.12.111+deb13-amd64-x86_64-with-glibc2.41,3.13.5,300,60,alocacao,60.929462,4923.72639
Linux,Linux-6.12.111+deb13-amd64-x86_64-with-glibc2.41,3.13.5,300,60,escrita,44.175538,6791.08877
Linux,Linux-6.12.111+deb13-amd64-x86_64-with-glibc2.41,3.13.5,300,60,leitura,29.545912,10153.688943
Linux,Linux-6.12.111+deb13-amd64-x86_64-with-glibc2.41,3.13.5,300,60,liberacao,1.508171,198916.435868
Linux,Linux-6.12.111+deb13-amd64-x86_64-with-glibc2.41,3.13.5,300,61,alocacao,60.718234,4940.855164
Linux,Linux-6.12.111+deb13-amd64-x86_64-with-glibc2.41,3.13.5,300,61,escrita,50.906439,5893.164124
Linux,Linux-6.12.111+deb13-amd64-x86_64-with-glibc2.41,3.13.5,300,61,leitura,32.892919,9120.504021
Linux,Linux-6.12.111+deb13-amd64-x86_64-with-glibc2.41,3.13.5,300,61,liberacao,1.48869,201519.456704
Linux,Linux-6.12.111+deb13-amd64-x86_64-with-glibc2.41,3.13.5,300,62,alocacao,62.0321,4836.205771
Linux,Linux-6.12.111+deb13-amd64-x86_64-with-glibc2.41,3.13.5,300,62,escrita,45.903173,6535.495923
Linux,Linux-6.12.111+deb13-amd64-x86_64-with-glibc2.41,3.13.5,300,62,leitura,30.2156,9928.64613
Linux,Linux-6.12.111+deb13-amd64-x86_64-with-glibc2.41,3.13.5,300,62,liberacao,1.52109,197226.988541
Linux,Linux-6.12.111+deb13-amd64-x86_64-with-glibc2.41,3.13.5,300,63,alocacao,60.819532,4932.62592
Linux,Linux-6.12.111+deb13-amd64-x86_64-with-glibc2.41,3.13.5,300,63,escrita,45.238551,6631.512137
Linux,Linux-6.12.111+deb13-amd64-x86_64-with-glibc2.41,3.13.5,300,63,leitura,29.742166,10086.689719
Linux,Linux-6.12.111+deb13-amd64-x86_64-with-glibc2.41,3.13.5,300,63,liberacao,1.641633,182744.864412
Linux,Linux-6.12.111+deb13-amd64-x86_64-with-glibc2.41,3.13.5,300,64,alocacao,60.473388,4960.859808
Linux,Linux-6.12.111+deb13-amd64-x86_64-with-glibc2.41,3.13.5,300,64,escrita,44.388077,6758.571677
Linux,Linux-6.12.111+deb13-amd64-x86_64-with-glibc2.41,3.13.5,300,64,leitura,29.594897,10136.88272
Linux,Linux-6.12.111+deb13-amd64-x86_64-with-glibc2.41,3.13.5,300,64,liberacao,1.461247,205304.099854
Linux,Linux-6.12.111+deb13-amd64-x86_64-with-glibc2.41,3.13.5,300,65,alocacao,60.205192,4982.958945
Linux,Linux-6.12.111+deb13-amd64-x86_64-with-glibc2.41,3.13.5,300,65,escrita,44.026656,6814.053741
Linux,Linux-6.12.111+deb13-amd64-x86_64-with-glibc2.41,3.13.5,300,65,leitura,29.663298,10113.507945
Linux,Linux-6.12.111+deb13-amd64-x86_64-with-glibc2.41,3.13.5,300,65,liberacao,1.505018,199333.164122
Linux,Linux-6.12.111+deb13-amd64-x86_64-with-glibc2.41,3.13.5,300,66,alocacao,60.245033,4979.663635
Linux,Linux-6.12.111+deb13-amd64-x86_64-with-glibc2.41,3.13.5,300,66,escrita,44.094193,6803.616975
Linux,Linux-6.12.111+deb13-amd64-x86_64-with-glibc2.41,3.13.5,300,66,leitura,29.729862,10090.864196
Linux,Linux-6.12.111+deb13-amd64-x86_64-with-glibc2.41,3.13.5,300,66,liberacao,1.461556,205260.694766
Linux,Linux-6.12.111+deb13-amd64-x86_64-with-glibc2.41,3.13.5,300,67,alocacao,61.102911,4909.749717
Linux,Linux-6.12.111+deb13-amd64-x86_64-with-glibc2.41,3.13.5,300,67,escrita,44.378298,6760.060965
Linux,Linux-6.12.111+deb13-amd64-x86_64-with-glibc2.41,3.13.5,300,67,leitura,29.681139,10107.428829
Linux,Linux-6.12.111+deb13-amd64-x86_64-with-glibc2.41,3.13.5,300,67,liberacao,1.563146,191920.652326
Linux,Linux-6.12.111+deb13-amd64-x86_64-with-glibc2.41,3.13.5,300,68,alocacao,61.181691,4903.427726
Linux,Linux-6.12.111+deb13-amd64-x86_64-with-glibc2.41,3.13.5,300,68,escrita,47.784491,6278.187624
Linux,Linux-6.12.111+deb13-amd64-x86_64-with-glibc2.41,3.13.5,300,68,leitura,32.555689,9214.979293
Linux,Linux-6.12.111+deb13-amd64-x86_64-with-glibc2.41,3.13.5,300,68,liberacao,1.493231,200906.624628
Linux,Linux-6.12.111+deb13-amd64-x86_64-with-glibc2.41,3.13.5,300,69,alocacao,61.465126,4880.816481
Linux,Linux-6.12.111+deb13-amd64-x86_64-with-glibc2.41,3.13.5,300,69,escrita,45.565664,6583.904933
Linux,Linux-6.12.111+deb13-amd64-x86_64-with-glibc2.41,3.13.5,300,69,leitura,30.477351,9843.375167
Linux,Linux-6.12.111+deb13-amd64-x86_64-with-glibc2.41,3.13.5,300,69,liberacao,1.501785,199762.282883
Linux,Linux-6.12.111+deb13-amd64-x86_64-with-glibc2.41,3.13.5,300,70,alocacao,60.571775,4952.801862
Linux,Linux-6.12.111+deb13-amd64-x86_64-with-glibc2.41,3.13.5,300,70,escrita,44.695074,6712.149084
Linux,Linux-6.12.111+deb13-amd64-x86_64-with-glibc2.41,3.13.5,300,70,leitura,30.606445,9801.857093
Linux,Linux-6.12.111+deb13-amd64-x86_64-with-glibc2.41,3.13.5,300,70,liberacao,1.464585,204836.182263
Linux,Linux-6.12.111+deb13-amd64-x86_64-with-glibc2.41,3.13.5,300,71,alocacao,60.068387,4994.307571
Linux,Linux-6.12.111+deb13-amd64-x86_64-with-glibc2.41,3.13.5,300,71,escrita,44.095666,6803.389703
Linux,Linux-6.12.111+deb13-amd64-x86_64-with-glibc2.41,3.13.5,300,71,leitura,29.671634,10110.666639
Linux,Linux-6.12.111+deb13-amd64-x86_64-with-glibc2.41,3.13.5,300,71,liberacao,1.51764,197675.338025
Linux,Linux-6.12.111+deb13-amd64-x86_64-with-glibc2.41,3.13.5,300,72,alocacao,63.082364,4755.687342
Linux,Linux-6.12.111+deb13-amd64-x86_64-with-glibc2.41,3.13.5,300,72,escrita,45.791414,6551.446522
Linux,Linux-6.12.111+deb13-amd64-x86_64-with-glibc2.41,3.13.5,300,72,leitura,30.233268,9922.843935
Linux,Linux-6.12.111+deb13-amd64-x86_64-with-glibc2.41,3.13.5,300,72,liberacao,1.56498,191695.740521
Linux,Linux-6.12.111+deb13-amd64-x86_64-with-glibc2.41,3.13.5,300,73,alocacao,61.53721,4875.099147
Linux,Linux-6.12.111+deb13-amd64-x86_64-with-glibc2.41,3.13.5,300,73,escrita,44.669571,6715.981221
Linux,Linux-6.12.111+deb13-amd64-x86_64-with-glibc2.41,3.13.5,300,73,leitura,29.5061,10167.389116
Linux,Linux-6.12.111+deb13-amd64-x86_64-with-glibc2.41,3.13.5,300,73,liberacao,1.509595,198728.798121
Linux,Linux-6.12.111+deb13-amd64-x86_64-with-glibc2.41,3.13.5,300,74,alocacao,60.382989,4968.286681
Linux,Linux-6.12.111+deb13-amd64-x86_64-with-glibc2.41,3.13.5,300,74,escrita,44.556288,6733.056398
Linux,Linux-6.12.111+deb13-amd64-x86_64-with-glibc2.41,3.13.5,300,74,leitura,29.498567,10169.985545
Linux,Linux-6.12.111+deb13-amd64-x86_64-with-glibc2.41,3.13.5,300,74,liberacao,1.46408,204906.835692
Linux,Linux-6.12.111+deb13-amd64-x86_64-with-glibc2.41,3.13.5,300,75,alocacao,60.043805,4996.352246
Linux,Linux-6.12.111+deb13-amd64-x86_64-with-glibc2.41,3.13.5,300,75,escrita,44.079878,6805.826459
Linux,Linux-6.12.111+deb13-amd64-x86_64-with-glibc2.41,3.13.5,300,75,leitura,37.198272,8064.890756
Linux,Linux-6.12.111+deb13-amd64-x86_64-with-glibc2.41,3.13.5,300,75,liberacao,1.506681,199113.15003
Linux,Linux-6.12.111+deb13-amd64-x86_64-with-glibc2.41,3.13.5,300,76,alocacao,61.87319,4848.626683
Linux,Linux-6.12.111+deb13-amd64-x86_64-with-glibc2.41,3.13.5,300,76,escrita,46.748956,6417.255607
Linux,Linux-6.12.111+deb13-amd64-x86_64-with-glibc2.41,3.13.5,300,76,leitura,30.722762,9764.747063
Linux,Linux-6.12.111+deb13-amd64-x86_64-with-glibc2.41,3.13.5,300,76,liberacao,1.49703,200396.785636
Linux,Linux-6.12.111+deb13-amd64-x86_64-with-glibc2.41,3.13.5,300,77,alocacao,63.639217,4714.074342
Linux,Linux-6.12.111+deb13-amd64-x86_64-with-glibc2.41,3.13.5,300,77,escrita,45.720156,6561.657401
Linux,Linux-6.12.111+deb13-amd64-x86_64-with-glibc2.41,3.13.5,300,77,leitura,31.762887,9444.985275
Linux,Linux-6.12.111+deb13-amd64-x86_64-with-glibc2.41,3.13.5,300,77,liberacao,1.569399,191155.977543
Linux,Linux-6.12.111+deb13-amd64-x86_64-with-glibc2.41,3.13.5,300,78,alocacao,62.270119,4817.720037
Linux,Linux-6.12.111+deb13-amd64-x86_64-with-glibc2.41,3.13.5,300,78,escrita,46.667654,6428.435421
Linux,Linux-6.12.111+deb13-amd64-x86_64-with-glibc2.41,3.13.5,300,78,leitura,30.974281,9685.454846
Linux,Linux-6.12.111+deb13-amd64-x86_64-with-glibc2.41,3.13.5,300,78,liberacao,1.490459,201280.276747
Linux,Linux-6.12.111+deb13-amd64-x86_64-with-glibc2.41,3.13.5,300,79,alocacao,61.944893,4843.014258
Linux,Linux-6.12.111+deb13-amd64-x86_64-with-glibc2.41,3.13.5,300,79,escrita,45.00039,6666.608889
Linux,Linux-6.12.111+deb13-amd64-x86_64-with-glibc2.41,3.13.5,300,79,leitura,29.807072,10064.725579
Linux,Linux-6.12.111+deb13-amd64-x86_64-with-glibc2.41,3.13.5,300,79,liberacao,1.455113,206169.555217
Linux,Linux-6.12.111+deb13-amd64-x86_64-with-glibc2.41,3.13.5,300,80,alocacao,61.042876,4914.578402
Linux,Linux-6.12.111+deb13-amd64-x86_64-with-glibc2.41,3.13.5,300,80,escrita,44.064122,6808.260017
Linux,Linux-6.12.111+deb13-amd64-x86_64-with-glibc2.41,3.13.5,300,80,leitura,30.164351,9945.514823
Linux,Linux-6.12.111+deb13-amd64-x86_64-with-glibc2.41,3.13.5,300,80,liberacao,1.462096,205184.885261
Linux,Linux-6.12.111+deb13-amd64-x86_64-with-glibc2.41,3.13.5,300,81,alocacao,61.442762,4882.593006
Linux,Linux-6.12.111+deb13-amd64-x86_64-with-glibc2.41,3.13.5,300,81,escrita,44.348077,6764.667609
Linux,Linux-6.12.111+deb13-amd64-x86_64-with-glibc2.41,3.13.5,300,81,leitura,30.571606,9813.02716
Linux,Linux-6.12.111+deb13-amd64-x86_64-with-glibc2.41,3.13.5,300,81,liberacao,1.457701,205803.522121
Linux,Linux-6.12.111+deb13-amd64-x86_64-with-glibc2.41,3.13.5,300,82,alocacao,60.68423,4943.623739
Linux,Linux-6.12.111+deb13-amd64-x86_64-with-glibc2.41,3.13.5,300,82,escrita,44.218014,6784.565223
Linux,Linux-6.12.111+deb13-amd64-x86_64-with-glibc2.41,3.13.5,300,82,leitura,34.362904,8730.344793
Linux,Linux-6.12.111+deb13-amd64-x86_64-with-glibc2.41,3.13.5,300,82,liberacao,1.464557,204840.098405
Linux,Linux-6.12.111+deb13-amd64-x86_64-with-glibc2.41,3.13.5,300,83,alocacao,61.531554,4875.547268
Linux,Linux-6.12.111+deb13-amd64-x86_64-with-glibc2.41,3.13.5,300,83,escrita,45.273067,6626.456299
Linux,Linux-6.12.111+deb13-amd64-x86_64-with-glibc2.41,3.13.5,300,83,leitura,30.771025,9749.431486
Linux,Linux-6.12.111+deb13-amd64-x86_64-with-glibc2.41,3.13.5,300,83,liberacao,1.48275,202326.757714
Linux,Linux-6.12.111+deb13-amd64-x86_64-with-glibc2.41,3.13.5,300,84,alocacao,61.455873,4881.551353
Linux,Linux-6.12.111+deb13-amd64-x86_64-with-glibc2.41,3.13.5,300,84,escrita,44.534785,6736.307361
Linux,Linux-6.12.111+deb13-amd64-x86_64-with-glibc2.41,3.13.5,300,84,leitura,31.938847,9392.950221
Linux,Linux-6.12.111+deb13-amd64-x86_64-with-glibc2.41,3.13.5,300,84,liberacao,1.634646,183525.974431
Linux,Linux-6.12.111+deb13-amd64-x86_64-with-glibc2.41,3.13.5,300,85,alocacao,62.183832,4824.40516
Linux,Linux-6.12.111+deb13-amd64-x86_64-with-glibc2.41,3.13.5,300,85,escrita,44.489572,6743.153205
Linux,Linux-6.12.111+deb13-amd64-x86_64-with-glibc2.41,3.13.5,300,85,leitura,30.072045,9976.042534
Linux,Linux-6.12.111+deb13-amd64-x86_64-with-glibc2.41,3.13.5,300,85,liberacao,1.464773,204809.892045
Linux,Linux-6.12.111+deb13-amd64-x86_64-with-glibc2.41,3.13.5,300,86,alocacao,61.059057,4913.276011
Linux,Linux-6.12.111+deb13-amd64-x86_64-with-glibc2.41,3.13.5,300,86,escrita,44.134346,6797.42711
Linux,Linux-6.12.111+deb13-amd64-x86_64-with-glibc2.41,3.13.5,300,86,leitura,30.04285,9985.737039
Linux,Linux-6.12.111+deb13-amd64-x86_64-with-glibc2.41,3.13.5,300,86,liberacao,1.52906,196198.971917
Linux,Linux-6.12.111+deb13-amd64-x86_64-with-glibc2.41,3.13.5,300,87,alocacao,60.462709,4961.736002
Linux,Linux-6.12.111+deb13-amd64-x86_64-with-glibc2.41,3.13.5,300,87,escrita,44.487206,6743.511831
Linux,Linux-6.12.111+deb13-amd64-x86_64-with-glibc2.41,3.13.5,300,87,leitura,29.771546,10076.735686
Linux,Linux-6.12.111+deb13-amd64-x86_64-with-glibc2.41,3.13.5,300,87,liberacao,1.523815,196874.292483
Linux,Linux-6.12.111+deb13-amd64-x86_64-with-glibc2.41,3.13.5,300,88,alocacao,60.782629,4935.620669
Linux,Linux-6.12.111+deb13-amd64-x86_64-with-glibc2.41,3.13.5,300,88,escrita,44.595201,6727.18125
Linux,Linux-6.12.111+deb13-amd64-x86_64-with-glibc2.41,3.13.5,300,88,leitura,29.802182,10066.377019
Linux,Linux-6.12.111+deb13-amd64-x86_64-with-glibc2.41,3.13.5,300,88,liberacao,1.465689,204681.893635
Linux,Linux-6.12.111+deb13-amd64-x86_64-with-glibc2.41,3.13.5,300,89,alocacao,60.266602,4977.881448
Linux,Linux-6.12.111+deb13-amd64-x86_64-with-glibc2.41,3.13.5,300,89,escrita,44.195085,6788.085146
Linux,Linux-6.12.111+deb13-amd64-x86_64-with-glibc2.41,3.13.5,300,89,leitura,30.695319,9773.477187
Linux,Linux-6.12.111+deb13-amd64-x86_64-with-glibc2.41,3.13.5,300,89,liberacao,1.427822,210110.223823
Linux,Linux-6.12.111+deb13-amd64-x86_64-with-glibc2.41,3.13.5,300,90,alocacao,62.54698,4796.394646
Linux,Linux-6.12.111+deb13-amd64-x86_64-with-glibc2.41,3.13.5,300,90,escrita,45.865389,6540.879878
Linux,Linux-6.12.111+deb13-amd64-x86_64-with-glibc2.41,3.13.5,300,90,leitura,30.647271,9788.799792
Linux,Linux-6.12.111+deb13-amd64-x86_64-with-glibc2.41,3.13.5,300,90,liberacao,1.62121,185046.971089
Linux,Linux-6.12.111+deb13-amd64-x86_64-with-glibc2.41,3.13.5,300,91,alocacao,61.321164,4892.275039
Linux,Linux-6.12.111+deb13-amd64-x86_64-with-glibc2.41,3.13.5,300,91,escrita,44.632592,6721.545547
Linux,Linux-6.12.111+deb13-amd64-x86_64-with-glibc2.41,3.13.5,300,91,leitura,29.828511,10057.491639
Linux,Linux-6.12.111+deb13-amd64-x86_64-with-glibc2.41,3.13.5,300,91,liberacao,1.612897,186000.717963
Linux,Linux-6.12.111+deb13-amd64-x86_64-with-glibc2.41,3.13.5,300,92,alocacao,61.429192,4883.671594
Linux,Linux-6.12.111+deb13-amd64-x86_64-with-glibc2.41,3.13.5,300,92,escrita,44.811223,6694.751447
Linux,Linux-6.12.111+deb13-amd64-x86_64-with-glibc2.41,3.13.5,300,92,leitura,29.850226,10050.175165
Linux,Linux-6.12.111+deb13-amd64-x86_64-with-glibc2.41,3.13.5,300,92,liberacao,1.477143,203094.757921
Linux,Linux-6.12.111+deb13-amd64-x86_64-with-glibc2.41,3.13.5,300,93,alocacao,60.938501,4922.996055
Linux,Linux-6.12.111+deb13-amd64-x86_64-with-glibc2.41,3.13.5,300,93,escrita,44.016218,6815.669624
Linux,Linux-6.12.111+deb13-amd64-x86_64-with-glibc2.41,3.13.5,300,93,leitura,29.642254,10120.687853
Linux,Linux-6.12.111+deb13-amd64-x86_64-with-glibc2.41,3.13.5,300,93,liberacao,1.45607,206034.050561
Linux,Linux-6.12.111+deb13-amd64-x86_64-with-glibc2.41,3.13.5,300,94,alocacao,60.066418,4994.471287
Linux,Linux-6.12.111+deb13-amd64-x86_64-with-glibc2.41,3.13.5,300,94,escrita,44.808039,6695.227167
Linux,Linux-6.12.111+deb13-amd64-x86_64-with-glibc2.41,3.13.5,300,94,leitura,29.985356,10004.883717
Linux,Linux-6.12.111+deb13-amd64-x86_64-with-glibc2.41,3.13.5,300,94,liberacao,1.501459,199805.655699
Linux,Linux-6.12.111+deb13-amd64-x86_64-with-glibc2.41,3.13.5,300,95,alocacao,60.213491,4982.272162
Linux,Linux-6.12.111+deb13-amd64-x86_64-with-glibc2.41,3.13.5,300,95,escrita,44.652509,6718.547439
Linux,Linux-6.12.111+deb13-amd64-x86_64-with-glibc2.41,3.13.5,300,95,leitura,29.620787,10128.022594
Linux,Linux-6.12.111+deb13-amd64-x86_64-with-glibc2.41,3.13.5,300,95,liberacao,1.546341,194006.367289
Linux,Linux-6.12.111+deb13-amd64-x86_64-with-glibc2.41,3.13.5,300,96,alocacao,60.581117,4952.038108
Linux,Linux-6.12.111+deb13-amd64-x86_64-with-glibc2.41,3.13.5,300,96,escrita,44.206021,6786.405861
Linux,Linux-6.12.111+deb13-amd64-x86_64-with-glibc2.41,3.13.5,300,96,leitura,29.700855,10100.719323
Linux,Linux-6.12.111+deb13-amd64-x86_64-with-glibc2.41,3.13.5,300,96,liberacao,1.461145,205318.431778
Linux,Linux-6.12.111+deb13-amd64-x86_64-with-glibc2.41,3.13.5,300,97,alocacao,69.427451,4321.057387
Linux,Linux-6.12.111+deb13-amd64-x86_64-with-glibc2.41,3.13.5,300,97,escrita,45.752866,6556.966289
Linux,Linux-6.12.111+deb13-amd64-x86_64-with-glibc2.41,3.13.5,300,97,leitura,30.138978,9953.88762
Linux,Linux-6.12.111+deb13-amd64-x86_64-with-glibc2.41,3.13.5,300,97,liberacao,1.477649,203025.210994
Linux,Linux-6.12.111+deb13-amd64-x86_64-with-glibc2.41,3.13.5,300,98,alocacao,61.459122,4881.293293
Linux,Linux-6.12.111+deb13-amd64-x86_64-with-glibc2.41,3.13.5,300,98,escrita,44.187423,6789.262184
Linux,Linux-6.12.111+deb13-amd64-x86_64-with-glibc2.41,3.13.5,300,98,leitura,29.759287,10080.886683
Linux,Linux-6.12.111+deb13-amd64-x86_64-with-glibc2.41,3.13.5,300,98,liberacao,1.462411,205140.688903
Linux,Linux-6.12.111+deb13-amd64-x86_64-with-glibc2.41,3.13.5,300,99,alocacao,60.856489,4929.630429
Linux,Linux-6.12.111+deb13-amd64-x86_64-with-glibc2.41,3.13.5,300,99,escrita,45.451455,6600.448765
Linux,Linux-6.12.111+deb13-amd64-x86_64-with-glibc2.41,3.13.5,300,99,leitura,29.993214,10002.262512
Linux,Linux-6.12.111+deb13-amd64-x86_64-with-glibc2.41,3.13.5,300,99,liberacao,1.462863,205077.30389
Linux,Linux-6.12.111+deb13-amd64-x86_64-with-glibc2.41,3.13.5,300,100,alocacao,62.332211,4812.920883
Linux,Linux-6.12.111+deb13-amd64-x86_64-with-glibc2.41,3.13.5,300,100,escrita,44.287301,6773.950844
Linux,Linux-6.12.111+deb13-amd64-x86_64-with-glibc2.41,3.13.5,300,100,leitura,29.423794,10195.829946
Linux,Linux-6.12.111+deb13-amd64-x86_64-with-glibc2.41,3.13.5,300,100,liberacao,1.467444,204437.102881
Linux,Linux-6.12.111+deb13-amd64-x86_64-with-glibc2.41,3.13.5,400,1,alocacao,92.047609,4345.577298
Linux,Linux-6.12.111+deb13-amd64-x86_64-with-glibc2.41,3.13.5,400,1,escrita,60.599916,6600.669215
Linux,Linux-6.12.111+deb13-amd64-x86_64-with-glibc2.41,3.13.5,400,1,leitura,42.228583,9472.257215
Linux,Linux-6.12.111+deb13-amd64-x86_64-with-glibc2.41,3.13.5,400,1,liberacao,2.087778,191591.25156
Linux,Linux-6.12.111+deb13-amd64-x86_64-with-glibc2.41,3.13.5,400,2,alocacao,80.704783,4956.335735
Linux,Linux-6.12.111+deb13-amd64-x86_64-with-glibc2.41,3.13.5,400,2,escrita,59.374156,6736.937869
Linux,Linux-6.12.111+deb13-amd64-x86_64-with-glibc2.41,3.13.5,400,2,leitura,40.908305,9777.965623
Linux,Linux-6.12.111+deb13-amd64-x86_64-with-glibc2.41,3.13.5,400,2,liberacao,2.235826,178904.798495
Linux,Linux-6.12.111+deb13-amd64-x86_64-with-glibc2.41,3.13.5,400,3,alocacao,90.325896,4428.408881
Linux,Linux-6.12.111+deb13-amd64-x86_64-with-glibc2.41,3.13.5,400,3,escrita,60.913648,6566.672874
Linux,Linux-6.12.111+deb13-amd64-x86_64-with-glibc2.41,3.13.5,400,3,leitura,42.41882,9429.776689
Linux,Linux-6.12.111+deb13-amd64-x86_64-with-glibc2.41,3.13.5,400,3,liberacao,2.003982,199602.591241
Linux,Linux-6.12.111+deb13-amd64-x86_64-with-glibc2.41,3.13.5,400,4,alocacao,80.240335,4985.024053
Linux,Linux-6.12.111+deb13-amd64-x86_64-with-glibc2.41,3.13.5,400,4,escrita,59.115625,6766.400592
Linux,Linux-6.12.111+deb13-amd64-x86_64-with-glibc2.41,3.13.5,400,4,leitura,41.146364,9721.393608
Linux,Linux-6.12.111+deb13-amd64-x86_64-with-glibc2.41,3.13.5,400,4,liberacao,1.906644,209792.703829
Linux,Linux-6.12.111+deb13-amd64-x86_64-with-glibc2.41,3.13.5,400,5,alocacao,80.124129,4992.253956
Linux,Linux-6.12.111+deb13-amd64-x86_64-with-glibc2.41,3.13.5,400,5,escrita,58.961859,6784.046616
Linux,Linux-6.12.111+deb13-amd64-x86_64-with-glibc2.41,3.13.5,400,5,leitura,40.426768,9894.434302
Linux,Linux-6.12.111+deb13-amd64-x86_64-with-glibc2.41,3.13.5,400,5,liberacao,1.996148,200385.943327
Linux,Linux-6.12.111+deb13-amd64-x86_64-with-glibc2.41,3.13.5,400,6,alocacao,78.958134,5065.97585
Linux,Linux-6.12.111+deb13-amd64-x86_64-with-glibc2.41,3.13.5,400,6,escrita,59.367282,6737.717923
Linux,Linux-6.12.111+deb13-amd64-x86_64-with-glibc2.41,3.13.5,400,6,leitura,40.476597,9882.253688
Linux,Linux-6.12.111+deb13-amd64-x86_64-with-glibc2.41,3.13.5,400,6,liberacao,1.969933,203052.591129
Linux,Linux-6.12.111+deb13-amd64-x86_64-with-glibc2.41,3.13.5,400,7,alocacao,79.045651,5060.366952
Linux,Linux-6.12.111+deb13-amd64-x86_64-with-glibc2.41,3.13.5,400,7,escrita,59.279819,6747.658929
Linux,Linux-6.12.111+deb13-amd64-x86_64-with-glibc2.41,3.13.5,400,7,leitura,40.829952,9796.729617
Linux,Linux-6.12.111+deb13-amd64-x86_64-with-glibc2.41,3.13.5,400,7,liberacao,1.898275,210717.625212
Linux,Linux-6.12.111+deb13-amd64-x86_64-with-glibc2.41,3.13.5,400,8,alocacao,79.308362,5043.604355
Linux,Linux-6.12.111+deb13-amd64-x86_64-with-glibc2.41,3.13.5,400,8,escrita,62.46124,6403.971487
Linux,Linux-6.12.111+deb13-amd64-x86_64-with-glibc2.41,3.13.5,400,8,leitura,43.142257,9271.652153
Linux,Linux-6.12.111+deb13-amd64-x86_64-with-glibc2.41,3.13.5,400,8,liberacao,2.122931,188418.747477
Linux,Linux-6.12.111+deb13-amd64-x86_64-with-glibc2.41,3.13.5,400,9,alocacao,80.911647,4943.664044
Linux,Linux-6.12.111+deb13-amd64-x86_64-with-glibc2.41,3.13.5,400,9,escrita,60.548173,6606.309987
Linux,Linux-6.12.111+deb13-amd64-x86_64-with-glibc2.41,3.13.5,400,9,leitura,40.445358,9889.886498
Linux,Linux-6.12.111+deb13-amd64-x86_64-with-glibc2.41,3.13.5,400,9,liberacao,1.979638,202057.143781
Linux,Linux-6.12.111+deb13-amd64-x86_64-with-glibc2.41,3.13.5,400,10,alocacao,80.191037,4988.088631
Linux,Linux-6.12.111+deb13-amd64-x86_64-with-glibc2.41,3.13.5,400,10,escrita,59.848553,6683.536693
Linux,Linux-6.12.111+deb13-amd64-x86_64-with-glibc2.41,3.13.5,400,10,leitura,40.856458,9790.373899
Linux,Linux-6.12.111+deb13-amd64-x86_64-with-glibc2.41,3.13.5,400,10,liberacao,1.92693,207584.084528
Linux,Linux-6.12.111+deb13-amd64-x86_64-with-glibc2.41,3.13.5,400,11,alocacao,81.629865,4900.167359
Linux,Linux-6.12.111+deb13-amd64-x86_64-with-glibc2.41,3.13.5,400,11,escrita,61.231149,6532.6228
Linux,Linux-6.12.111+deb13-amd64-x86_64-with-glibc2.41,3.13.5,400,11,leitura,41.521595,9633.541293
Linux,Linux-6.12.111+deb13-amd64-x86_64-with-glibc2.41,3.13.5,400,11,liberacao,2.131462,187664.617056
Linux,Linux-6.12.111+deb13-amd64-x86_64-with-glibc2.41,3.13.5,400,12,alocacao,80.877677,4945.740467
Linux,Linux-6.12.111+deb13-amd64-x86_64-with-glibc2.41,3.13.5,400,12,escrita,58.80249,6802.433026
Linux,Linux-6.12.111+deb13-amd64-x86_64-with-glibc2.41,3.13.5,400,12,leitura,40.509556,9874.213383
Linux,Linux-6.12.111+deb13-amd64-x86_64-with-glibc2.41,3.13.5,400,12,liberacao,2.015518,198460.147714
Linux,Linux-6.12.111+deb13-amd64-x86_64-with-glibc2.41,3.13.5,400,13,alocacao,79.39997,5037.785279
Linux,Linux-6.12.111+deb13-amd64-x86_64-with-glibc2.41,3.13.5,400,13,escrita,59.026701,6776.594206
Linux,Linux-6.12.111+deb13-amd64-x86_64-with-glibc2.41,3.13.5,400,13,leitura,40.615181,9848.534222
Linux,Linux-6.12.111+deb13-amd64-x86_64-with-glibc2.41,3.13.5,400,13,liberacao,1.957874,204303.239126
Linux,Linux-6.12.111+deb13-amd64-x86_64-with-glibc2.41,3.13.5,400,14,alocacao,87.533538,4569.677053
Linux,Linux-6.12.111+deb13-amd64-x86_64-with-glibc2.41,3.13.5,400,14,escrita,61.02055,6555.16871
Linux,Linux-6.12.111+deb13-amd64-x86_64-with-glibc2.41,3.13.5,400,14,leitura,41.826089,9563.409096
Linux,Linux-6.12.111+deb13-amd64-x86_64-with-glibc2.41,3.13.5,400,14,liberacao,1.976796,202347.637288
Linux,Linux-6.12.111+deb13-amd64-x86_64-with-glibc2.41,3.13.5,400,15,alocacao,81.302596,4919.892103
Linux,Linux-6.12.111+deb13-amd64-x86_64-with-glibc2.41,3.13.5,400,15,escrita,62.248394,6425.868593
Linux,Linux-6.12.111+deb13-amd64-x86_64-with-glibc2.41,3.13.5,400,15,leitura,41.933654,9538.877771
Linux,Linux-6.12.111+deb13-amd64-x86_64-with-glibc2.41,3.13.5,400,15,liberacao,2.156494,185486.25686
Linux,Linux-6.12.111+deb13-amd64-x86_64-with-glibc2.41,3.13.5,400,16,alocacao,82.13776,4869.867403
Linux,Linux-6.12.111+deb13-amd64-x86_64-with-glibc2.41,3.13.5,400,16,escrita,58.881368,6793.320427
Linux,Linux-6.12.111+deb13-amd64-x86_64-with-glibc2.41,3.13.5,400,16,leitura,40.180686,9955.031629
Linux,Linux-6.12.111+deb13-amd64-x86_64-with-glibc2.41,3.13.5,400,16,liberacao,2.071587,193088.680321
Linux,Linux-6.12.111+deb13-amd64-x86_64-with-glibc2.41,3.13.5,400,17,alocacao,78.709023,5082.009467
Linux,Linux-6.12.111+deb13-amd64-x86_64-with-glibc2.41,3.13.5,400,17,escrita,58.748917,6808.636149
Linux,Linux-6.12.111+deb13-amd64-x86_64-with-glibc2.41,3.13.5,400,17,leitura,40.511978,9873.623055
Linux,Linux-6.12.111+deb13-amd64-x86_64-with-glibc2.41,3.13.5,400,17,liberacao,2.037596,196309.768963
Linux,Linux-6.12.111+deb13-amd64-x86_64-with-glibc2.41,3.13.5,400,18,alocacao,79.686201,5019.68967
Linux,Linux-6.12.111+deb13-amd64-x86_64-with-glibc2.41,3.13.5,400,18,escrita,59.232603,6753.037681
Linux,Linux-6.12.111+deb13-amd64-x86_64-with-glibc2.41,3.13.5,400,18,leitura,40.541214,9866.502764
Linux,Linux-6.12.111+deb13-amd64-x86_64-with-glibc2.41,3.13.5,400,18,liberacao,1.998073,200192.885846
Linux,Linux-6.12.111+deb13-amd64-x86_64-with-glibc2.41,3.13.5,400,19,alocacao,83.449027,4793.345284
Linux,Linux-6.12.111+deb13-amd64-x86_64-with-glibc2.41,3.13.5,400,19,escrita,63.603257,6288.986113
Linux,Linux-6.12.111+deb13-amd64-x86_64-with-glibc2.41,3.13.5,400,19,leitura,41.670717,9599.066894
Linux,Linux-6.12.111+deb13-amd64-x86_64-with-glibc2.41,3.13.5,400,19,liberacao,1.920765,208250.358581
Linux,Linux-6.12.111+deb13-amd64-x86_64-with-glibc2.41,3.13.5,400,20,alocacao,81.081666,4933.297745
Linux,Linux-6.12.111+deb13-amd64-x86_64-with-glibc2.41,3.13.5,400,20,escrita,58.693381,6815.078518
Linux,Linux-6.12.111+deb13-amd64-x86_64-with-glibc2.41,3.13.5,400,20,leitura,40.585793,9855.665503
Linux,Linux-6.12.111+deb13-amd64-x86_64-with-glibc2.41,3.13.5,400,20,liberacao,1.89816,210730.391537
Linux,Linux-6.12.111+deb13-amd64-x86_64-with-glibc2.41,3.13.5,400,21,alocacao,79.946123,5003.369582
Linux,Linux-6.12.111+deb13-amd64-x86_64-with-glibc2.41,3.13.5,400,21,escrita,59.085835,6769.812088
Linux,Linux-6.12.111+deb13-amd64-x86_64-with-glibc2.41,3.13.5,400,21,leitura,40.826658,9797.520042
Linux,Linux-6.12.111+deb13-amd64-x86_64-with-glibc2.41,3.13.5,400,21,liberacao,2.017606,198254.763319
Linux,Linux-6.12.111+deb13-amd64-x86_64-with-glibc2.41,3.13.5,400,22,alocacao,79.275826,5045.674327
Linux,Linux-6.12.111+deb13-amd64-x86_64-with-glibc2.41,3.13.5,400,22,escrita,58.756912,6807.709704
Linux,Linux-6.12.111+deb13-amd64-x86_64-with-glibc2.41,3.13.5,400,22,leitura,40.115796,9971.134563
Linux,Linux-6.12.111+deb13-amd64-x86_64-with-glibc2.41,3.13.5,400,22,liberacao,1.953156,204796.749466
Linux,Linux-6.12.111+deb13-amd64-x86_64-with-glibc2.41,3.13.5,400,23,alocacao,78.921562,5068.323407
Linux,Linux-6.12.111+deb13-amd64-x86_64-with-glibc2.41,3.13.5,400,23,escrita,59.603952,6710.9644
Linux,Linux-6.12.111+deb13-amd64-x86_64-with-glibc2.41,3.13.5,400,23,leitura,40.463155,9885.536607
Linux,Linux-6.12.111+deb13-amd64-x86_64-with-glibc2.41,3.13.5,400,23,liberacao,1.993842,200617.701904
Linux,Linux-6.12.111+deb13-amd64-x86_64-with-glibc2.41,3.13.5,400,24,alocacao,79.394938,5038.10457
Linux,Linux-6.12.111+deb13-amd64-x86_64-with-glibc2.41,3.13.5,400,24,escrita,59.062533,6772.482988
Linux,Linux-6.12.111+deb13-amd64-x86_64-with-glibc2.41,3.13.5,400,24,leitura,44.958375,8897.118724
Linux,Linux-6.12.111+deb13-amd64-x86_64-with-glibc2.41,3.13.5,400,24,liberacao,2.21489,180595.876093
Linux,Linux-6.12.111+deb13-amd64-x86_64-with-glibc2.41,3.13.5,400,25,alocacao,80.34667,4978.426611
Linux,Linux-6.12.111+deb13-amd64-x86_64-with-glibc2.41,3.13.5,400,25,escrita,60.761286,6583.139139
Linux,Linux-6.12.111+deb13-amd64-x86_64-with-glibc2.41,3.13.5,400,25,leitura,41.093653,9733.863281
Linux,Linux-6.12.111+deb13-amd64-x86_64-with-glibc2.41,3.13.5,400,25,liberacao,1.903757,210110.849231
Linux,Linux-6.12.111+deb13-amd64-x86_64-with-glibc2.41,3.13.5,400,26,alocacao,80.215553,4986.564139
Linux,Linux-6.12.111+deb13-amd64-x86_64-with-glibc2.41,3.13.5,400,26,escrita,59.311911,6744.007962
Linux,Linux-6.12.111+deb13-amd64-x86_64-with-glibc2.41,3.13.5,400,26,leitura,40.58912,9854.857656
Linux,Linux-6.12.111+deb13-amd64-x86_64-with-glibc2.41,3.13.5,400,26,liberacao,1.903685,210118.795914
Linux,Linux-6.12.111+deb13-amd64-x86_64-with-glibc2.41,3.13.5,400,27,alocacao,79.468812,5033.421161
Linux,Linux-6.12.111+deb13-amd64-x86_64-with-glibc2.41,3.13.5,400,27,escrita,58.68501,6816.050641
Linux,Linux-6.12.111+deb13-amd64-x86_64-with-glibc2.41,3.13.5,400,27,leitura,40.446471,9889.61435
Linux,Linux-6.12.111+deb13-amd64-x86_64-with-glibc2.41,3.13.5,400,27,liberacao,1.919551,208382.064347
Linux,Linux-6.12.111+deb13-amd64-x86_64-with-glibc2.41,3.13.5,400,28,alocacao,78.528198,5093.711688
Linux,Linux-6.12.111+deb13-amd64-x86_64-with-glibc2.41,3.13.5,400,28,escrita,58.956159,6784.702511
Linux,Linux-6.12.111+deb13-amd64-x86_64-with-glibc2.41,3.13.5,400,28,leitura,40.476093,9882.37674
Linux,Linux-6.12.111+deb13-amd64-x86_64-with-glibc2.41,3.13.5,400,28,liberacao,2.017683,198247.197404
Linux,Linux-6.12.111+deb13-amd64-x86_64-with-glibc2.41,3.13.5,400,29,alocacao,79.339956,5041.595939
Linux,Linux-6.12.111+deb13-amd64-x86_64-with-glibc2.41,3.13.5,400,29,escrita,59.189629,6757.940652
Linux,Linux-6.12.111+deb13-amd64-x86_64-with-glibc2.41,3.13.5,400,29,leitura,40.556466,9862.792286
Linux,Linux-6.12.111+deb13-amd64-x86_64-with-glibc2.41,3.13.5,400,29,liberacao,1.95508,204595.20838
Linux,Linux-6.12.111+deb13-amd64-x86_64-with-glibc2.41,3.13.5,400,30,alocacao,86.036689,4649.179375
Linux,Linux-6.12.111+deb13-amd64-x86_64-with-glibc2.41,3.13.5,400,30,escrita,60.877364,6570.586729
Linux,Linux-6.12.111+deb13-amd64-x86_64-with-glibc2.41,3.13.5,400,30,leitura,41.462684,9647.228819
Linux,Linux-6.12.111+deb13-amd64-x86_64-with-glibc2.41,3.13.5,400,30,liberacao,2.017982,198217.823548
Linux,Linux-6.12.111+deb13-amd64-x86_64-with-glibc2.41,3.13.5,400,31,alocacao,80.168564,4989.486902
Linux,Linux-6.12.111+deb13-amd64-x86_64-with-glibc2.41,3.13.5,400,31,escrita,59.202902,6756.425555
Linux,Linux-6.12.111+deb13-amd64-x86_64-with-glibc2.41,3.13.5,400,31,leitura,41.171324,9715.500041
Linux,Linux-6.12.111+deb13-amd64-x86_64-with-glibc2.41,3.13.5,400,31,liberacao,1.944142,205746.28808
Linux,Linux-6.12.111+deb13-amd64-x86_64-with-glibc2.41,3.13.5,400,32,alocacao,80.325123,4979.76206
Linux,Linux-6.12.111+deb13-amd64-x86_64-with-glibc2.41,3.13.5,400,32,escrita,59.364706,6738.010292
Linux,Linux-6.12.111+deb13-amd64-x86_64-with-glibc2.41,3.13.5,400,32,leitura,40.680741,9832.662586
Linux,Linux-6.12.111+deb13-amd64-x86_64-with-glibc2.41,3.13.5,400,32,liberacao,1.943843,205777.93577
Linux,Linux-6.12.111+deb13-amd64-x86_64-with-glibc2.41,3.13.5,400,33,alocacao,79.091719,5057.419475
Linux,Linux-6.12.111+deb13-amd64-x86_64-with-glibc2.41,3.13.5,400,33,escrita,58.811221,6801.42315
Linux,Linux-6.12.111+deb13-amd64-x86_64-with-glibc2.41,3.13.5,400,33,leitura,40.613662,9848.902569
Linux,Linux-6.12.111+deb13-amd64-x86_64-with-glibc2.41,3.13.5,400,33,liberacao,2.039848,196093.042227
Linux,Linux-6.12.111+deb13-amd64-x86_64-with-glibc2.41,3.13.5,400,34,alocacao,83.886365,4768.355382
Linux,Linux-6.12.111+deb13-amd64-x86_64-with-glibc2.41,3.13.5,400,34,escrita,59.811927,6687.629375
Linux,Linux-6.12.111+deb13-amd64-x86_64-with-glibc2.41,3.13.5,400,34,leitura,40.77045,9811.027349
Linux,Linux-6.12.111+deb13-amd64-x86_64-with-glibc2.41,3.13.5,400,34,liberacao,2.001936,199806.587224
Linux,Linux-6.12.111+deb13-amd64-x86_64-with-glibc2.41,3.13.5,400,35,alocacao,79.08361,5057.938048
Linux,Linux-6.12.111+deb13-amd64-x86_64-with-glibc2.41,3.13.5,400,35,escrita,65.994423,6061.118225
Linux,Linux-6.12.111+deb13-amd64-x86_64-with-glibc2.41,3.13.5,400,35,leitura,42.616395,9386.059051
Linux,Linux-6.12.111+deb13-amd64-x86_64-with-glibc2.41,3.13.5,400,35,liberacao,2.055509,194599.001999
Linux,Linux-6.12.111+deb13-amd64-x86_64-with-glibc2.41,3.13.5,400,36,alocacao,81.608652,4901.441087
Linux,Linux-6.12.111+deb13-amd64-x86_64-with-glibc2.41,3.13.5,400,36,escrita,59.50977,6721.58538
Linux,Linux-6.12.111+deb13-amd64-x86_64-with-glibc2.41,3.13.5,400,36,leitura,40.505371,9875.233583
Linux,Linux-6.12.111+deb13-amd64-x86_64-with-glibc2.41,3.13.5,400,36,liberacao,1.964099,203655.722038
Linux,Linux-6.12.111+deb13-amd64-x86_64-with-glibc2.41,3.13.5,400,37,alocacao,79.287159,5044.953118
Linux,Linux-6.12.111+deb13-amd64-x86_64-with-glibc2.41,3.13.5,400,37,escrita,59.850353,6683.335686
Linux,Linux-6.12.111+deb13-amd64-x86_64-with-glibc2.41,3.13.5,400,37,leitura,40.51746,9872.287157
Linux,Linux-6.12.111+deb13-amd64-x86_64-with-glibc2.41,3.13.5,400,37,liberacao,1.956473,204449.53751
Linux,Linux-6.12.111+deb13-amd64-x86_64-with-glibc2.41,3.13.5,400,38,alocacao,79.695224,5019.121347
Linux,Linux-6.12.111+deb13-amd64-x86_64-with-glibc2.41,3.13.5,400,38,escrita,59.081059,6770.359346
Linux,Linux-6.12.111+deb13-amd64-x86_64-with-glibc2.41,3.13.5,400,38,leitura,40.862008,9789.044141
Linux,Linux-6.12.111+deb13-amd64-x86_64-with-glibc2.41,3.13.5,400,38,liberacao,1.910362,209384.399397
Linux,Linux-6.12.111+deb13-amd64-x86_64-with-glibc2.41,3.13.5,400,39,alocacao,81.360213,4916.407974
Linux,Linux-6.12.111+deb13-amd64-x86_64-with-glibc2.41,3.13.5,400,39,escrita,59.165213,6760.729485
Linux,Linux-6.12.111+deb13-amd64-x86_64-with-glibc2.41,3.13.5,400,39,leitura,41.528112,9632.029503
Linux,Linux-6.12.111+deb13-amd64-x86_64-with-glibc2.41,3.13.5,400,39,liberacao,1.99552,200449.005773
Linux,Linux-6.12.111+deb13-amd64-x86_64-with-glibc2.41,3.13.5,400,40,alocacao,82.019498,4876.889151
Linux,Linux-6.12.111+deb13-amd64-x86_64-with-glibc2.41,3.13.5,400,40,escrita,61.041228,6552.948116
Linux,Linux-6.12.111+deb13-amd64-x86_64-with-glibc2.41,3.13.5,400,40,leitura,43.007552,9300.69212
Linux,Linux-6.12.111+deb13-amd64-x86_64-with-glibc2.41,3.13.5,400,40,liberacao,2.171951,184166.217378
Linux,Linux-6.12.111+deb13-amd64-x86_64-with-glibc2.41,3.13.5,400,41,alocacao,80.86554,4946.482766
Linux,Linux-6.12.111+deb13-amd64-x86_64-with-glibc2.41,3.13.5,400,41,escrita,60.745002,6584.903891
Linux,Linux-6.12.111+deb13-amd64-x86_64-with-glibc2.41,3.13.5,400,41,leitura,41.803008,9568.689411
Linux,Linux-6.12.111+deb13-amd64-x86_64-with-glibc2.41,3.13.5,400,41,liberacao,2.086694,191690.779769
Linux,Linux-6.12.111+deb13-amd64-x86_64-with-glibc2.41,3.13.5,400,42,alocacao,79.622685,5023.693938
Linux,Linux-6.12.111+deb13-amd64-x86_64-with-glibc2.41,3.13.5,400,42,escrita,61.110648,6545.504148
Linux,Linux-6.12.111+deb13-amd64-x86_64-with-glibc2.41,3.13.5,400,42,leitura,42.244355,9468.720732
Linux,Linux-6.12.111+deb13-amd64-x86_64-with-glibc2.41,3.13.5,400,42,liberacao,2.090663,191326.866166
Linux,Linux-6.12.111+deb13-amd64-x86_64-with-glibc2.41,3.13.5,400,43,alocacao,83.768047,4775.090435
Linux,Linux-6.12.111+deb13-amd64-x86_64-with-glibc2.41,3.13.5,400,43,escrita,64.341295,6216.847205
Linux,Linux-6.12.111+deb13-amd64-x86_64-with-glibc2.41,3.13.5,400,43,leitura,42.530996,9404.905542
Linux,Linux-6.12.111+deb13-amd64-x86_64-with-glibc2.41,3.13.5,400,43,liberacao,2.155686,185555.781315
Linux,Linux-6.12.111+deb13-amd64-x86_64-with-glibc2.41,3.13.5,400,44,alocacao,81.925025,4882.513005
Linux,Linux-6.12.111+deb13-amd64-x86_64-with-glibc2.41,3.13.5,400,44,escrita,58.879489,6793.53722
Linux,Linux-6.12.111+deb13-amd64-x86_64-with-glibc2.41,3.13.5,400,44,leitura,40.581625,9856.677745
Linux,Linux-6.12.111+deb13-amd64-x86_64-with-glibc2.41,3.13.5,400,44,liberacao,2.064943,193709.947442
Linux,Linux-6.12.111+deb13-amd64-x86_64-with-glibc2.41,3.13.5,400,45,alocacao,79.952553,5002.967197
Linux,Linux-6.12.111+deb13-amd64-x86_64-with-glibc2.41,3.13.5,400,45,escrita,59.38554,6735.646422
Linux,Linux-6.12.111+deb13-amd64-x86_64-with-glibc2.41,3.13.5,400,45,leitura,40.879405,9784.878229
Linux,Linux-6.12.111+deb13-amd64-x86_64-with-glibc2.41,3.13.5,400,45,liberacao,2.097561,190697.672201
Linux,Linux-6.12.111+deb13-amd64-x86_64-with-glibc2.41,3.13.5,400,46,alocacao,88.826622,4503.154471
Linux,Linux-6.12.111+deb13-amd64-x86_64-with-glibc2.41,3.13.5,400,46,escrita,61.13986,6542.376774
Linux,Linux-6.12.111+deb13-amd64-x86_64-with-glibc2.41,3.13.5,400,46,leitura,42.028967,9517.24557
Linux,Linux-6.12.111+deb13-amd64-x86_64-with-glibc2.41,3.13.5,400,46,liberacao,2.172525,184117.559061
Linux,Linux-6.12.111+deb13-amd64-x86_64-with-glibc2.41,3.13.5,400,47,alocacao,83.871688,4769.189813
Linux,Linux-6.12.111+deb13-amd64-x86_64-with-glibc2.41,3.13.5,400,47,escrita,58.991105,6780.683291
Linux,Linux-6.12.111+deb13-amd64-x86_64-with-glibc2.41,3.13.5,400,47,leitura,41.726051,9586.337322
Linux,Linux-6.12.111+deb13-amd64-x86_64-with-glibc2.41,3.13.5,400,47,liberacao,1.993677,200634.305356
Linux,Linux-6.12.111+deb13-amd64-x86_64-with-glibc2.41,3.13.5,400,48,alocacao,80.902552,4944.219807
Linux,Linux-6.12.111+deb13-amd64-x86_64-with-glibc2.41,3.13.5,400,48,escrita,58.879788,6793.502721
Linux,Linux-6.12.111+deb13-amd64-x86_64-with-glibc2.41,3.13.5,400,48,leitura,41.441776,9652.095991
Linux,Linux-6.12.111+deb13-amd64-x86_64-with-glibc2.41,3.13.5,400,48,liberacao,1.999898,200010.20052
Linux,Linux-6.12.111+deb13-amd64-x86_64-with-glibc2.41,3.13.5,400,49,alocacao,81.024043,4936.806227
Linux,Linux-6.12.111+deb13-amd64-x86_64-with-glibc2.41,3.13.5,400,49,escrita,60.763419,6582.908049
Linux,Linux-6.12.111+deb13-amd64-x86_64-with-glibc2.41,3.13.5,400,49,leitura,43.41676,9213.032018
Linux,Linux-6.12.111+deb13-amd64-x86_64-with-glibc2.41,3.13.5,400,49,liberacao,2.114932,189131.376328
Linux,Linux-6.12.111+deb13-amd64-x86_64-with-glibc2.41,3.13.5,400,50,alocacao,80.991642,4938.781214
Linux,Linux-6.12.111+deb13-amd64-x86_64-with-glibc2.41,3.13.5,400,50,escrita,60.632438,6597.128751
Linux,Linux-6.12.111+deb13-amd64-x86_64-with-glibc2.41,3.13.5,400,50,leitura,41.321492,9680.192574
Linux,Linux-6.12.111+deb13-amd64-x86_64-with-glibc2.41,3.13.5,400,50,liberacao,2.226352,179666.108504
Linux,Linux-6.12.111+deb13-amd64-x86_64-with-glibc2.41,3.13.5,400,51,alocacao,79.695235,5019.120654
Linux,Linux-6.12.111+deb13-amd64-x86_64-with-glibc2.41,3.13.5,400,51,escrita,64.921803,6161.258337
Linux,Linux-6.12.111+deb13-amd64-x86_64-with-glibc2.41,3.13.5,400,51,leitura,43.363434,9224.361705
Linux,Linux-6.12.111+deb13-amd64-x86_64-with-glibc2.41,3.13.5,400,51,liberacao,2.083952,191943.000607
Linux,Linux-6.12.111+deb13-amd64-x86_64-with-glibc2.41,3.13.5,400,52,alocacao,86.592449,4619.340423
Linux,Linux-6.12.111+deb13-amd64-x86_64-with-glibc2.41,3.13.5,400,52,escrita,63.190488,6330.066639
Linux,Linux-6.12.111+deb13-amd64-x86_64-with-glibc2.41,3.13.5,400,52,leitura,43.162859,9267.226715
Linux,Linux-6.12.111+deb13-amd64-x86_64-with-glibc2.41,3.13.5,400,52,liberacao,2.076187,192660.873033
Linux,Linux-6.12.111+deb13-amd64-x86_64-with-glibc2.41,3.13.5,400,53,alocacao,85.344204,4686.902933
Linux,Linux-6.12.111+deb13-amd64-x86_64-with-glibc2.41,3.13.5,400,53,escrita,61.648751,6488.371516
Linux,Linux-6.12.111+deb13-amd64-x86_64-with-glibc2.41,3.13.5,400,53,leitura,42.375353,9439.449389
Linux,Linux-6.12.111+deb13-amd64-x86_64-with-glibc2.41,3.13.5,400,53,liberacao,2.151284,185935.469236
Linux,Linux-6.12.111+deb13-amd64-x86_64-with-glibc2.41,3.13.5,400,54,alocacao,92.386722,4329.626502
Linux,Linux-6.12.111+deb13-amd64-x86_64-with-glibc2.41,3.13.5,400,54,escrita,62.527779,6397.156694
Linux,Linux-6.12.111+deb13-amd64-x86_64-with-glibc2.41,3.13.5,400,54,leitura,42.944152,9314.423067
Linux,Linux-6.12.111+deb13-amd64-x86_64-with-glibc2.41,3.13.5,400,54,liberacao,2.05986,194187.954521
Linux,Linux-6.12.111+deb13-amd64-x86_64-with-glibc2.41,3.13.5,400,55,alocacao,83.999976,4761.906122
Linux,Linux-6.12.111+deb13-amd64-x86_64-with-glibc2.41,3.13.5,400,55,escrita,61.43758,6510.673109
Linux,Linux-6.12.111+deb13-amd64-x86_64-with-glibc2.41,3.13.5,400,55,leitura,41.805919,9568.023131
Linux,Linux-6.12.111+deb13-amd64-x86_64-with-glibc2.41,3.13.5,400,55,liberacao,1.936128,206597.910882
Linux,Linux-6.12.111+deb13-amd64-x86_64-with-glibc2.41,3.13.5,400,56,alocacao,79.597067,5025.310794
Linux,Linux-6.12.111+deb13-amd64-x86_64-with-glibc2.41,3.13.5,400,56,escrita,67.024648,5967.953759
Linux,Linux-6.12.111+deb13-amd64-x86_64-with-glibc2.41,3.13.5,400,56,leitura,43.157244,9268.432433
Linux,Linux-6.12.111+deb13-amd64-x86_64-with-glibc2.41,3.13.5,400,56,liberacao,2.132042,187613.564836
Linux,Linux-6.12.111+deb13-amd64-x86_64-with-glibc2.41,3.13.5,400,57,alocacao,82.216348,4865.212451
Linux,Linux-6.12.111+deb13-amd64-x86_64-with-glibc2.41,3.13.5,400,57,escrita,60.494723,6612.14698
Linux,Linux-6.12.111+deb13-amd64-x86_64-with-glibc2.41,3.13.5,400,57,leitura,41.140261,9722.83574
Linux,Linux-6.12.111+deb13-amd64-x86_64-with-glibc2.41,3.13.5,400,57,liberacao,2.117693,188884.791138
Linux,Linux-6.12.111+deb13-amd64-x86_64-with-glibc2.41,3.13.5,400,58,alocacao,81.700818,4895.911813
Linux,Linux-6.12.111+deb13-amd64-x86_64-with-glibc2.41,3.13.5,400,58,escrita,59.181719,6758.843892
Linux,Linux-6.12.111+deb13-amd64-x86_64-with-glibc2.41,3.13.5,400,58,leitura,41.592435,9617.1335
Linux,Linux-6.12.111+deb13-amd64-x86_64-with-glibc2.41,3.13.5,400,58,liberacao,2.003929,199607.870339
Linux,Linux-6.12.111+deb13-amd64-x86_64-with-glibc2.41,3.13.5,400,59,alocacao,79.713275,5017.984771
Linux,Linux-6.12.111+deb13-amd64-x86_64-with-glibc2.41,3.13.5,400,59,escrita,59.613458,6709.894266
Linux,Linux-6.12.111+deb13-amd64-x86_64-with-glibc2.41,3.13.5,400,59,leitura,41.217514,9704.612462
Linux,Linux-6.12.111+deb13-amd64-x86_64-with-glibc2.41,3.13.5,400,59,liberacao,2.171592,184196.663093
Linux,Linux-6.12.111+deb13-amd64-x86_64-with-glibc2.41,3.13.5,400,60,alocacao,80.003046,4999.809632
Linux,Linux-6.12.111+deb13-amd64-x86_64-with-glibc2.41,3.13.5,400,60,escrita,59.015352,6777.897385
Linux,Linux-6.12.111+deb13-amd64-x86_64-with-glibc2.41,3.13.5,400,60,leitura,40.898001,9780.429122
Linux,Linux-6.12.111+deb13-amd64-x86_64-with-glibc2.41,3.13.5,400,60,liberacao,2.113485,189260.865348
Linux,Linux-6.12.111+deb13-amd64-x86_64-with-glibc2.41,3.13.5,400,61,alocacao,79.986195,5000.862961
Linux,Linux-6.12.111+deb13-amd64-x86_64-with-glibc2.41,3.13.5,400,61,escrita,59.159615,6761.369221
Linux,Linux-6.12.111+deb13-amd64-x86_64-with-glibc2.41,3.13.5,400,61,leitura,41.389122,9664.375098
Linux,Linux-6.12.111+deb13-amd64-x86_64-with-glibc2.41,3.13.5,400,61,liberacao,2.143327,186625.745861
Linux,Linux-6.12.111+deb13-amd64-x86_64-with-glibc2.41,3.13.5,400,62,alocacao,84.625034,4726.733699
Linux,Linux-6.12.111+deb13-amd64-x86_64-with-glibc2.41,3.13.5,400,62,escrita,60.61032,6599.536185
Linux,Linux-6.12.111+deb13-amd64-x86_64-with-glibc2.41,3.13.5,400,62,leitura,42.038274,9515.138514
Linux,Linux-6.12.111+deb13-amd64-x86_64-with-glibc2.41,3.13.5,400,62,liberacao,2.101741,190318.407454
Linux,Linux-6.12.111+deb13-amd64-x86_64-with-glibc2.41,3.13.5,400,63,alocacao,79.932014,5004.252739
Linux,Linux-6.12.111+deb13-amd64-x86_64-with-glibc2.41,3.13.5,400,63,escrita,59.504647,6722.164069
Linux,Linux-6.12.111+deb13-amd64-x86_64-with-glibc2.41,3.13.5,400,63,leitura,41.650445,9603.738928
Linux,Linux-6.12.111+deb13-amd64-x86_64-with-glibc2.41,3.13.5,400,63,liberacao,1.973891,202645.434829
Linux,Linux-6.12.111+deb13-amd64-x86_64-with-glibc2.41,3.13.5,400,64,alocacao,80.704985,4956.32333
Linux,Linux-6.12.111+deb13-amd64-x86_64-with-glibc2.41,3.13.5,400,64,escrita,59.171436,6760.018466
Linux,Linux-6.12.111+deb13-amd64-x86_64-with-glibc2.41,3.13.5,400,64,leitura,40.948538,9768.358519
Linux,Linux-6.12.111+deb13-amd64-x86_64-with-glibc2.41,3.13.5,400,64,liberacao,2.138316,187063.090769
Linux,Linux-6.12.111+deb13-amd64-x86_64-with-glibc2.41,3.13.5,400,65,alocacao,79.251245,5047.239321
Linux,Linux-6.12.111+deb13-amd64-x86_64-with-glibc2.41,3.13.5,400,65,escrita,59.425035,6731.169784
Linux,Linux-6.12.111+deb13-amd64-x86_64-with-glibc2.41,3.13.5,400,65,leitura,40.763453,9812.711401
Linux,Linux-6.12.111+deb13-amd64-x86_64-with-glibc2.41,3.13.5,400,65,liberacao,2.082798,192049.349001
Linux,Linux-6.12.111+deb13-amd64-x86_64-with-glibc2.41,3.13.5,400,66,alocacao,80.085457,4994.664637
Linux,Linux-6.12.111+deb13-amd64-x86_64-with-glibc2.41,3.13.5,400,66,escrita,59.53051,6719.243628
Linux,Linux-6.12.111+deb13-amd64-x86_64-with-glibc2.41,3.13.5,400,66,leitura,40.53795,9867.297187
Linux,Linux-6.12.111+deb13-amd64-x86_64-with-glibc2.41,3.13.5,400,66,liberacao,2.01921,198097.275667
Linux,Linux-6.12.111+deb13-amd64-x86_64-with-glibc2.41,3.13.5,400,67,alocacao,86.709246,4613.11819
Linux,Linux-6.12.111+deb13-amd64-x86_64-with-glibc2.41,3.13.5,400,67,escrita,60.811606,6577.691765
Linux,Linux-6.12.111+deb13-amd64-x86_64-with-glibc2.41,3.13.5,400,67,leitura,41.889858,9548.850703
Linux,Linux-6.12.111+deb13-amd64-x86_64-with-glibc2.41,3.13.5,400,67,liberacao,2.065519,193655.928607
Linux,Linux-6.12.111+deb13-amd64-x86_64-with-glibc2.41,3.13.5,400,68,alocacao,81.462949,4910.207707
Linux,Linux-6.12.111+deb13-amd64-x86_64-with-glibc2.41,3.13.5,400,68,escrita,58.898078,6791.393091
Linux,Linux-6.12.111+deb13-amd64-x86_64-with-glibc2.41,3.13.5,400,68,leitura,40.718178,9823.622265
Linux,Linux-6.12.111+deb13-amd64-x86_64-with-glibc2.41,3.13.5,400,68,liberacao,2.101041,190381.815491
Linux,Linux-6.12.111+deb13-amd64-x86_64-with-glibc2.41,3.13.5,400,69,alocacao,79.533936,5029.299694
Linux,Linux-6.12.111+deb13-amd64-x86_64-with-glibc2.41,3.13.5,400,69,escrita,59.017116,6777.694796
Linux,Linux-6.12.111+deb13-amd64-x86_64-with-glibc2.41,3.13.5,400,69,leitura,41.117666,9728.178637
Linux,Linux-6.12.111+deb13-amd64-x86_64-with-glibc2.41,3.13.5,400,69,liberacao,2.012169,198790.459449
Linux,Linux-6.12.111+deb13-amd64-x86_64-with-glibc2.41,3.13.5,400,70,alocacao,79.824124,5011.016469
Linux,Linux-6.12.111+deb13-amd64-x86_64-with-glibc2.41,3.13.5,400,70,escrita,59.214662,6755.083732
Linux,Linux-6.12.111+deb13-amd64-x86_64-with-glibc2.41,3.13.5,400,70,leitura,40.524361,9870.605979
Linux,Linux-6.12.111+deb13-amd64-x86_64-with-glibc2.41,3.13.5,400,70,liberacao,1.975118,202519.545668
Linux,Linux-6.12.111+deb13-amd64-x86_64-with-glibc2.41,3.13.5,400,71,alocacao,78.860735,5072.232715
Linux,Linux-6.12.111+deb13-amd64-x86_64-with-glibc2.41,3.13.5,400,71,escrita,59.425144,6731.157437
Linux,Linux-6.12.111+deb13-amd64-x86_64-with-glibc2.41,3.13.5,400,71,leitura,40.413812,9897.606294
Linux,Linux-6.12.111+deb13-amd64-x86_64-with-glibc2.41,3.13.5,400,71,liberacao,1.991795,200823.879968
Linux,Linux-6.12.111+deb13-amd64-x86_64-with-glibc2.41,3.13.5,400,72,alocacao,79.606217,5024.733181
Linux,Linux-6.12.111+deb13-amd64-x86_64-with-glibc2.41,3.13.5,400,72,escrita,61.464023,6507.872093
Linux,Linux-6.12.111+deb13-amd64-x86_64-with-glibc2.41,3.13.5,400,72,leitura,45.280863,8833.753897
Linux,Linux-6.12.111+deb13-amd64-x86_64-with-glibc2.41,3.13.5,400,72,liberacao,2.190822,182579.871847
Linux,Linux-6.12.111+deb13-amd64-x86_64-with-glibc2.41,3.13.5,400,73,alocacao,81.315809,4919.09267
Linux,Linux-6.12.111+deb13-amd64-x86_64-with-glibc2.41,3.13.5,400,73,escrita,61.846496,6467.62591
Linux,Linux-6.12.111+deb13-amd64-x86_64-with-glibc2.41,3.13.5,400,73,leitura,42.297138,9456.904626
Linux,Linux-6.12.111+deb13-amd64-x86_64-with-glibc2.41,3.13.5,400,73,liberacao,2.105636,189966.356958
Linux,Linux-6.12.111+deb13-amd64-x86_64-with-glibc2.41,3.13.5,400,74,alocacao,80.244516,4984.764317
Linux,Linux-6.12.111+deb13-amd64-x86_64-with-glibc2.41,3.13.5,400,74,escrita,59.189067,6758.004819
Linux,Linux-6.12.111+deb13-amd64-x86_64-with-glibc2.41,3.13.5,400,74,leitura,40.299373,9925.71274
Linux,Linux-6.12.111+deb13-amd64-x86_64-with-glibc2.41,3.13.5,400,74,liberacao,1.977612,202264.144837
Linux,Linux-6.12.111+deb13-amd64-x86_64-with-glibc2.41,3.13.5,400,75,alocacao,82.483244,4849.46979
Linux,Linux-6.12.111+deb13-amd64-x86_64-with-glibc2.41,3.13.5,400,75,escrita,61.216135,6534.225005
Linux,Linux-6.12.111+deb13-amd64-x86_64-with-glibc2.41,3.13.5,400,75,leitura,42.239119,9469.894483
Linux,Linux-6.12.111+deb13-amd64-x86_64-with-glibc2.41,3.13.5,400,75,liberacao,2.022682,197757.235196
Linux,Linux-6.12.111+deb13-amd64-x86_64-with-glibc2.41,3.13.5,400,76,alocacao,83.795209,4773.542602
Linux,Linux-6.12.111+deb13-amd64-x86_64-with-glibc2.41,3.13.5,400,76,escrita,60.350862,6627.908645
Linux,Linux-6.12.111+deb13-amd64-x86_64-with-glibc2.41,3.13.5,400,76,leitura,41.839758,9560.284742
Linux,Linux-6.12.111+deb13-amd64-x86_64-with-glibc2.41,3.13.5,400,76,liberacao,2.011615,198845.206463
Linux,Linux-6.12.111+deb13-amd64-x86_64-with-glibc2.41,3.13.5,400,77,alocacao,81.733924,4893.928744
Linux,Linux-6.12.111+deb13-amd64-x86_64-with-glibc2.41,3.13.5,400,77,escrita,60.8083,6578.049378
Linux,Linux-6.12.111+deb13-amd64-x86_64-with-glibc2.41,3.13.5,400,77,leitura,40.927704,9773.331042
Linux,Linux-6.12.111+deb13-amd64-x86_64-with-glibc2.41,3.13.5,400,77,liberacao,2.035997,196463.943709
Linux,Linux-6.12.111+deb13-amd64-x86_64-with-glibc2.41,3.13.5,400,78,alocacao,84.017935,4760.888256
Linux,Linux-6.12.111+deb13-amd64-x86_64-with-glibc2.41,3.13.5,400,78,escrita,60.558389,6605.195525
Linux,Linux-6.12.111+deb13-amd64-x86_64-with-glibc2.41,3.13.5,400,78,leitura,41.726782,9586.169382
Linux,Linux-6.12.111+deb13-amd64-x86_64-with-glibc2.41,3.13.5,400,78,liberacao,2.042586,195830.187811
Linux,Linux-6.12.111+deb13-amd64-x86_64-with-glibc2.41,3.13.5,400,79,alocacao,80.425676,4973.536063
Linux,Linux-6.12.111+deb13-amd64-x86_64-with-glibc2.41,3.13.5,400,79,escrita,59.566234,6715.213858
Linux,Linux-6.12.111+deb13-amd64-x86_64-with-glibc2.41,3.13.5,400,79,leitura,40.655032,9838.880461
Linux,Linux-6.12.111+deb13-amd64-x86_64-with-glibc2.41,3.13.5,400,79,liberacao,2.170967,184249.691497
Linux,Linux-6.12.111+deb13-amd64-x86_64-with-glibc2.41,3.13.5,400,80,alocacao,79.716312,5017.793598
Linux,Linux-6.12.111+deb13-amd64-x86_64-with-glibc2.41,3.13.5,400,80,escrita,58.957306,6784.570516
Linux,Linux-6.12.111+deb13-amd64-x86_64-with-glibc2.41,3.13.5,400,80,leitura,40.758744,9813.845098
Linux,Linux-6.12.111+deb13-amd64-x86_64-with-glibc2.41,3.13.5,400,80,liberacao,1.989247,201081.112602
Linux,Linux-6.12.111+deb13-amd64-x86_64-with-glibc2.41,3.13.5,400,81,alocacao,80.569224,4964.674849
Linux,Linux-6.12.111+deb13-amd64-x86_64-with-glibc2.41,3.13.5,400,81,escrita,58.971629,6782.922683
Linux,Linux-6.12.111+deb13-amd64-x86_64-with-glibc2.41,3.13.5,400,81,leitura,41.087686,9735.276891
Linux,Linux-6.12.111+deb13-amd64-x86_64-with-glibc2.41,3.13.5,400,81,liberacao,1.984071,201605.688506
Linux,Linux-6.12.111+deb13-amd64-x86_64-with-glibc2.41,3.13.5,400,82,alocacao,79.966355,5002.103697
Linux,Linux-6.12.111+deb13-amd64-x86_64-with-glibc2.41,3.13.5,400,82,escrita,59.132354,6764.486325
Linux,Linux-6.12.111+deb13-amd64-x86_64-with-glibc2.41,3.13.5,400,82,leitura,40.622964,9846.64733
Linux,Linux-6.12.111+deb13-amd64-x86_64-with-glibc2.41,3.13.5,400,82,liberacao,1.989933,201011.792859
Linux,Linux-6.12.111+deb13-amd64-x86_64-with-glibc2.41,3.13.5,400,83,alocacao,85.957099,4653.484176
Linux,Linux-6.12.111+deb13-amd64-x86_64-with-glibc2.41,3.13.5,400,83,escrita,62.45814,6404.289337
Linux,Linux-6.12.111+deb13-amd64-x86_64-with-glibc2.41,3.13.5,400,83,leitura,42.523469,9406.570287
Linux,Linux-6.12.111+deb13-amd64-x86_64-with-glibc2.41,3.13.5,400,83,liberacao,2.275981,175748.391573
Linux,Linux-6.12.111+deb13-amd64-x86_64-with-glibc2.41,3.13.5,400,84,alocacao,80.703679,4956.403536
Linux,Linux-6.12.111+deb13-amd64-x86_64-with-glibc2.41,3.13.5,400,84,escrita,59.237937,6752.429613
Linux,Linux-6.12.111+deb13-amd64-x86_64-with-glibc2.41,3.13.5,400,84,leitura,40.790191,9806.279162
Linux,Linux-6.12.111+deb13-amd64-x86_64-with-glibc2.41,3.13.5,400,84,liberacao,2.049346,195184.219746
Linux,Linux-6.12.111+deb13-amd64-x86_64-with-glibc2.41,3.13.5,400,85,alocacao,80.117245,4992.682911
Linux,Linux-6.12.111+deb13-amd64-x86_64-with-glibc2.41,3.13.5,400,85,escrita,59.161938,6761.103735
Linux,Linux-6.12.111+deb13-amd64-x86_64-with-glibc2.41,3.13.5,400,85,leitura,41.072799,9738.80548
Linux,Linux-6.12.111+deb13-amd64-x86_64-with-glibc2.41,3.13.5,400,85,liberacao,2.135868,187277.490931
Linux,Linux-6.12.111+deb13-amd64-x86_64-with-glibc2.41,3.13.5,400,86,alocacao,79.264285,5046.408985
Linux,Linux-6.12.111+deb13-amd64-x86_64-with-glibc2.41,3.13.5,400,86,escrita,59.274382,6748.277865
Linux,Linux-6.12.111+deb13-amd64-x86_64-with-glibc2.41,3.13.5,400,86,leitura,40.991911,9758.022747
Linux,Linux-6.12.111+deb13-amd64-x86_64-with-glibc2.41,3.13.5,400,86,liberacao,1.978304,202193.393937
Linux,Linux-6.12.111+deb13-amd64-x86_64-with-glibc2.41,3.13.5,400,87,alocacao,79.308006,5043.626995
Linux,Linux-6.12.111+deb13-amd64-x86_64-with-glibc2.41,3.13.5,400,87,escrita,59.570419,6714.742094
Linux,Linux-6.12.111+deb13-amd64-x86_64-with-glibc2.41,3.13.5,400,87,leitura,40.7225,9822.579655
Linux,Linux-6.12.111+deb13-amd64-x86_64-with-glibc2.41,3.13.5,400,87,liberacao,1.975708,202459.067838
Linux,Linux-6.12.111+deb13-amd64-x86_64-with-glibc2.41,3.13.5,400,88,alocacao,79.273426,5045.827085
Linux,Linux-6.12.111+deb13-amd64-x86_64-with-glibc2.41,3.13.5,400,88,escrita,60.940159,6563.816153
Linux,Linux-6.12.111+deb13-amd64-x86_64-with-glibc2.41,3.13.5,400,88,leitura,44.309088,9027.493412
Linux,Linux-6.12.111+deb13-amd64-x86_64-with-glibc2.41,3.13.5,400,88,liberacao,2.191538,182520.220959
Linux,Linux-6.12.111+deb13-amd64-x86_64-with-glibc2.41,3.13.5,400,89,alocacao,81.569342,4903.803196
Linux,Linux-6.12.111+deb13-amd64-x86_64-with-glibc2.41,3.13.5,400,89,escrita,60.538997,6607.311317
Linux,Linux-6.12.111+deb13-amd64-x86_64-with-glibc2.41,3.13.5,400,89,leitura,41.299348,9685.382927
Linux,Linux-6.12.111+deb13-amd64-x86_64-with-glibc2.41,3.13.5,400,89,liberacao,1.993961,200605.728999
Linux,Linux-6.12.111+deb13-amd64-x86_64-with-glibc2.41,3.13.5,400,90,alocacao,80.147554,4990.794853
Linux,Linux-6.12.111+deb13-amd64-x86_64-with-glibc2.41,3.13.5,400,90,escrita,59.098797,6768.327281
Linux,Linux-6.12.111+deb13-amd64-x86_64-with-glibc2.41,3.13.5,400,90,leitura,40.770178,9811.092804
Linux,Linux-6.12.111+deb13-amd64-x86_64-with-glibc2.41,3.13.5,400,90,liberacao,2.039524,196124.193684
Linux,Linux-6.12.111+deb13-amd64-x86_64-with-glibc2.41,3.13.5,400,91,alocacao,79.244365,5047.677523
Linux,Linux-6.12.111+deb13-amd64-x86_64-with-glibc2.41,3.13.5,400,91,escrita,59.133292,6764.379024
Linux,Linux-6.12.111+deb13-amd64-x86_64-with-glibc2.41,3.13.5,400,91,leitura,40.604144,9851.211246
Linux,Linux-6.12.111+deb13-amd64-x86_64-with-glibc2.41,3.13.5,400,91,liberacao,1.926345,207647.124477
Linux,Linux-6.12.111+deb13-amd64-x86_64-with-glibc2.41,3.13.5,400,92,alocacao,80.296065,4981.564165
Linux,Linux-6.12.111+deb13-amd64-x86_64-with-glibc2.41,3.13.5,400,92,escrita,58.951746,6785.210399
Linux,Linux-6.12.111+deb13-amd64-x86_64-with-glibc2.41,3.13.5,400,92,leitura,40.514653,9872.971145
Linux,Linux-6.12.111+deb13-amd64-x86_64-with-glibc2.41,3.13.5,400,92,liberacao,1.953739,204735.637667
Linux,Linux-6.12.111+deb13-amd64-x86_64-with-glibc2.41,3.13.5,400,93,alocacao,79.611608,5024.392925
Linux,Linux-6.12.111+deb13-amd64-x86_64-with-glibc2.41,3.13.5,400,93,escrita,59.435124,6730.027181
Linux,Linux-6.12.111+deb13-amd64-x86_64-with-glibc2.41,3.13.5,400,93,leitura,40.62242,9846.779192
Linux,Linux-6.12.111+deb13-amd64-x86_64-with-glibc2.41,3.13.5,400,93,liberacao,1.920771,208249.70806
Linux,Linux-6.12.111+deb13-amd64-x86_64-with-glibc2.41,3.13.5,400,94,alocacao,86.878846,4604.11272
Linux,Linux-6.12.111+deb13-amd64-x86_64-with-glibc2.41,3.13.5,400,94,escrita,60.875022,6570.839514
Linux,Linux-6.12.111+deb13-amd64-x86_64-with-glibc2.41,3.13.5,400,94,leitura,41.941202,9537.161095
Linux,Linux-6.12.111+deb13-amd64-x86_64-with-glibc2.41,3.13.5,400,94,liberacao,2.108801,189681.245409
Linux,Linux-6.12.111+deb13-amd64-x86_64-with-glibc2.41,3.13.5,400,95,alocacao,79.874774,5007.838895
Linux,Linux-6.12.111+deb13-amd64-x86_64-with-glibc2.41,3.13.5,400,95,escrita,59.458319,6727.401762
Linux,Linux-6.12.111+deb13-amd64-x86_64-with-glibc2.41,3.13.5,400,95,leitura,40.869633,9787.21781
Linux,Linux-6.12.111+deb13-amd64-x86_64-with-glibc2.41,3.13.5,400,95,liberacao,2.125032,188232.459558
Linux,Linux-6.12.111+deb13-amd64-x86_64-with-glibc2.41,3.13.5,400,96,alocacao,79.612589,5024.331014
Linux,Linux-6.12.111+deb13-amd64-x86_64-with-glibc2.41,3.13.5,400,96,escrita,59.094247,6768.848413
Linux,Linux-6.12.111+deb13-amd64-x86_64-with-glibc2.41,3.13.5,400,96,leitura,40.891595,9781.961305
Linux,Linux-6.12.111+deb13-amd64-x86_64-with-glibc2.41,3.13.5,400,96,liberacao,1.914691,208910.993993
Linux,Linux-6.12.111+deb13-amd64-x86_64-with-glibc2.41,3.13.5,400,97,alocacao,79.329392,5042.26731
Linux,Linux-6.12.111+deb13-amd64-x86_64-with-glibc2.41,3.13.5,400,97,escrita,59.653756,6705.36152
Linux,Linux-6.12.111+deb13-amd64-x86_64-with-glibc2.41,3.13.5,400,97,leitura,40.341916,9915.245473
Linux,Linux-6.12.111+deb13-amd64-x86_64-with-glibc2.41,3.13.5,400,97,liberacao,1.907136,209738.581832
Linux,Linux-6.12.111+deb13-amd64-x86_64-with-glibc2.41,3.13.5,400,98,alocacao,81.150088,4929.138216
Linux,Linux-6.12.111+deb13-amd64-x86_64-with-glibc2.41,3.13.5,400,98,escrita,59.481339,6724.798176
Linux,Linux-6.12.111+deb13-amd64-x86_64-with-glibc2.41,3.13.5,400,98,leitura,40.462341,9885.735479
Linux,Linux-6.12.111+deb13-amd64-x86_64-with-glibc2.41,3.13.5,400,98,liberacao,1.902176,210285.483572
Linux,Linux-6.12.111+deb13-amd64-x86_64-with-glibc2.41,3.13.5,400,99,alocacao,79.65919,5021.391757
Linux,Linux-6.12.111+deb13-amd64-x86_64-with-glibc2.41,3.13.5,400,99,escrita,64.833661,6169.634629
Linux,Linux-6.12.111+deb13-amd64-x86_64-with-glibc2.41,3.13.5,400,99,leitura,42.217971,9474.638182
Linux,Linux-6.12.111+deb13-amd64-x86_64-with-glibc2.41,3.13.5,400,99,liberacao,2.229096,179444.940909
Linux,Linux-6.12.111+deb13-amd64-x86_64-with-glibc2.41,3.13.5,400,100,alocacao,81.386478,4914.821354
Linux,Linux-6.12.111+deb13-amd64-x86_64-with-glibc2.41,3.13.5,400,100,escrita,61.105496,6546.056021
Linux,Linux-6.12.111+deb13-amd64-x86_64-with-glibc2.41,3.13.5,400,100,leitura,41.099572,9732.461448
Linux,Linux-6.12.111+deb13-amd64-x86_64-with-glibc2.41,3.13.5,400,100,liberacao,2.030184,197026.476418
Linux,Linux-6.12.111+deb13-amd64-x86_64-with-glibc2.41,3.13.5,500,1,alocacao,112.686821,4437.076098
Linux,Linux-6.12.111+deb13-amd64-x86_64-with-glibc2.41,3.13.5,500,1,escrita,75.638383,6610.400437
Linux,Linux-6.12.111+deb13-amd64-x86_64-with-glibc2.41,3.13.5,500,1,leitura,53.830434,9288.425949
Linux,Linux-6.12.111+deb13-amd64-x86_64-with-glibc2.41,3.13.5,500,1,liberacao,2.603824,192025.267453
Linux,Linux-6.12.111+deb13-amd64-x86_64-with-glibc2.41,3.13.5,500,2,alocacao,98.373237,5082.68321
Linux,Linux-6.12.111+deb13-amd64-x86_64-with-glibc2.41,3.13.5,500,2,escrita,74.15655,6742.49274
Linux,Linux-6.12.111+deb13-amd64-x86_64-with-glibc2.41,3.13.5,500,2,leitura,53.086625,9418.568236
Linux,Linux-6.12.111+deb13-amd64-x86_64-with-glibc2.41,3.13.5,500,2,liberacao,2.456401,203549.827573
Linux,Linux-6.12.111+deb13-amd64-x86_64-with-glibc2.41,3.13.5,500,3,alocacao,102.891777,4859.474825
Linux,Linux-6.12.111+deb13-amd64-x86_64-with-glibc2.41,3.13.5,500,3,escrita,76.633814,6524.534979
Linux,Linux-6.12.111+deb13-amd64-x86_64-with-glibc2.41,3.13.5,500,3,leitura,54.81521,9121.55586
Linux,Linux-6.12.111+deb13-amd64-x86_64-with-glibc2.41,3.13.5,500,3,liberacao,3.156034,158426.683616
Linux,Linux-6.12.111+deb13-amd64-x86_64-with-glibc2.41,3.13.5,500,4,alocacao,102.05577,4899.28203
Linux,Linux-6.12.111+deb13-amd64-x86_64-with-glibc2.41,3.13.5,500,4,escrita,75.790817,6597.105293
Linux,Linux-6.12.111+deb13-amd64-x86_64-with-glibc2.41,3.13.5,500,4,leitura,54.23963,9218.351969
Linux,Linux-6.12.111+deb13-amd64-x86_64-with-glibc2.41,3.13.5,500,4,liberacao,2.767787,180649.739304
Linux,Linux-6.12.111+deb13-amd64-x86_64-with-glibc2.41,3.13.5,500,5,alocacao,99.97301,5001.349864
Linux,Linux-6.12.111+deb13-amd64-x86_64-with-glibc2.41,3.13.5,500,5,escrita,74.0013,6756.638059
Linux,Linux-6.12.111+deb13-amd64-x86_64-with-glibc2.41,3.13.5,500,5,leitura,53.677819,9314.834494
Linux,Linux-6.12.111+deb13-amd64-x86_64-with-glibc2.41,3.13.5,500,5,liberacao,2.817622,177454.605337
Linux,Linux-6.12.111+deb13-amd64-x86_64-with-glibc2.41,3.13.5,500,6,alocacao,104.321761,4792.863878
Linux,Linux-6.12.111+deb13-amd64-x86_64-with-glibc2.41,3.13.5,500,6,escrita,75.573709,6616.057444
Linux,Linux-6.12.111+deb13-amd64-x86_64-with-glibc2.41,3.13.5,500,6,leitura,54.540869,9167.437358
Linux,Linux-6.12.111+deb13-amd64-x86_64-with-glibc2.41,3.13.5,500,6,liberacao,2.573149,194314.437291
Linux,Linux-6.12.111+deb13-amd64-x86_64-with-glibc2.41,3.13.5,500,7,alocacao,98.914487,5054.871285
Linux,Linux-6.12.111+deb13-amd64-x86_64-with-glibc2.41,3.13.5,500,7,escrita,74.022116,6754.738003
Linux,Linux-6.12.111+deb13-amd64-x86_64-with-glibc2.41,3.13.5,500,7,leitura,53.562794,9334.83791
Linux,Linux-6.12.111+deb13-amd64-x86_64-with-glibc2.41,3.13.5,500,7,liberacao,2.663798,187701.920341
Linux,Linux-6.12.111+deb13-amd64-x86_64-with-glibc2.41,3.13.5,500,8,alocacao,112.19771,4456.418941
Linux,Linux-6.12.111+deb13-amd64-x86_64-with-glibc2.41,3.13.5,500,8,escrita,75.808083,6595.602741
Linux,Linux-6.12.111+deb13-amd64-x86_64-with-glibc2.41,3.13.5,500,8,leitura,56.367319,8870.388177
Linux,Linux-6.12.111+deb13-amd64-x86_64-with-glibc2.41,3.13.5,500,8,liberacao,2.740471,182450.389002
Linux,Linux-6.12.111+deb13-amd64-x86_64-with-glibc2.41,3.13.5,500,9,alocacao,99.632416,5018.447008
Linux,Linux-6.12.111+deb13-amd64-x86_64-with-glibc2.41,3.13.5,500,9,escrita,74.293304,6730.081624
Linux,Linux-6.12.111+deb13-amd64-x86_64-with-glibc2.41,3.13.5,500,9,leitura,54.828192,9119.396095
Linux,Linux-6.12.111+deb13-amd64-x86_64-with-glibc2.41,3.13.5,500,9,liberacao,2.783816,179609.571897
Linux,Linux-6.12.111+deb13-amd64-x86_64-with-glibc2.41,3.13.5,500,10,alocacao,98.752552,5063.160292
Linux,Linux-6.12.111+deb13-amd64-x86_64-with-glibc2.41,3.13.5,500,10,escrita,73.616165,6791.986515
Linux,Linux-6.12.111+deb13-amd64-x86_64-with-glibc2.41,3.13.5,500,10,leitura,54.980295,9094.167283
Linux,Linux-6.12.111+deb13-amd64-x86_64-with-glibc2.41,3.13.5,500,10,liberacao,2.663694,187709.248885
Linux,Linux-6.12.111+deb13-amd64-x86_64-with-glibc2.41,3.13.5,500,11,alocacao,99.090872,5045.873448
Linux,Linux-6.12.111+deb13-amd64-x86_64-with-glibc2.41,3.13.5,500,11,escrita,74.449602,6715.952625
Linux,Linux-6.12.111+deb13-amd64-x86_64-with-glibc2.41,3.13.5,500,11,leitura,53.927163,9271.765325
Linux,Linux-6.12.111+deb13-amd64-x86_64-with-glibc2.41,3.13.5,500,11,liberacao,2.644758,189053.213942
Linux,Linux-6.12.111+deb13-amd64-x86_64-with-glibc2.41,3.13.5,500,12,alocacao,98.284061,5087.294877
Linux,Linux-6.12.111+deb13-amd64-x86_64-with-glibc2.41,3.13.5,500,12,escrita,80.827956,6185.978525
Linux,Linux-6.12.111+deb13-amd64-x86_64-with-glibc2.41,3.13.5,500,12,leitura,55.731738,8971.548671
Linux,Linux-6.12.111+deb13-amd64-x86_64-with-glibc2.41,3.13.5,500,12,liberacao,2.909827,171831.521255
Linux,Linux-6.12.111+deb13-amd64-x86_64-with-glibc2.41,3.13.5,500,13,alocacao,100.078459,4996.080125
Linux,Linux-6.12.111+deb13-amd64-x86_64-with-glibc2.41,3.13.5,500,13,escrita,73.933434,6762.840206
Linux,Linux-6.12.111+deb13-amd64-x86_64-with-glibc2.41,3.13.5,500,13,leitura,54.052632,9250.243355
Linux,Linux-6.12.111+deb13-amd64-x86_64-with-glibc2.41,3.13.5,500,13,liberacao,2.66611,187539.148797
Linux,Linux-6.12.111+deb13-amd64-x86_64-with-glibc2.41,3.13.5,500,14,alocacao,98.385326,5082.05868
Linux,Linux-6.12.111+deb13-amd64-x86_64-with-glibc2.41,3.13.5,500,14,escrita,73.985102,6758.11733
Linux,Linux-6.12.111+deb13-amd64-x86_64-with-glibc2.41,3.13.5,500,14,leitura,53.88303,9279.359383
Linux,Linux-6.12.111+deb13-amd64-x86_64-with-glibc2.41,3.13.5,500,14,liberacao,2.779955,179859.026495
Linux,Linux-6.12.111+deb13-amd64-x86_64-with-glibc2.41,3.13.5,500,15,alocacao,97.940058,5105.163405
Linux,Linux-6.12.111+deb13-amd64-x86_64-with-glibc2.41,3.13.5,500,15,escrita,74.294569,6729.967032
Linux,Linux-6.12.111+deb13-amd64-x86_64-with-glibc2.41,3.13.5,500,15,leitura,53.417063,9360.304965
Linux,Linux-6.12.111+deb13-amd64-x86_64-with-glibc2.41,3.13.5,500,15,liberacao,2.563616,195037.010223
Linux,Linux-6.12.111+deb13-amd64-x86_64-with-glibc2.41,3.13.5,500,16,alocacao,98.522083,5075.004352
Linux,Linux-6.12.111+deb13-amd64-x86_64-with-glibc2.41,3.13.5,500,16,escrita,74.988774,6667.664683
Linux,Linux-6.12.111+deb13-amd64-x86_64-with-glibc2.41,3.13.5,500,16,leitura,57.989444,8622.258906
Linux,Linux-6.12.111+deb13-amd64-x86_64-with-glibc2.41,3.13.5,500,16,liberacao,2.665012,187616.415986
Linux,Linux-6.12.111+deb13-amd64-x86_64-with-glibc2.41,3.13.5,500,17,alocacao,100.001752,4999.912402
Linux,Linux-6.12.111+deb13-amd64-x86_64-with-glibc2.41,3.13.5,500,17,escrita,74.75799,6688.248306
Linux,Linux-6.12.111+deb13-amd64-x86_64-with-glibc2.41,3.13.5,500,17,leitura,53.588067,9330.435449
Linux,Linux-6.12.111+deb13-amd64-x86_64-with-glibc2.41,3.13.5,500,17,liberacao,2.528456,197749.140187
Linux,Linux-6.12.111+deb13-amd64-x86_64-with-glibc2.41,3.13.5,500,18,alocacao,99.27275,5036.628884
Linux,Linux-6.12.111+deb13-amd64-x86_64-with-glibc2.41,3.13.5,500,18,escrita,73.696896,6784.546258
Linux,Linux-6.12.111+deb13-amd64-x86_64-with-glibc2.41,3.13.5,500,18,leitura,53.550375,9337.002775
Linux,Linux-6.12.111+deb13-amd64-x86_64-with-glibc2.41,3.13.5,500,18,liberacao,2.641967,189252.931623
Linux,Linux-6.12.111+deb13-amd64-x86_64-with-glibc2.41,3.13.5,500,19,alocacao,97.987608,5102.686046
Linux,Linux-6.12.111+deb13-amd64-x86_64-with-glibc2.41,3.13.5,500,19,escrita,73.664398,6787.539348
Linux,Linux-6.12.111+deb13-amd64-x86_64-with-glibc2.41,3.13.5,500,19,leitura,53.470451,9350.959093
Linux,Linux-6.12.111+deb13-amd64-x86_64-with-glibc2.41,3.13.5,500,19,liberacao,2.653232,188449.408118
Linux,Linux-6.12.111+deb13-amd64-x86_64-with-glibc2.41,3.13.5,500,20,alocacao,98.453825,5078.522851
Linux,Linux-6.12.111+deb13-amd64-x86_64-with-glibc2.41,3.13.5,500,20,escrita,73.755396,6779.165012
Linux,Linux-6.12.111+deb13-amd64-x86_64-with-glibc2.41,3.13.5,500,20,leitura,53.05286,9424.562597
Linux,Linux-6.12.111+deb13-amd64-x86_64-with-glibc2.41,3.13.5,500,20,liberacao,2.509693,199227.554924
Linux,Linux-6.12.111+deb13-amd64-x86_64-with-glibc2.41,3.13.5,500,21,alocacao,106.259843,4705.44644
Linux,Linux-6.12.111+deb13-amd64-x86_64-with-glibc2.41,3.13.5,500,21,escrita,75.672408,6607.428166
Linux,Linux-6.12.111+deb13-amd64-x86_64-with-glibc2.41,3.13.5,500,21,leitura,53.569119,9333.735729
Linux,Linux-6.12.111+deb13-amd64-x86_64-with-glibc2.41,3.13.5,500,21,liberacao,2.628039,190255.92847
Linux,Linux-6.12.111+deb13-amd64-x86_64-with-glibc2.41,3.13.5,500,22,alocacao,100.416309,4979.270847
Linux,Linux-6.12.111+deb13-amd64-x86_64-with-glibc2.41,3.13.5,500,22,escrita,74.038029,6753.286206
Linux,Linux-6.12.111+deb13-amd64-x86_64-with-glibc2.41,3.13.5,500,22,leitura,53.076116,9420.4331
Linux,Linux-6.12.111+deb13-amd64-x86_64-with-glibc2.41,3.13.5,500,22,liberacao,2.535389,197208.396818
Linux,Linux-6.12.111+deb13-amd64-x86_64-with-glibc2.41,3.13.5,500,23,alocacao,97.850879,5109.816132
Linux,Linux-6.12.111+deb13-amd64-x86_64-with-glibc2.41,3.13.5,500,23,escrita,74.002429,6756.534978
Linux,Linux-6.12.111+deb13-amd64-x86_64-with-glibc2.41,3.13.5,500,23,leitura,53.02027,9430.355598
Linux,Linux-6.12.111+deb13-amd64-x86_64-with-glibc2.41,3.13.5,500,23,liberacao,2.443323,204639.337492
Linux,Linux-6.12.111+deb13-amd64-x86_64-with-glibc2.41,3.13.5,500,24,alocacao,98.868335,5057.230912
Linux,Linux-6.12.111+deb13-amd64-x86_64-with-glibc2.41,3.13.5,500,24,escrita,73.984974,6758.129022
Linux,Linux-6.12.111+deb13-amd64-x86_64-with-glibc2.41,3.13.5,500,24,leitura,54.165031,9231.04798
Linux,Linux-6.12.111+deb13-amd64-x86_64-with-glibc2.41,3.13.5,500,24,liberacao,2.495864,200331.428315
Linux,Linux-6.12.111+deb13-amd64-x86_64-with-glibc2.41,3.13.5,500,25,alocacao,105.669591,4731.730248
Linux,Linux-6.12.111+deb13-amd64-x86_64-with-glibc2.41,3.13.5,500,25,escrita,76.728682,6516.467988
Linux,Linux-6.12.111+deb13-amd64-x86_64-with-glibc2.41,3.13.5,500,25,leitura,56.27697,8884.629005
Linux,Linux-6.12.111+deb13-amd64-x86_64-with-glibc2.41,3.13.5,500,25,liberacao,2.695137,185519.326105
Linux,Linux-6.12.111+deb13-amd64-x86_64-with-glibc2.41,3.13.5,500,26,alocacao,100.506461,4974.804555
Linux,Linux-6.12.111+deb13-amd64-x86_64-with-glibc2.41,3.13.5,500,26,escrita,74.47935,6713.270188
Linux,Linux-6.12.111+deb13-amd64-x86_64-with-glibc2.41,3.13.5,500,26,leitura,53.098467,9416.467711
Linux,Linux-6.12.111+deb13-amd64-x86_64-with-glibc2.41,3.13.5,500,26,liberacao,2.953952,169264.768012
Linux,Linux-6.12.111+deb13-amd64-x86_64-with-glibc2.41,3.13.5,500,27,alocacao,97.12312,5148.104797
Linux,Linux-6.12.111+deb13-amd64-x86_64-with-glibc2.41,3.13.5,500,27,escrita,73.605207,6792.997675
Linux,Linux-6.12.111+deb13-amd64-x86_64-with-glibc2.41,3.13.5,500,27,leitura,52.967244,9439.796415
Linux,Linux-6.12.111+deb13-amd64-x86_64-with-glibc2.41,3.13.5,500,27,liberacao,2.431858,205604.110108
Linux,Linux-6.12.111+deb13-amd64-x86_64-with-glibc2.41,3.13.5,500,28,alocacao,97.893331,5107.600231
Linux,Linux-6.12.111+deb13-amd64-x86_64-with-glibc2.41,3.13.5,500,28,escrita,74.197148,6738.803491
Linux,Linux-6.12.111+deb13-amd64-x86_64-with-glibc2.41,3.13.5,500,28,leitura,53.012072,9431.813946
Linux,Linux-6.12.111+deb13-amd64-x86_64-with-glibc2.41,3.13.5,500,28,liberacao,2.468974,202513.270695
Linux,Linux-6.12.111+deb13-amd64-x86_64-with-glibc2.41,3.13.5,500,29,alocacao,97.736182,5115.812688
Linux,Linux-6.12.111+deb13-amd64-x86_64-with-glibc2.41,3.13.5,500,29,escrita,80.787519,6189.074825
Linux,Linux-6.12.111+deb13-amd64-x86_64-with-glibc2.41,3.13.5,500,29,leitura,56.427047,8860.998875
Linux,Linux-6.12.111+deb13-amd64-x86_64-with-glibc2.41,3.13.5,500,29,liberacao,2.646542,188925.775597
Linux,Linux-6.12.111+deb13-amd64-x86_64-with-glibc2.41,3.13.5,500,30,alocacao,99.872625,5006.376873
Linux,Linux-6.12.111+deb13-amd64-x86_64-with-glibc2.41,3.13.5,500,30,escrita,73.665549,6787.433295
Linux,Linux-6.12.111+deb13-amd64-x86_64-with-glibc2.41,3.13.5,500,30,leitura,53.627649,9323.548754
Linux,Linux-6.12.111+deb13-amd64-x86_64-with-glibc2.41,3.13.5,500,30,liberacao,2.528822,197720.519673
Linux,Linux-6.12.111+deb13-amd64-x86_64-with-glibc2.41,3.13.5,500,31,alocacao,97.488404,5128.815115
Linux,Linux-6.12.111+deb13-amd64-x86_64-with-glibc2.41,3.13.5,500,31,escrita,73.746567,6779.976619
Linux,Linux-6.12.111+deb13-amd64-x86_64-with-glibc2.41,3.13.5,500,31,leitura,56.762453,8808.639753
Linux,Linux-6.12.111+deb13-amd64-x86_64-with-glibc2.41,3.13.5,500,31,liberacao,2.536622,197112.537855
Linux,Linux-6.12.111+deb13-amd64-x86_64-with-glibc2.41,3.13.5,500,32,alocacao,99.95603,5002.199467
Linux,Linux-6.12.111+deb13-amd64-x86_64-with-glibc2.41,3.13.5,500,32,escrita,74.09222,6748.346857
Linux,Linux-6.12.111+deb13-amd64-x86_64-with-glibc2.41,3.13.5,500,32,leitura,54.950011,9099.179252
Linux,Linux-6.12.111+deb13-amd64-x86_64-with-glibc2.41,3.13.5,500,32,liberacao,2.638435,189506.279291
Linux,Linux-6.12.111+deb13-amd64-x86_64-with-glibc2.41,3.13.5,500,33,alocacao,98.589315,5071.543503
Linux,Linux-6.12.111+deb13-amd64-x86_64-with-glibc2.41,3.13.5,500,33,escrita,73.439061,6808.365919
Linux,Linux-6.12.111+deb13-amd64-x86_64-with-glibc2.41,3.13.5,500,33,leitura,54.415769,9188.512984
Linux,Linux-6.12.111+deb13-amd64-x86_64-with-glibc2.41,3.13.5,500,33,liberacao,2.648147,188811.270673
Linux,Linux-6.12.111+deb13-amd64-x86_64-with-glibc2.41,3.13.5,500,34,alocacao,98.808209,5060.308299
Linux,Linux-6.12.111+deb13-amd64-x86_64-with-glibc2.41,3.13.5,500,34,escrita,74.79967,6684.521469
Linux,Linux-6.12.111+deb13-amd64-x86_64-with-glibc2.41,3.13.5,500,34,leitura,53.905695,9275.457816
Linux,Linux-6.12.111+deb13-amd64-x86_64-with-glibc2.41,3.13.5,500,34,liberacao,2.508433,199327.628045
Linux,Linux-6.12.111+deb13-amd64-x86_64-with-glibc2.41,3.13.5,500,35,alocacao,99.996306,5000.184707
Linux,Linux-6.12.111+deb13-amd64-x86_64-with-glibc2.41,3.13.5,500,35,escrita,73.905731,6765.375205
Linux,Linux-6.12.111+deb13-amd64-x86_64-with-glibc2.41,3.13.5,500,35,leitura,53.392968,9364.529052
Linux,Linux-6.12.111+deb13-amd64-x86_64-with-glibc2.41,3.13.5,500,35,liberacao,2.508855,199294.100297
Linux,Linux-6.12.111+deb13-amd64-x86_64-with-glibc2.41,3.13.5,500,36,alocacao,98.686067,5066.571353
Linux,Linux-6.12.111+deb13-amd64-x86_64-with-glibc2.41,3.13.5,500,36,escrita,73.365696,6815.17422
Linux,Linux-6.12.111+deb13-amd64-x86_64-with-glibc2.41,3.13.5,500,36,leitura,52.955808,9441.834973
Linux,Linux-6.12.111+deb13-amd64-x86_64-with-glibc2.41,3.13.5,500,36,liberacao,2.551545,195959.702847
Linux,Linux-6.12.111+deb13-amd64-x86_64-with-glibc2.41,3.13.5,500,37,alocacao,99.141108,5043.316643
Linux,Linux-6.12.111+deb13-amd64-x86_64-with-glibc2.41,3.13.5,500,37,escrita,75.056712,6661.629409
Linux,Linux-6.12.111+deb13-amd64-x86_64-with-glibc2.41,3.13.5,500,37,leitura,53.228649,9393.437733
Linux,Linux-6.12.111+deb13-amd64-x86_64-with-glibc2.41,3.13.5,500,37,liberacao,2.719098,183884.50876
Linux,Linux-6.12.111+deb13-amd64-x86_64-with-glibc2.41,3.13.5,500,38,alocacao,106.373544,4700.416863
Linux,Linux-6.12.111+deb13-amd64-x86_64-with-glibc2.41,3.13.5,500,38,escrita,75.59299,6614.36993
Linux,Linux-6.12.111+deb13-amd64-x86_64-with-glibc2.41,3.13.5,500,38,leitura,54.585802,9159.891065
Linux,Linux-6.12.111+deb13-amd64-x86_64-with-glibc2.41,3.13.5,500,38,liberacao,2.542941,196622.729352
Linux,Linux-6.12.111+deb13-amd64-x86_64-with-glibc2.41,3.13.5,500,39,alocacao,98.581608,5071.939991
Linux,Linux-6.12.111+deb13-amd64-x86_64-with-glibc2.41,3.13.5,500,39,escrita,73.887062,6767.084608
Linux,Linux-6.12.111+deb13-amd64-x86_64-with-glibc2.41,3.13.5,500,39,leitura,53.008724,9432.409654
Linux,Linux-6.12.111+deb13-amd64-x86_64-with-glibc2.41,3.13.5,500,39,liberacao,2.519129,198481.300481
Linux,Linux-6.12.111+deb13-amd64-x86_64-with-glibc2.41,3.13.5,500,40,alocacao,99.130584,5043.852057
Linux,Linux-6.12.111+deb13-amd64-x86_64-with-glibc2.41,3.13.5,500,40,escrita,74.106484,6747.047937
Linux,Linux-6.12.111+deb13-amd64-x86_64-with-glibc2.41,3.13.5,500,40,leitura,52.843107,9461.972022
Linux,Linux-6.12.111+deb13-amd64-x86_64-with-glibc2.41,3.13.5,500,40,liberacao,2.593626,192780.300629
Linux,Linux-6.12.111+deb13-amd64-x86_64-with-glibc2.41,3.13.5,500,41,alocacao,97.600052,5122.94809
Linux,Linux-6.12.111+deb13-amd64-x86_64-with-glibc2.41,3.13.5,500,41,escrita,74.169227,6741.340314
Linux,Linux-6.12.111+deb13-amd64-x86_64-with-glibc2.41,3.13.5,500,41,leitura,54.01981,9255.863729
Linux,Linux-6.12.111+deb13-amd64-x86_64-with-glibc2.41,3.13.5,500,41,liberacao,2.635513,189716.385387
Linux,Linux-6.12.111+deb13-amd64-x86_64-with-glibc2.41,3.13.5,500,42,alocacao,97.712872,5117.033097
Linux,Linux-6.12.111+deb13-amd64-x86_64-with-glibc2.41,3.13.5,500,42,escrita,83.48526,5989.081186
Linux,Linux-6.12.111+deb13-amd64-x86_64-with-glibc2.41,3.13.5,500,42,leitura,54.982843,9093.745844
Linux,Linux-6.12.111+deb13-amd64-x86_64-with-glibc2.41,3.13.5,500,42,liberacao,2.833444,176463.695771
Linux,Linux-6.12.111+deb13-amd64-x86_64-with-glibc2.41,3.13.5,500,43,alocacao,99.35387,5032.5166
Linux,Linux-6.12.111+deb13-amd64-x86_64-with-glibc2.41,3.13.5,500,43,escrita,74.452479,6715.693107
Linux,Linux-6.12.111+deb13-amd64-x86_64-with-glibc2.41,3.13.5,500,43,leitura,54.623485,9153.571948
Linux,Linux-6.12.111+deb13-amd64-x86_64-with-glibc2.41,3.13.5,500,43,liberacao,2.612866,191360.750991
Linux,Linux-6.12.111+deb13-amd64-x86_64-with-glibc2.41,3.13.5,500,44,alocacao,98.35414,5083.670093
Linux,Linux-6.12.111+deb13-amd64-x86_64-with-glibc2.41,3.13.5,500,44,escrita,73.8375,6771.626883
Linux,Linux-6.12.111+deb13-amd64-x86_64-with-glibc2.41,3.13.5,500,44,leitura,54.017037,9256.338884
Linux,Linux-6.12.111+deb13-amd64-x86_64-with-glibc2.41,3.13.5,500,44,liberacao,2.525819,197955.593809
Linux,Linux-6.12.111+deb13-amd64-x86_64-with-glibc2.41,3.13.5,500,45,alocacao,97.899773,5107.26414
Linux,Linux-6.12.111+deb13-amd64-x86_64-with-glibc2.41,3.13.5,500,45,escrita,73.648441,6789.009967
Linux,Linux-6.12.111+deb13-amd64-x86_64-with-glibc2.41,3.13.5,500,45,leitura,53.651347,9319.430507
Linux,Linux-6.12.111+deb13-amd64-x86_64-with-glibc2.41,3.13.5,500,45,liberacao,2.539185,196913.5766
Linux,Linux-6.12.111+deb13-amd64-x86_64-with-glibc2.41,3.13.5,500,46,alocacao,99.163235,5042.191292
Linux,Linux-6.12.111+deb13-amd64-x86_64-with-glibc2.41,3.13.5,500,46,escrita,75.263554,6643.32168
Linux,Linux-6.12.111+deb13-amd64-x86_64-with-glibc2.41,3.13.5,500,46,leitura,58.797995,8503.691325
Linux,Linux-6.12.111+deb13-amd64-x86_64-with-glibc2.41,3.13.5,500,46,liberacao,2.784614,179558.100333
Linux,Linux-6.12.111+deb13-amd64-x86_64-with-glibc2.41,3.13.5,500,47,alocacao,101.914446,4906.075828
Linux,Linux-6.12.111+deb13-amd64-x86_64-with-glibc2.41,3.13.5,500,47,escrita,76.770765,6512.895892
Linux,Linux-6.12.111+deb13-amd64-x86_64-with-glibc2.41,3.13.5,500,47,leitura,56.639434,8827.771831
Linux,Linux-6.12.111+deb13-amd64-x86_64-with-glibc2.41,3.13.5,500,47,liberacao,2.742242,182332.558542
Linux,Linux-6.12.111+deb13-amd64-x86_64-with-glibc2.41,3.13.5,500,48,alocacao,100.908669,4954.975672
Linux,Linux-6.12.111+deb13-amd64-x86_64-with-glibc2.41,3.13.5,500,48,escrita,73.125251,6837.583368
Linux,Linux-6.12.111+deb13-amd64-x86_64-with-glibc2.41,3.13.5,500,48,leitura,54.55731,9164.674725
Linux,Linux-6.12.111+deb13-amd64-x86_64-with-glibc2.41,3.13.5,500,48,liberacao,2.71702,184025.145196
Linux,Linux-6.12.111+deb13-amd64-x86_64-with-glibc2.41,3.13.5,500,49,alocacao,98.780966,5061.703891
Linux,Linux-6.12.111+deb13-amd64-x86_64-with-glibc2.41,3.13.5,500,49,escrita,74.62379,6700.276145
Linux,Linux-6.12.111+deb13-amd64-x86_64-with-glibc2.41,3.13.5,500,49,leitura,54.456867,9181.578514
Linux,Linux-6.12.111+deb13-amd64-x86_64-with-glibc2.41,3.13.5,500,49,liberacao,2.64188,189259.163929
Linux,Linux-6.12.111+deb13-amd64-x86_64-with-glibc2.41,3.13.5,500,50,alocacao,99.682512,5015.92496
Linux,Linux-6.12.111+deb13-amd64-x86_64-with-glibc2.41,3.13.5,500,50,escrita,73.231596,6827.654009
Linux,Linux-6.12.111+deb13-amd64-x86_64-with-glibc2.41,3.13.5,500,50,leitura,58.556293,8538.791894
Linux,Linux-6.12.111+deb13-amd64-x86_64-with-glibc2.41,3.13.5,500,50,liberacao,2.451403,203964.831568
Linux,Linux-6.12.111+deb13-amd64-x86_64-with-glibc2.41,3.13.5,500,51,alocacao,100.002537,4999.873153
Linux,Linux-6.12.111+deb13-amd64-x86_64-with-glibc2.41,3.13.5,500,51,escrita,75.461117,6625.928954
Linux,Linux-6.12.111+deb13-amd64-x86_64-with-glibc2.41,3.13.5,500,51,leitura,54.117725,9239.117128
Linux,Linux-6.12.111+deb13-amd64-x86_64-with-glibc2.41,3.13.5,500,51,liberacao,2.706282,184755.321138
Linux,Linux-6.12.111+deb13-amd64-x86_64-with-glibc2.41,3.13.5,500,52,alocacao,100.02641,4998.679849
Linux,Linux-6.12.111+deb13-amd64-x86_64-with-glibc2.41,3.13.5,500,52,escrita,74.311633,6728.421646
Linux,Linux-6.12.111+deb13-amd64-x86_64-with-glibc2.41,3.13.5,500,52,leitura,53.710062,9309.242652
Linux,Linux-6.12.111+deb13-amd64-x86_64-with-glibc2.41,3.13.5,500,52,liberacao,2.713696,184250.557174
Linux,Linux-6.12.111+deb13-amd64-x86_64-with-glibc2.41,3.13.5,500,53,alocacao,98.367541,5082.977524
Linux,Linux-6.12.111+deb13-amd64-x86_64-with-glibc2.41,3.13.5,500,53,escrita,73.973879,6759.142643
Linux,Linux-6.12.111+deb13-amd64-x86_64-with-glibc2.41,3.13.5,500,53,leitura,54.066577,9247.857507
Linux,Linux-6.12.111+deb13-amd64-x86_64-with-glibc2.41,3.13.5,500,53,liberacao,2.699725,185204.048561
Linux,Linux-6.12.111+deb13-amd64-x86_64-with-glibc2.41,3.13.5,500,54,alocacao,97.967845,5103.715408
Linux,Linux-6.12.111+deb13-amd64-x86_64-with-glibc2.41,3.13.5,500,54,escrita,74.421485,6718.489963
Linux,Linux-6.12.111+deb13-amd64-x86_64-with-glibc2.41,3.13.5,500,54,leitura,54.488024,9176.328362
Linux,Linux-6.12.111+deb13-amd64-x86_64-with-glibc2.41,3.13.5,500,54,liberacao,2.636587,189639.105404
Linux,Linux-6.12.111+deb13-amd64-x86_64-with-glibc2.41,3.13.5,500,55,alocacao,109.547709,4564.221421
Linux,Linux-6.12.111+deb13-amd64-x86_64-with-glibc2.41,3.13.5,500,55,escrita,75.651539,6609.250871
Linux,Linux-6.12.111+deb13-amd64-x86_64-with-glibc2.41,3.13.5,500,55,leitura,55.041728,9084.01713
Linux,Linux-6.12.111+deb13-amd64-x86_64-with-glibc2.41,3.13.5,500,55,liberacao,2.795798,178839.816038
Linux,Linux-6.12.111+deb13-amd64-x86_64-with-glibc2.41,3.13.5,500,56,alocacao,98.529645,5074.614853
Linux,Linux-6.12.111+deb13-amd64-x86_64-with-glibc2.41,3.13.5,500,56,escrita,74.545288,6707.332058
Linux,Linux-6.12.111+deb13-amd64-x86_64-with-glibc2.41,3.13.5,500,56,leitura,53.348844,9372.274308
Linux,Linux-6.12.111+deb13-amd64-x86_64-with-glibc2.41,3.13.5,500,56,liberacao,2.48479,201224.248327
Linux,Linux-6.12.111+deb13-amd64-x86_64-with-glibc2.41,3.13.5,500,57,alocacao,101.106047,4945.302629
Linux,Linux-6.12.111+deb13-amd64-x86_64-with-glibc2.41,3.13.5,500,57,escrita,76.083288,6571.745427
Linux,Linux-6.12.111+deb13-amd64-x86_64-with-glibc2.41,3.13.5,500,57,leitura,55.179126,9061.397602
Linux,Linux-6.12.111+deb13-amd64-x86_64-with-glibc2.41,3.13.5,500,57,liberacao,2.606938,191795.892346
Linux,Linux-6.12.111+deb13-amd64-x86_64-with-glibc2.41,3.13.5,500,58,alocacao,98.65067,5068.389297
Linux,Linux-6.12.111+deb13-amd64-x86_64-with-glibc2.41,3.13.5,500,58,escrita,74.287733,6730.586327
Linux,Linux-6.12.111+deb13-amd64-x86_64-with-glibc2.41,3.13.5,500,58,leitura,53.745011,9303.18909
Linux,Linux-6.12.111+deb13-amd64-x86_64-with-glibc2.41,3.13.5,500,58,liberacao,2.681315,186475.665858
Linux,Linux-6.12.111+deb13-amd64-x86_64-with-glibc2.41,3.13.5,500,59,alocacao,98.127585,5095.407168
Linux,Linux-6.12.111+deb13-amd64-x86_64-with-glibc2.41,3.13.5,500,59,escrita,80.461639,6214.141375
Linux,Linux-6.12.111+deb13-amd64-x86_64-with-glibc2.41,3.13.5,500,59,leitura,55.257048,9048.619463
Linux,Linux-6.12.111+deb13-amd64-x86_64-with-glibc2.41,3.13.5,500,59,liberacao,2.842595,175895.616505
Linux,Linux-6.12.111+deb13-amd64-x86_64-with-glibc2.41,3.13.5,500,60,alocacao,101.111967,4945.013086
Linux,Linux-6.12.111+deb13-amd64-x86_64-with-glibc2.41,3.13.5,500,60,escrita,73.442469,6808.049985
Linux,Linux-6.12.111+deb13-amd64-x86_64-with-glibc2.41,3.13.5,500,60,leitura,53.436252,9356.943672
Linux,Linux-6.12.111+deb13-amd64-x86_64-with-glibc2.41,3.13.5,500,60,liberacao,2.532576,197427.441467
Linux,Linux-6.12.111+deb13-amd64-x86_64-with-glibc2.41,3.13.5,500,61,alocacao,98.240956,5089.52702
Linux,Linux-6.12.111+deb13-amd64-x86_64-with-glibc2.41,3.13.5,500,61,escrita,74.608853,6701.617568
Linux,Linux-6.12.111+deb13-amd64-x86_64-with-glibc2.41,3.13.5,500,61,leitura,53.449459,9354.631634
Linux,Linux-6.12.111+deb13-amd64-x86_64-with-glibc2.41,3.13.5,500,61,liberacao,2.469437,202475.30105
Linux,Linux-6.12.111+deb13-amd64-x86_64-with-glibc2.41,3.13.5,500,62,alocacao,97.867181,5108.964976
Linux,Linux-6.12.111+deb13-amd64-x86_64-with-glibc2.41,3.13.5,500,62,escrita,73.283186,6822.847467
Linux,Linux-6.12.111+deb13-amd64-x86_64-with-glibc2.41,3.13.5,500,62,leitura,53.475772,9350.028645
Linux,Linux-6.12.111+deb13-amd64-x86_64-with-glibc2.41,3.13.5,500,62,liberacao,2.585095,193416.489529
Linux,Linux-6.12.111+deb13-amd64-x86_64-with-glibc2.41,3.13.5,500,63,alocacao,98.962561,5052.415731
Linux,Linux-6.12.111+deb13-amd64-x86_64-with-glibc2.41,3.13.5,500,63,escrita,74.352309,6724.740721
Linux,Linux-6.12.111+deb13-amd64-x86_64-with-glibc2.41,3.13.5,500,63,leitura,57.822703,8647.122567
Linux,Linux-6.12.111+deb13-amd64-x86_64-with-glibc2.41,3.13.5,500,63,liberacao,2.527076,197857.128159
Linux,Linux-6.12.111+deb13-amd64-x86_64-with-glibc2.41,3.13.5,500,64,alocacao,99.73746,5013.161554
Linux,Linux-6.12.111+deb13-amd64-x86_64-with-glibc2.41,3.13.5,500,64,escrita,75.018953,6664.982381
Linux,Linux-6.12.111+deb13-amd64-x86_64-with-glibc2.41,3.13.5,500,64,leitura,53.143939,9408.410619
Linux,Linux-6.12.111+deb13-amd64-x86_64-with-glibc2.41,3.13.5,500,64,liberacao,2.519262,198470.822011
Linux,Linux-6.12.111+deb13-amd64-x86_64-with-glibc2.41,3.13.5,500,65,alocacao,98.236142,5089.776429
Linux,Linux-6.12.111+deb13-amd64-x86_64-with-glibc2.41,3.13.5,500,65,escrita,74.015914,6755.304001
Linux,Linux-6.12.111+deb13-amd64-x86_64-with-glibc2.41,3.13.5,500,65,leitura,53.497432,9346.243012
Linux,Linux-6.12.111+deb13-amd64-x86_64-with-glibc2.41,3.13.5,500,65,liberacao,2.551646,195951.946312
Linux,Linux-6.12.111+deb13-amd64-x86_64-with-glibc2.41,3.13.5,500,66,alocacao,97.974718,5103.357378
Linux,Linux-6.12.111+deb13-amd64-x86_64-with-glibc2.41,3.13.5,500,66,escrita,73.356222,6816.054404
Linux,Linux-6.12.111+deb13-amd64-x86_64-with-glibc2.41,3.13.5,500,66,leitura,53.500311,9345.740065
Linux,Linux-6.12.111+deb13-amd64-x86_64-with-glibc2.41,3.13.5,500,66,liberacao,2.527084,197856.501802
Linux,Linux-6.12.111+deb13-amd64-x86_64-with-glibc2.41,3.13.5,500,67,alocacao,99.107408,5045.031548
Linux,Linux-6.12.111+deb13-amd64-x86_64-with-glibc2.41,3.13.5,500,67,escrita,73.775992,6777.272476
Linux,Linux-6.12.111+deb13-amd64-x86_64-with-glibc2.41,3.13.5,500,67,leitura,53.633363,9322.55544
Linux,Linux-6.12.111+deb13-amd64-x86_64-with-glibc2.41,3.13.5,500,67,liberacao,2.483735,201309.721045
Linux,Linux-6.12.111+deb13-amd64-x86_64-with-glibc2.41,3.13.5,500,68,alocacao,104.472083,4785.967558
Linux,Linux-6.12.111+deb13-amd64-x86_64-with-glibc2.41,3.13.5,500,68,escrita,77.086805,6486.194362
Linux,Linux-6.12.111+deb13-amd64-x86_64-with-glibc2.41,3.13.5,500,68,leitura,55.390781,9026.772885
Linux,Linux-6.12.111+deb13-amd64-x86_64-with-glibc2.41,3.13.5,500,68,liberacao,2.669709,187286.329709
Linux,Linux-6.12.111+deb13-amd64-x86_64-with-glibc2.41,3.13.5,500,69,alocacao,101.860512,4908.67354
Linux,Linux-6.12.111+deb13-amd64-x86_64-with-glibc2.41,3.13.5,500,69,escrita,76.665716,6521.820001
Linux,Linux-6.12.111+deb13-amd64-x86_64-with-glibc2.41,3.13.5,500,69,leitura,55.541272,9002.314531
Linux,Linux-6.12.111+deb13-amd64-x86_64-with-glibc2.41,3.13.5,500,69,liberacao,3.822678,130798.356545
Linux,Linux-6.12.111+deb13-amd64-x86_64-with-glibc2.41,3.13.5,500,70,alocacao,103.027681,4853.064683
Linux,Linux-6.12.111+deb13-amd64-x86_64-with-glibc2.41,3.13.5,500,70,escrita,75.123003,6655.750969
Linux,Linux-6.12.111+deb13-amd64-x86_64-with-glibc2.41,3.13.5,500,70,leitura,53.660247,9317.884802
Linux,Linux-6.12.111+deb13-amd64-x86_64-with-glibc2.41,3.13.5,500,70,liberacao,2.636743,189627.885615
Linux,Linux-6.12.111+deb13-amd64-x86_64-with-glibc2.41,3.13.5,500,71,alocacao,98.231728,5090.005136
Linux,Linux-6.12.111+deb13-amd64-x86_64-with-glibc2.41,3.13.5,500,71,escrita,74.060802,6751.209634
Linux,Linux-6.12.111+deb13-amd64-x86_64-with-glibc2.41,3.13.5,500,71,leitura,53.178092,9402.368178
Linux,Linux-6.12.111+deb13-amd64-x86_64-with-glibc2.41,3.13.5,500,71,liberacao,2.668657,187360.159061
Linux,Linux-6.12.111+deb13-amd64-x86_64-with-glibc2.41,3.13.5,500,72,alocacao,105.877364,4722.444733
Linux,Linux-6.12.111+deb13-amd64-x86_64-with-glibc2.41,3.13.5,500,72,escrita,75.885796,6588.848327
Linux,Linux-6.12.111+deb13-amd64-x86_64-with-glibc2.41,3.13.5,500,72,leitura,54.841147,9117.24184
Linux,Linux-6.12.111+deb13-amd64-x86_64-with-glibc2.41,3.13.5,500,72,liberacao,2.560704,195258.803829
Linux,Linux-6.12.111+deb13-amd64-x86_64-with-glibc2.41,3.13.5,500,73,alocacao,98.700741,5065.818098
Linux,Linux-6.12.111+deb13-amd64-x86_64-with-glibc2.41,3.13.5,500,73,escrita,74.538647,6707.929646
Linux,Linux-6.12.111+deb13-amd64-x86_64-with-glibc2.41,3.13.5,500,73,leitura,54.371631,9195.972069
Linux,Linux-6.12.111+deb13-amd64-x86_64-with-glibc2.41,3.13.5,500,73,liberacao,2.629777,190130.189746
Linux,Linux-6.12.111+deb13-amd64-x86_64-with-glibc2.41,3.13.5,500,74,alocacao,98.704264,5065.637286
Linux,Linux-6.12.111+deb13-amd64-x86_64-with-glibc2.41,3.13.5,500,74,escrita,73.633072,6790.426997
Linux,Linux-6.12.111+deb13-amd64-x86_64-with-glibc2.41,3.13.5,500,74,leitura,52.850851,9460.585602
Linux,Linux-6.12.111+deb13-amd64-x86_64-with-glibc2.41,3.13.5,500,74,liberacao,2.87225,174079.554356
Linux,Linux-6.12.111+deb13-amd64-x86_64-with-glibc2.41,3.13.5,500,75,alocacao,97.526305,5126.821938
Linux,Linux-6.12.111+deb13-amd64-x86_64-with-glibc2.41,3.13.5,500,75,escrita,74.176431,6740.685596
Linux,Linux-6.12.111+deb13-amd64-x86_64-with-glibc2.41,3.13.5,500,75,leitura,53.569557,9333.659414
Linux,Linux-6.12.111+deb13-amd64-x86_64-with-glibc2.41,3.13.5,500,75,liberacao,2.668637,187361.563225
Linux,Linux-6.12.111+deb13-amd64-x86_64-with-glibc2.41,3.13.5,500,76,alocacao,98.774664,5062.026837
Linux,Linux-6.12.111+deb13-amd64-x86_64-with-glibc2.41,3.13.5,500,76,escrita,81.186549,6158.655666
Linux,Linux-6.12.111+deb13-amd64-x86_64-with-glibc2.41,3.13.5,500,76,leitura,55.964276,8934.270855
Linux,Linux-6.12.111+deb13-amd64-x86_64-with-glibc2.41,3.13.5,500,76,liberacao,2.768515,180602.236217
Linux,Linux-6.12.111+deb13-amd64-x86_64-with-glibc2.41,3.13.5,500,77,alocacao,100.088073,4995.600225
Linux,Linux-6.12.111+deb13-amd64-x86_64-with-glibc2.41,3.13.5,500,77,escrita,73.973507,6759.176633
Linux,Linux-6.12.111+deb13-amd64-x86_64-with-glibc2.41,3.13.5,500,77,leitura,52.952061,9442.503097
Linux,Linux-6.12.111+deb13-amd64-x86_64-with-glibc2.41,3.13.5,500,77,liberacao,2.703534,184943.115197
Linux,Linux-6.12.111+deb13-amd64-x86_64-with-glibc2.41,3.13.5,500,78,alocacao,98.636336,5069.125844
Linux,Linux-6.12.111+deb13-amd64-x86_64-with-glibc2.41,3.13.5,500,78,escrita,73.600183,6793.46137
Linux,Linux-6.12.111+deb13-amd64-x86_64-with-glibc2.41,3.13.5,500,78,leitura,53.570029,9333.577176
Linux,Linux-6.12.111+deb13-amd64-x86_64-with-glibc2.41,3.13.5,500,78,liberacao,2.568712,194650.081442
Linux,Linux-6.12.111+deb13-amd64-x86_64-with-glibc2.41,3.13.5,500,79,alocacao,100.046093,4997.696412
Linux,Linux-6.12.111+deb13-amd64-x86_64-with-glibc2.41,3.13.5,500,79,escrita,73.458163,6806.595477
Linux,Linux-6.12.111+deb13-amd64-x86_64-with-glibc2.41,3.13.5,500,79,leitura,53.04135,9426.607732
Linux,Linux-6.12.111+deb13-amd64-x86_64-with-glibc2.41,3.13.5,500,79,liberacao,2.475906,201946.277443
Linux,Linux-6.12.111+deb13-amd64-x86_64-with-glibc2.41,3.13.5,500,80,alocacao,98.40047,5081.276543
Linux,Linux-6.12.111+deb13-amd64-x86_64-with-glibc2.41,3.13.5,500,80,escrita,74.162236,6741.975795
Linux,Linux-6.12.111+deb13-amd64-x86_64-with-glibc2.41,3.13.5,500,80,leitura,55.914689,8942.194063
Linux,Linux-6.12.111+deb13-amd64-x86_64-with-glibc2.41,3.13.5,500,80,liberacao,2.48765,200992.90495
Linux,Linux-6.12.111+deb13-amd64-x86_64-with-glibc2.41,3.13.5,500,81,alocacao,99.328824,5033.785561
Linux,Linux-6.12.111+deb13-amd64-x86_64-with-glibc2.41,3.13.5,500,81,escrita,75.22725,6646.527688
Linux,Linux-6.12.111+deb13-amd64-x86_64-with-glibc2.41,3.13.5,500,81,leitura,52.828239,9464.635003
Linux,Linux-6.12.111+deb13-amd64-x86_64-with-glibc2.41,3.13.5,500,81,liberacao,2.629096,190179.438103
Linux,Linux-6.12.111+deb13-amd64-x86_64-with-glibc2.41,3.13.5,500,82,alocacao,99.038262,5048.553861
Linux,Linux-6.12.111+deb13-amd64-x86_64-with-glibc2.41,3.13.5,500,82,escrita,74.062234,6751.079099
Linux,Linux-6.12.111+deb13-amd64-x86_64-with-glibc2.41,3.13.5,500,82,leitura,53.354675,9371.250036
Linux,Linux-6.12.111+deb13-amd64-x86_64-with-glibc2.41,3.13.5,500,82,liberacao,2.645828,188976.758882
Linux,Linux-6.12.111+deb13-amd64-x86_64-with-glibc2.41,3.13.5,500,83,alocacao,102.257732,4889.605805
Linux,Linux-6.12.111+deb13-amd64-x86_64-with-glibc2.41,3.13.5,500,83,escrita,75.746401,6600.973689
Linux,Linux-6.12.111+deb13-amd64-x86_64-with-glibc2.41,3.13.5,500,83,leitura,53.266979,9386.678377
Linux,Linux-6.12.111+deb13-amd64-x86_64-with-glibc2.41,3.13.5,500,83,liberacao,2.624252,190530.482591
Linux,Linux-6.12.111+deb13-amd64-x86_64-with-glibc2.41,3.13.5,500,84,alocacao,98.638188,5069.030668
Linux,Linux-6.12.111+deb13-amd64-x86_64-with-glibc2.41,3.13.5,500,84,escrita,74.588518,6703.444624
Linux,Linux-6.12.111+deb13-amd64-x86_64-with-glibc2.41,3.13.5,500,84,leitura,53.492709,9347.068214
Linux,Linux-6.12.111+deb13-amd64-x86_64-with-glibc2.41,3.13.5,500,84,liberacao,2.65259,188495.018077
Linux,Linux-6.12.111+deb13-amd64-x86_64-with-glibc2.41,3.13.5,500,85,alocacao,109.195443,4578.945662
Linux,Linux-6.12.111+deb13-amd64-x86_64-with-glibc2.41,3.13.5,500,85,escrita,75.968613,6581.66551
Linux,Linux-6.12.111+deb13-amd64-x86_64-with-glibc2.41,3.13.5,500,85,leitura,54.800525,9124.000181
Linux,Linux-6.12.111+deb13-amd64-x86_64-with-glibc2.41,3.13.5,500,85,liberacao,2.637831,189549.671681
Linux,Linux-6.12.111+deb13-amd64-x86_64-with-glibc2.41,3.13.5,500,86,alocacao,100.155204,4992.251825
Linux,Linux-6.12.111+deb13-amd64-x86_64-with-glibc2.41,3.13.5,500,86,escrita,73.993255,6757.372682
Linux,Linux-6.12.111+deb13-amd64-x86_64-with-glibc2.41,3.13.5,500,86,leitura,53.774179,9298.142887
Linux,Linux-6.12.111+deb13-amd64-x86_64-with-glibc2.41,3.13.5,500,86,liberacao,2.674515,186949.783419
Linux,Linux-6.12.111+deb13-amd64-x86_64-with-glibc2.41,3.13.5,500,87,alocacao,97.709045,5117.233517
Linux,Linux-6.12.111+deb13-amd64-x86_64-with-glibc2.41,3.13.5,500,87,escrita,73.651727,6788.707073
Linux,Linux-6.12.111+deb13-amd64-x86_64-with-glibc2.41,3.13.5,500,87,leitura,53.077796,9420.134928
Linux,Linux-6.12.111+deb13-amd64-x86_64-with-glibc2.41,3.13.5,500,87,liberacao,2.553892,195779.617932
Linux,Linux-6.12.111+deb13-amd64-x86_64-with-glibc2.41,3.13.5,500,88,alocacao,97.722214,5116.543921
Linux,Linux-6.12.111+deb13-amd64-x86_64-with-glibc2.41,3.13.5,500,88,escrita,73.967929,6759.68635
Linux,Linux-6.12.111+deb13-amd64-x86_64-with-glibc2.41,3.13.5,500,88,leitura,53.311971,9378.756602
Linux,Linux-6.12.111+deb13-amd64-x86_64-with-glibc2.41,3.13.5,500,88,liberacao,2.542272,196674.47071
Linux,Linux-6.12.111+deb13-amd64-x86_64-with-glibc2.41,3.13.5,500,89,alocacao,98.666415,5067.580493
Linux,Linux-6.12.111+deb13-amd64-x86_64-with-glibc2.41,3.13.5,500,89,escrita,80.722007,6194.097726
Linux,Linux-6.12.111+deb13-amd64-x86_64-with-glibc2.41,3.13.5,500,89,leitura,54.805861,9123.111851
Linux,Linux-6.12.111+deb13-amd64-x86_64-with-glibc2.41,3.13.5,500,89,liberacao,2.543998,196541.035017
Linux,Linux-6.12.111+deb13-amd64-x86_64-with-glibc2.41,3.13.5,500,90,alocacao,98.810772,5060.177042
Linux,Linux-6.12.111+deb13-amd64-x86_64-with-glibc2.41,3.13.5,500,90,escrita,76.986205,6494.670052
Linux,Linux-6.12.111+deb13-amd64-x86_64-with-glibc2.41,3.13.5,500,90,leitura,54.999009,9091.072896
Linux,Linux-6.12.111+deb13-amd64-x86_64-with-glibc2.41,3.13.5,500,90,liberacao,2.790394,179186.165108
Linux,Linux-6.12.111+deb13-amd64-x86_64-with-glibc2.41,3.13.5,500,91,alocacao,102.31531,4886.854177
Linux,Linux-6.12.111+deb13-amd64-x86_64-with-glibc2.41,3.13.5,500,91,escrita,75.650958,6609.30163
Linux,Linux-6.12.111+deb13-amd64-x86_64-with-glibc2.41,3.13.5,500,91,leitura,53.398971,9363.476311
Linux,Linux-6.12.111+deb13-amd64-x86_64-with-glibc2.41,3.13.5,500,91,liberacao,2.629682,190137.058397
Linux,Linux-6.12.111+deb13-amd64-x86_64-with-glibc2.41,3.13.5,500,92,alocacao,104.804272,4770.797893
Linux,Linux-6.12.111+deb13-amd64-x86_64-with-glibc2.41,3.13.5,500,92,escrita,96.179711,5198.601605
Linux,Linux-6.12.111+deb13-amd64-x86_64-with-glibc2.41,3.13.5,500,92,leitura,61.80249,8090.288919
Linux,Linux-6.12.111+deb13-amd64-x86_64-with-glibc2.41,3.13.5,500,92,liberacao,2.738733,182566.172022
Linux,Linux-6.12.111+deb13-amd64-x86_64-with-glibc2.41,3.13.5,500,93,alocacao,100.194278,4990.304935
Linux,Linux-6.12.111+deb13-amd64-x86_64-with-glibc2.41,3.13.5,500,93,escrita,85.509979,5847.270761
Linux,Linux-6.12.111+deb13-amd64-x86_64-with-glibc2.41,3.13.5,500,93,leitura,55.067074,9079.835983
Linux,Linux-6.12.111+deb13-amd64-x86_64-with-glibc2.41,3.13.5,500,93,liberacao,2.593969,192754.809329
Linux,Linux-6.12.111+deb13-amd64-x86_64-with-glibc2.41,3.13.5,500,94,alocacao,99.64043,5018.043379
Linux,Linux-6.12.111+deb13-amd64-x86_64-with-glibc2.41,3.13.5,500,94,escrita,73.563238,6796.873188
Linux,Linux-6.12.111+deb13-amd64-x86_64-with-glibc2.41,3.13.5,500,94,leitura,53.811699,9291.659793
Linux,Linux-6.12.111+deb13-amd64-x86_64-with-glibc2.41,3.13.5,500,94,liberacao,2.529543,197664.163052
Linux,Linux-6.12.111+deb13-amd64-x86_64-with-glibc2.41,3.13.5,500,95,alocacao,98.765078,5062.51815
Linux,Linux-6.12.111+deb13-amd64-x86_64-with-glibc2.41,3.13.5,500,95,escrita,73.522213,6800.665807
Linux,Linux-6.12.111+deb13-amd64-x86_64-with-glibc2.41,3.13.5,500,95,leitura,53.332466,9375.152463
Linux,Linux-6.12.111+deb13-amd64-x86_64-with-glibc2.41,3.13.5,500,95,liberacao,2.52455,198055.098929
Linux,Linux-6.12.111+deb13-amd64-x86_64-with-glibc2.41,3.13.5,500,96,alocacao,97.737639,5115.736426
Linux,Linux-6.12.111+deb13-amd64-x86_64-with-glibc2.41,3.13.5,500,96,escrita,73.336904,6817.849851
Linux,Linux-6.12.111+deb13-amd64-x86_64-with-glibc2.41,3.13.5,500,96,leitura,52.87536,9456.200393
Linux,Linux-6.12.111+deb13-amd64-x86_64-with-glibc2.41,3.13.5,500,96,liberacao,2.598734,192401.376978
Linux,Linux-6.12.111+deb13-amd64-x86_64-with-glibc2.41,3.13.5,500,97,alocacao,98.90598,5055.306059
Linux,Linux-6.12.111+deb13-amd64-x86_64-with-glibc2.41,3.13.5,500,97,escrita,73.701962,6784.079914
Linux,Linux-6.12.111+deb13-amd64-x86_64-with-glibc2.41,3.13.5,500,97,leitura,56.39241,8866.441424
Linux,Linux-6.12.111+deb13-amd64-x86_64-with-glibc2.41,3.13.5,500,97,liberacao,2.642673,189202.371992
Linux,Linux-6.12.111+deb13-amd64-x86_64-with-glibc2.41,3.13.5,500,98,alocacao,100.027794,4998.610686
Linux,Linux-6.12.111+deb13-amd64-x86_64-with-glibc2.41,3.13.5,500,98,escrita,74.381677,6722.085602
Linux,Linux-6.12.111+deb13-amd64-x86_64-with-glibc2.41,3.13.5,500,98,leitura,52.87442,9456.368505
Linux,Linux-6.12.111+deb13-amd64-x86_64-with-glibc2.41,3.13.5,500,98,liberacao,2.454228,203730.052791
Linux,Linux-6.12.111+deb13-amd64-x86_64-with-glibc2.41,3.13.5,500,99,alocacao,99.503125,5024.967809
Linux,Linux-6.12.111+deb13-amd64-x86_64-with-glibc2.41,3.13.5,500,99,escrita,74.241,6734.823076
Linux,Linux-6.12.111+deb13-amd64-x86_64-with-glibc2.41,3.13.5,500,99,leitura,52.637476,9498.935701
Linux,Linux-6.12.111+deb13-amd64-x86_64-with-glibc2.41,3.13.5,500,99,liberacao,2.680384,186540.435997
Linux,Linux-6.12.111+deb13-amd64-x86_64-with-glibc2.41,3.13.5,500,100,alocacao,97.700945,5117.657767
Linux,Linux-6.12.111+deb13-amd64-x86_64-with-glibc2.41,3.13.5,500,100,escrita,73.579888,6795.33516
Linux,Linux-6.12.111+deb13-amd64-x86_64-with-glibc2.41,3.13.5,500,100,leitura,52.986324,9436.397211
Linux,Linux-6.12.111+deb13-amd64-x86_64-with-glibc2.41,3.13.5,500,100,liberacao,2.748217,181936.142597
Linux,Linux-6.12.111+deb13-amd64-x86_64-with-glibc2.41,3.13.5,600,1,alocacao,129.950042,4617.158954
Linux,Linux-6.12.111+deb13-amd64-x86_64-with-glibc2.41,3.13.5,600,1,escrita,91.13718,6583.482175
Linux,Linux-6.12.111+deb13-amd64-x86_64-with-glibc2.41,3.13.5,600,1,leitura,69.71433,8606.55191
Linux,Linux-6.12.111+deb13-amd64-x86_64-with-glibc2.41,3.13.5,600,1,liberacao,3.273665,183280.818288
Linux,Linux-6.12.111+deb13-amd64-x86_64-with-glibc2.41,3.13.5,600,2,alocacao,118.296938,5071.982506
Linux,Linux-6.12.111+deb13-amd64-x86_64-with-glibc2.41,3.13.5,600,2,escrita,89.20647,6725.96954
Linux,Linux-6.12.111+deb13-amd64-x86_64-with-glibc2.41,3.13.5,600,2,leitura,67.674614,8865.953783
Linux,Linux-6.12.111+deb13-amd64-x86_64-with-glibc2.41,3.13.5,600,2,liberacao,3.358635,178644.002698
Linux,Linux-6.12.111+deb13-amd64-x86_64-with-glibc2.41,3.13.5,600,3,alocacao,119.500657,5020.892898
Linux,Linux-6.12.111+deb13-amd64-x86_64-with-glibc2.41,3.13.5,600,3,escrita,88.570553,6774.260515
Linux,Linux-6.12.111+deb13-amd64-x86_64-with-glibc2.41,3.13.5,600,3,leitura,66.331399,9045.489904
Linux,Linux-6.12.111+deb13-amd64-x86_64-with-glibc2.41,3.13.5,600,3,liberacao,3.140424,191057.003768
Linux,Linux-6.12.111+deb13-amd64-x86_64-with-glibc2.41,3.13.5,600,4,alocacao,116.299804,5159.080062
Linux,Linux-6.12.111+deb13-amd64-x86_64-with-glibc2.41,3.13.5,600,4,escrita,88.464405,6782.388917
Linux,Linux-6.12.111+deb13-amd64-x86_64-with-glibc2.41,3.13.5,600,4,leitura,66.679125,8998.318439
Linux,Linux-6.12.111+deb13-amd64-x86_64-with-glibc2.41,3.13.5,600,4,liberacao,3.299974,181819.614336
Linux,Linux-6.12.111+deb13-amd64-x86_64-with-glibc2.41,3.13.5,600,5,alocacao,117.478256,5107.328117
Linux,Linux-6.12.111+deb13-amd64-x86_64-with-glibc2.41,3.13.5,600,5,escrita,98.008644,6121.909002
Linux,Linux-6.12.111+deb13-amd64-x86_64-with-glibc2.41,3.13.5,600,5,leitura,70.12683,8555.926455
Linux,Linux-6.12.111+deb13-amd64-x86_64-with-glibc2.41,3.13.5,600,5,liberacao,3.436944,174573.691046
Linux,Linux-6.12.111+deb13-amd64-x86_64-with-glibc2.41,3.13.5,600,6,alocacao,116.817451,5136.218903
Linux,Linux-6.12.111+deb13-amd64-x86_64-with-glibc2.41,3.13.5,600,6,escrita,89.248383,6722.810877
Linux,Linux-6.12.111+deb13-amd64-x86_64-with-glibc2.41,3.13.5,600,6,leitura,66.797909,8982.317096
Linux,Linux-6.12.111+deb13-amd64-x86_64-with-glibc2.41,3.13.5,600,6,liberacao,3.09362,193947.543654
Linux,Linux-6.12.111+deb13-amd64-x86_64-with-glibc2.41,3.13.5,600,7,alocacao,120.859708,4964.433639
Linux,Linux-6.12.111+deb13-amd64-x86_64-with-glibc2.41,3.13.5,600,7,escrita,90.710005,6614.485359
Linux,Linux-6.12.111+deb13-amd64-x86_64-with-glibc2.41,3.13.5,600,7,leitura,67.805845,8848.794672
Linux,Linux-6.12.111+deb13-amd64-x86_64-with-glibc2.41,3.13.5,600,7,liberacao,3.047321,196894.255643
Linux,Linux-6.12.111+deb13-amd64-x86_64-with-glibc2.41,3.13.5,600,8,alocacao,117.384126,5111.423669
Linux,Linux-6.12.111+deb13-amd64-x86_64-with-glibc2.41,3.13.5,600,8,escrita,94.207808,6368.89885
Linux,Linux-6.12.111+deb13-amd64-x86_64-with-glibc2.41,3.13.5,600,8,leitura,64.567279,9292.632573
Linux,Linux-6.12.111+deb13-amd64-x86_64-with-glibc2.41,3.13.5,600,8,liberacao,2.969793,202034.283198
Linux,Linux-6.12.111+deb13-amd64-x86_64-with-glibc2.41,3.13.5,600,9,alocacao,120.056622,4997.641863
Linux,Linux-6.12.111+deb13-amd64-x86_64-with-glibc2.41,3.13.5,600,9,escrita,89.754445,6684.905689
Linux,Linux-6.12.111+deb13-amd64-x86_64-with-glibc2.41,3.13.5,600,9,leitura,68.075636,8813.725956
Linux,Linux-6.12.111+deb13-amd64-x86_64-with-glibc2.41,3.13.5,600,9,liberacao,3.179662,188699.302001
Linux,Linux-6.12.111+deb13-amd64-x86_64-with-glibc2.41,3.13.5,600,10,alocacao,121.317687,4945.692708
Linux,Linux-6.12.111+deb13-amd64-x86_64-with-glibc2.41,3.13.5,600,10,escrita,92.241801,6504.643161
Linux,Linux-6.12.111+deb13-amd64-x86_64-with-glibc2.41,3.13.5,600,10,leitura,70.146839,8553.485924
Linux,Linux-6.12.111+deb13-amd64-x86_64-with-glibc2.41,3.13.5,600,10,liberacao,3.092578,194012.89151
Linux,Linux-6.12.111+deb13-amd64-x86_64-with-glibc2.41,3.13.5,600,11,alocacao,117.396447,5110.887214
Linux,Linux-6.12.111+deb13-amd64-x86_64-with-glibc2.41,3.13.5,600,11,escrita,88.228231,6800.544375
Linux,Linux-6.12.111+deb13-amd64-x86_64-with-glibc2.41,3.13.5,600,11,leitura,67.39974,8902.111492
Linux,Linux-6.12.111+deb13-amd64-x86_64-with-glibc2.41,3.13.5,600,11,liberacao,3.245985,184843.737725
Linux,Linux-6.12.111+deb13-amd64-x86_64-with-glibc2.41,3.13.5,600,12,alocacao,117.103483,5123.673392
Linux,Linux-6.12.111+deb13-amd64-x86_64-with-glibc2.41,3.13.5,600,12,escrita,97.02542,6183.946434
Linux,Linux-6.12.111+deb13-amd64-x86_64-with-glibc2.41,3.13.5,600,12,leitura,69.589461,8621.995219
Linux,Linux-6.12.111+deb13-amd64-x86_64-with-glibc2.41,3.13.5,600,12,liberacao,3.125461,191971.680338
Linux,Linux-6.12.111+deb13-amd64-x86_64-with-glibc2.41,3.13.5,600,13,alocacao,116.390734,5155.049542
Linux,Linux-6.12.111+deb13-amd64-x86_64-with-glibc2.41,3.13.5,600,13,escrita,88.948327,6745.489435
Linux,Linux-6.12.111+deb13-amd64-x86_64-with-glibc2.41,3.13.5,600,13,leitura,67.538478,8883.824714
Linux,Linux-6.12.111+deb13-amd64-x86_64-with-glibc2.41,3.13.5,600,13,liberacao,3.310491,181241.997033
Linux,Linux-6.12.111+deb13-amd64-x86_64-with-glibc2.41,3.13.5,600,14,alocacao,116.480644,5151.070422
Linux,Linux-6.12.111+deb13-amd64-x86_64-with-glibc2.41,3.13.5,600,14,escrita,88.354188,6790.849575
Linux,Linux-6.12.111+deb13-amd64-x86_64-with-glibc2.41,3.13.5,600,14,leitura,67.501582,8888.680565
Linux,Linux-6.12.111+deb13-amd64-x86_64-with-glibc2.41,3.13.5,600,14,liberacao,3.057661,196228.424276
Linux,Linux-6.12.111+deb13-amd64-x86_64-with-glibc2.41,3.13.5,600,15,alocacao,120.82583,4965.825602
Linux,Linux-6.12.111+deb13-amd64-x86_64-with-glibc2.41,3.13.5,600,15,escrita,89.053869,6737.495032
Linux,Linux-6.12.111+deb13-amd64-x86_64-with-glibc2.41,3.13.5,600,15,leitura,66.899798,8968.636946
Linux,Linux-6.12.111+deb13-amd64-x86_64-with-glibc2.41,3.13.5,600,15,liberacao,3.296833,181992.839795
Linux,Linux-6.12.111+deb13-amd64-x86_64-with-glibc2.41,3.13.5,600,16,alocacao,123.410998,4861.803322
Linux,Linux-6.12.111+deb13-amd64-x86_64-with-glibc2.41,3.13.5,600,16,escrita,91.255848,6574.921094
Linux,Linux-6.12.111+deb13-amd64-x86_64-with-glibc2.41,3.13.5,600,16,leitura,67.146962,8935.623923
Linux,Linux-6.12.111+deb13-amd64-x86_64-with-glibc2.41,3.13.5,600,16,liberacao,3.228308,185855.872488
Linux,Linux-6.12.111+deb13-amd64-x86_64-with-glibc2.41,3.13.5,600,17,alocacao,117.331907,5113.698527
Linux,Linux-6.12.111+deb13-amd64-x86_64-with-glibc2.41,3.13.5,600,17,escrita,89.008812,6740.905608
Linux,Linux-6.12.111+deb13-amd64-x86_64-with-glibc2.41,3.13.5,600,17,leitura,67.348397,8908.89801
Linux,Linux-6.12.111+deb13-amd64-x86_64-with-glibc2.41,3.13.5,600,17,liberacao,3.168958,189336.684172
Linux,Linux-6.12.111+deb13-amd64-x86_64-with-glibc2.41,3.13.5,600,18,alocacao,116.070455,5169.274128
Linux,Linux-6.12.111+deb13-amd64-x86_64-with-glibc2.41,3.13.5,600,18,escrita,88.165608,6805.374722
Linux,Linux-6.12.111+deb13-amd64-x86_64-with-glibc2.41,3.13.5,600,18,leitura,67.102814,8941.502811
Linux,Linux-6.12.111+deb13-amd64-x86_64-with-glibc2.41,3.13.5,600,18,liberacao,3.24103,185126.333295
Linux,Linux-6.12.111+deb13-amd64-x86_64-with-glibc2.41,3.13.5,600,19,alocacao,117.984448,5085.416003
Linux,Linux-6.12.111+deb13-amd64-x86_64-with-glibc2.41,3.13.5,600,19,escrita,96.490764,6218.211724
Linux,Linux-6.12.111+deb13-amd64-x86_64-with-glibc2.41,3.13.5,600,19,leitura,70.71166,8485.16355
Linux,Linux-6.12.111+deb13-amd64-x86_64-with-glibc2.41,3.13.5,600,19,liberacao,3.422879,175291.034243
Linux,Linux-6.12.111+deb13-amd64-x86_64-with-glibc2.41,3.13.5,600,20,alocacao,118.814953,5049.869439
Linux,Linux-6.12.111+deb13-amd64-x86_64-with-glibc2.41,3.13.5,600,20,escrita,88.768824,6759.129759
Linux,Linux-6.12.111+deb13-amd64-x86_64-with-glibc2.41,3.13.5,600,20,leitura,66.493917,9023.381793
Linux,Linux-6.12.111+deb13-amd64-x86_64-with-glibc2.41,3.13.5,600,20,liberacao,3.230061,185755.005865
Linux,Linux-6.12.111+deb13-amd64-x86_64-with-glibc2.41,3.13.5,600,21,alocacao,116.3924,5154.975754
Linux,Linux-6.12.111+deb13-amd64-x86_64-with-glibc2.41,3.13.5,600,21,escrita,88.540974,6776.523601
Linux,Linux-6.12.111+deb13-amd64-x86_64-with-glibc2.41,3.13.5,600,21,leitura,67.176851,8931.648195
Linux,Linux-6.12.111+deb13-amd64-x86_64-with-glibc2.41,3.13.5,600,21,liberacao,3.217655,186471.203407
Linux,Linux-6.12.111+deb13-amd64-x86_64-with-glibc2.41,3.13.5,600,22,alocacao,116.661615,5143.079838
Linux,Linux-6.12.111+deb13-amd64-x86_64-with-glibc2.41,3.13.5,600,22,escrita,89.007391,6741.013227
Linux,Linux-6.12.111+deb13-amd64-x86_64-with-glibc2.41,3.13.5,600,22,leitura,67.499716,8888.926288
Linux,Linux-6.12.111+deb13-amd64-x86_64-with-glibc2.41,3.13.5,600,22,liberacao,3.14004,191080.368403
Linux,Linux-6.12.111+deb13-amd64-x86_64-with-glibc2.41,3.13.5,600,23,alocacao,125.690695,4773.623059
Linux,Linux-6.12.111+deb13-amd64-x86_64-with-glibc2.41,3.13.5,600,23,escrita,91.920544,6527.376513
Linux,Linux-6.12.111+deb13-amd64-x86_64-with-glibc2.41,3.13.5,600,23,leitura,68.725206,8730.421266
Linux,Linux-6.12.111+deb13-amd64-x86_64-with-glibc2.41,3.13.5,600,23,liberacao,3.229995,185758.801484
Linux,Linux-6.12.111+deb13-amd64-x86_64-with-glibc2.41,3.13.5,600,24,alocacao,117.572452,5103.236258
Linux,Linux-6.12.111+deb13-amd64-x86_64-with-glibc2.41,3.13.5,600,24,escrita,88.715567,6763.187345
Linux,Linux-6.12.111+deb13-amd64-x86_64-with-glibc2.41,3.13.5,600,24,leitura,69.254708,8663.670923
Linux,Linux-6.12.111+deb13-amd64-x86_64-with-glibc2.41,3.13.5,600,24,liberacao,3.139365,191121.452905
Linux,Linux-6.12.111+deb13-amd64-x86_64-with-glibc2.41,3.13.5,600,25,alocacao,117.447733,5108.655439
Linux,Linux-6.12.111+deb13-amd64-x86_64-with-glibc2.41,3.13.5,600,25,escrita,88.17445,6804.692289
Linux,Linux-6.12.111+deb13-amd64-x86_64-with-glibc2.41,3.13.5,600,25,leitura,67.345313,8909.305982
Linux,Linux-6.12.111+deb13-amd64-x86_64-with-glibc2.41,3.13.5,600,25,liberacao,3.19868,187577.375667
Linux,Linux-6.12.111+deb13-amd64-x86_64-with-glibc2.41,3.13.5,600,26,alocacao,117.143987,5121.901818
Linux,Linux-6.12.111+deb13-amd64-x86_64-with-glibc2.41,3.13.5,600,26,escrita,92.827645,6463.591746
Linux,Linux-6.12.111+deb13-amd64-x86_64-with-glibc2.41,3.13.5,600,26,leitura,71.032786,8446.803706
Linux,Linux-6.12.111+deb13-amd64-x86_64-with-glibc2.41,3.13.5,600,26,liberacao,3.350448,179080.528932
Linux,Linux-6.12.111+deb13-amd64-x86_64-with-glibc2.41,3.13.5,600,27,alocacao,119.846714,5006.395086
Linux,Linux-6.12.111+deb13-amd64-x86_64-with-glibc2.41,3.13.5,600,27,escrita,88.558041,6775.217623
Linux,Linux-6.12.111+deb13-amd64-x86_64-with-glibc2.41,3.13.5,600,27,leitura,66.972187,8958.942912
Linux,Linux-6.12.111+deb13-amd64-x86_64-with-glibc2.41,3.13.5,600,27,liberacao,3.077805,194944.12414
Linux,Linux-6.12.111+deb13-amd64-x86_64-with-glibc2.41,3.13.5,600,28,alocacao,120.116749,4995.140186
Linux,Linux-6.12.111+deb13-amd64-x86_64-with-glibc2.41,3.13.5,600,28,escrita,93.145195,6441.55611
Linux,Linux-6.12.111+deb13-amd64-x86_64-with-glibc2.41,3.13.5,600,28,leitura,71.503044,8391.251147
Linux,Linux-6.12.111+deb13-amd64-x86_64-with-glibc2.41,3.13.5,600,28,liberacao,3.330107,180174.390793
Linux,Linux-6.12.111+deb13-amd64-x86_64-with-glibc2.41,3.13.5,600,29,alocacao,118.586685,5059.589953
Linux,Linux-6.12.111+deb13-amd64-x86_64-with-glibc2.41,3.13.5,600,29,escrita,89.176157,6728.25585
Linux,Linux-6.12.111+deb13-amd64-x86_64-with-glibc2.41,3.13.5,600,29,leitura,68.57234,8749.883699
Linux,Linux-6.12.111+deb13-amd64-x86_64-with-glibc2.41,3.13.5,600,29,liberacao,3.381778,177421.462911
Linux,Linux-6.12.111+deb13-amd64-x86_64-with-glibc2.41,3.13.5,600,30,alocacao,127.964042,4688.817191
Linux,Linux-6.12.111+deb13-amd64-x86_64-with-glibc2.41,3.13.5,600,30,escrita,91.37181,6566.576716
Linux,Linux-6.12.111+deb13-amd64-x86_64-with-glibc2.41,3.13.5,600,30,leitura,69.003827,8695.169907
Linux,Linux-6.12.111+deb13-amd64-x86_64-with-glibc2.41,3.13.5,600,30,liberacao,3.522092,170353.30139
Linux,Linux-6.12.111+deb13-amd64-x86_64-with-glibc2.41,3.13.5,600,31,alocacao,117.691171,5098.088454
Linux,Linux-6.12.111+deb13-amd64-x86_64-with-glibc2.41,3.13.5,600,31,escrita,88.833728,6754.191381
Linux,Linux-6.12.111+deb13-amd64-x86_64-with-glibc2.41,3.13.5,600,31,leitura,69.135167,8678.651199
Linux,Linux-6.12.111+deb13-amd64-x86_64-with-glibc2.41,3.13.5,600,31,liberacao,3.178321,188778.918177
Linux,Linux-6.12.111+deb13-amd64-x86_64-with-glibc2.41,3.13.5,600,32,alocacao,116.831654,5135.594502
Linux,Linux-6.12.111+deb13-amd64-x86_64-with-glibc2.41,3.13.5,600,32,escrita,88.183473,6803.996028
Linux,Linux-6.12.111+deb13-amd64-x86_64-with-glibc2.41,3.13.5,600,32,leitura,68.781268,8723.305305
Linux,Linux-6.12.111+deb13-amd64-x86_64-with-glibc2.41,3.13.5,600,32,liberacao,3.154323,190215.142837
Linux,Linux-6.12.111+deb13-amd64-x86_64-with-glibc2.41,3.13.5,600,33,alocacao,117.812626,5092.83275
Linux,Linux-6.12.111+deb13-amd64-x86_64-with-glibc2.41,3.13.5,600,33,escrita,93.861,6392.431361
Linux,Linux-6.12.111+deb13-amd64-x86_64-with-glibc2.41,3.13.5,600,33,leitura,72.413111,8285.792334
Linux,Linux-6.12.111+deb13-amd64-x86_64-with-glibc2.41,3.13.5,600,33,liberacao,3.392813,176844.406102
Linux,Linux-6.12.111+deb13-amd64-x86_64-with-glibc2.41,3.13.5,600,34,alocacao,119.646819,5014.759314
Linux,Linux-6.12.111+deb13-amd64-x86_64-with-glibc2.41,3.13.5,600,34,escrita,89.078695,6735.61731
Linux,Linux-6.12.111+deb13-amd64-x86_64-with-glibc2.41,3.13.5,600,34,leitura,68.084784,8812.541727
Linux,Linux-6.12.111+deb13-amd64-x86_64-with-glibc2.41,3.13.5,600,34,liberacao,3.230896,185706.998925
Linux,Linux-6.12.111+deb13-amd64-x86_64-with-glibc2.41,3.13.5,600,35,alocacao,116.724914,5140.290787
Linux,Linux-6.12.111+deb13-amd64-x86_64-with-glibc2.41,3.13.5,600,35,escrita,88.424563,6785.4449
Linux,Linux-6.12.111+deb13-amd64-x86_64-with-glibc2.41,3.13.5,600,35,leitura,67.701965,8862.372015
Linux,Linux-6.12.111+deb13-amd64-x86_64-with-glibc2.41,3.13.5,600,35,liberacao,3.373509,177856.350761
Linux,Linux-6.12.111+deb13-amd64-x86_64-with-glibc2.41,3.13.5,600,36,alocacao,115.953195,5174.50166
Linux,Linux-6.12.111+deb13-amd64-x86_64-with-glibc2.41,3.13.5,600,36,escrita,88.882644,6750.474255
Linux,Linux-6.12.111+deb13-amd64-x86_64-with-glibc2.41,3.13.5,600,36,leitura,67.789298,8850.954615
Linux,Linux-6.12.111+deb13-amd64-x86_64-with-glibc2.41,3.13.5,600,36,liberacao,3.244616,184921.728796
Linux,Linux-6.12.111+deb13-amd64-x86_64-with-glibc2.41,3.13.5,600,37,alocacao,131.64981,4557.545507
Linux,Linux-6.12.111+deb13-amd64-x86_64-with-glibc2.41,3.13.5,600,37,escrita,91.418982,6563.188376
Linux,Linux-6.12.111+deb13-amd64-x86_64-with-glibc2.41,3.13.5,600,37,leitura,68.915385,8706.328783
Linux,Linux-6.12.111+deb13-amd64-x86_64-with-glibc2.41,3.13.5,600,37,liberacao,3.198502,187587.814546
Linux,Linux-6.12.111+deb13-amd64-x86_64-with-glibc2.41,3.13.5,600,38,alocacao,116.163032,5165.154436
Linux,Linux-6.12.111+deb13-amd64-x86_64-with-glibc2.41,3.13.5,600,38,escrita,89.245446,6723.03212
Linux,Linux-6.12.111+deb13-amd64-x86_64-with-glibc2.41,3.13.5,600,38,leitura,67.867734,8840.725403
Linux,Linux-6.12.111+deb13-amd64-x86_64-with-glibc2.41,3.13.5,600,38,liberacao,3.022338,198521.806628
Linux,Linux-6.12.111+deb13-amd64-x86_64-with-glibc2.41,3.13.5,600,39,alocacao,117.167535,5120.872433
Linux,Linux-6.12.111+deb13-amd64-x86_64-with-glibc2.41,3.13.5,600,39,escrita,88.794434,6757.180298
Linux,Linux-6.12.111+deb13-amd64-x86_64-with-glibc2.41,3.13.5,600,39,leitura,67.978651,8826.300481
Linux,Linux-6.12.111+deb13-amd64-x86_64-with-glibc2.41,3.13.5,600,39,liberacao,3.058551,196171.324264
Linux,Linux-6.12.111+deb13-amd64-x86_64-with-glibc2.41,3.13.5,600,40,alocacao,116.973764,5129.355331
Linux,Linux-6.12.111+deb13-amd64-x86_64-with-glibc2.41,3.13.5,600,40,escrita,90.281708,6645.86452
Linux,Linux-6.12.111+deb13-amd64-x86_64-with-glibc2.41,3.13.5,600,40,leitura,71.820528,8354.157463
Linux,Linux-6.12.111+deb13-amd64-x86_64-with-glibc2.41,3.13.5,600,40,liberacao,3.23282,185596.476142
Linux,Linux-6.12.111+deb13-amd64-x86_64-with-glibc2.41,3.13.5,600,41,alocacao,119.436716,5023.580856
Linux,Linux-6.12.111+deb13-amd64-x86_64-with-glibc2.41,3.13.5,600,41,escrita,88.864253,6751.871306
Linux,Linux-6.12.111+deb13-amd64-x86_64-with-glibc2.41,3.13.5,600,41,leitura,67.115351,8939.832558
Linux,Linux-6.12.111+deb13-amd64-x86_64-with-glibc2.41,3.13.5,600,41,liberacao,3.19539,187770.506886
Linux,Linux-6.12.111+deb13-amd64-x86_64-with-glibc2.41,3.13.5,600,42,alocacao,117.693612,5097.982718
Linux,Linux-6.12.111+deb13-amd64-x86_64-with-glibc2.41,3.13.5,600,42,escrita,88.681912,6765.753991
Linux,Linux-6.12.111+deb13-amd64-x86_64-with-glibc2.41,3.13.5,600,42,leitura,67.711388,8861.138691
Linux,Linux-6.12.111+deb13-amd64-x86_64-with-glibc2.41,3.13.5,600,42,liberacao,3.101329,193465.446588
Linux,Linux-6.12.111+deb13-amd64-x86_64-with-glibc2.41,3.13.5,600,43,alocacao,116.547187,5148.129401
Linux,Linux-6.12.111+deb13-amd64-x86_64-with-glibc2.41,3.13.5,600,43,escrita,89.195014,6726.833408
Linux,Linux-6.12.111+deb13-amd64-x86_64-with-glibc2.41,3.13.5,600,43,leitura,67.662349,8867.560894
Linux,Linux-6.12.111+deb13-amd64-x86_64-with-glibc2.41,3.13.5,600,43,liberacao,3.052217,196578.421521
Linux,Linux-6.12.111+deb13-amd64-x86_64-with-glibc2.41,3.13.5,600,44,alocacao,123.813215,4846.00937
Linux,Linux-6.12.111+deb13-amd64-x86_64-with-glibc2.41,3.13.5,600,44,escrita,90.98601,6594.420395
Linux,Linux-6.12.111+deb13-amd64-x86_64-with-glibc2.41,3.13.5,600,44,leitura,69.220844,8667.909337
Linux,Linux-6.12.111+deb13-amd64-x86_64-with-glibc2.41,3.13.5,600,44,liberacao,3.265892,183717.036571
Linux,Linux-6.12.111+deb13-amd64-x86_64-with-glibc2.41,3.13.5,600,45,alocacao,117.524672,5105.310994
Linux,Linux-6.12.111+deb13-amd64-x86_64-with-glibc2.41,3.13.5,600,45,escrita,88.782947,6758.054562
Linux,Linux-6.12.111+deb13-amd64-x86_64-with-glibc2.41,3.13.5,600,45,leitura,67.579639,8878.413807
Linux,Linux-6.12.111+deb13-amd64-x86_64-with-glibc2.41,3.13.5,600,45,liberacao,3.217719,186467.49452
Linux,Linux-6.12.111+deb13-amd64-x86_64-with-glibc2.41,3.13.5,600,46,alocacao,116.57044,5147.102473
Linux,Linux-6.12.111+deb13-amd64-x86_64-with-glibc2.41,3.13.5,600,46,escrita,89.665767,6691.516953
Linux,Linux-6.12.111+deb13-amd64-x86_64-with-glibc2.41,3.13.5,600,46,leitura,68.924215,8705.2134
Linux,Linux-6.12.111+deb13-amd64-x86_64-with-glibc2.41,3.13.5,600,46,liberacao,3.246026,184841.402996
Linux,Linux-6.12.111+deb13-amd64-x86_64-with-glibc2.41,3.13.5,600,47,alocacao,121.780533,4926.895828
Linux,Linux-6.12.111+deb13-amd64-x86_64-with-glibc2.41,3.13.5,600,47,escrita,90.632805,6620.119503
Linux,Linux-6.12.111+deb13-amd64-x86_64-with-glibc2.41,3.13.5,600,47,leitura,71.042698,8445.625193
Linux,Linux-6.12.111+deb13-amd64-x86_64-with-glibc2.41,3.13.5,600,47,liberacao,3.142832,190910.618194
Linux,Linux-6.12.111+deb13-amd64-x86_64-with-glibc2.41,3.13.5,600,48,alocacao,118.739849,5053.063525
Linux,Linux-6.12.111+deb13-amd64-x86_64-with-glibc2.41,3.13.5,600,48,escrita,89.623137,6694.69983
Linux,Linux-6.12.111+deb13-amd64-x86_64-with-glibc2.41,3.13.5,600,48,leitura,68.749565,8727.327947
Linux,Linux-6.12.111+deb13-amd64-x86_64-with-glibc2.41,3.13.5,600,48,liberacao,3.25275,184459.303666
Linux,Linux-6.12.111+deb13-amd64-x86_64-with-glibc2.41,3.13.5,600,49,alocacao,118.596409,5059.175105
Linux,Linux-6.12.111+deb13-amd64-x86_64-with-glibc2.41,3.13.5,600,49,escrita,92.438164,6490.825586
Linux,Linux-6.12.111+deb13-amd64-x86_64-with-glibc2.41,3.13.5,600,49,leitura,71.579391,8382.300989
Linux,Linux-6.12.111+deb13-amd64-x86_64-with-glibc2.41,3.13.5,600,49,liberacao,3.53836,169570.083315
Linux,Linux-6.12.111+deb13-amd64-x86_64-with-glibc2.41,3.13.5,600,50,alocacao,117.75591,5095.285663
Linux,Linux-6.12.111+deb13-amd64-x86_64-with-glibc2.41,3.13.5,600,50,escrita,88.557377,6775.268423
Linux,Linux-6.12.111+deb13-amd64-x86_64-with-glibc2.41,3.13.5,600,50,leitura,68.320455,8782.142918
Linux,Linux-6.12.111+deb13-amd64-x86_64-with-glibc2.41,3.13.5,600,50,liberacao,3.249632,184636.291125
Linux,Linux-6.12.111+deb13-amd64-x86_64-with-glibc2.41,3.13.5,600,51,alocacao,124.56538,4816.747639
Linux,Linux-6.12.111+deb13-amd64-x86_64-with-glibc2.41,3.13.5,600,51,escrita,91.103206,6585.937272
Linux,Linux-6.12.111+deb13-amd64-x86_64-with-glibc2.41,3.13.5,600,51,leitura,70.341953,8529.760327
Linux,Linux-6.12.111+deb13-amd64-x86_64-with-glibc2.41,3.13.5,600,51,liberacao,3.292667,182223.103642
Linux,Linux-6.12.111+deb13-amd64-x86_64-with-glibc2.41,3.13.5,600,52,alocacao,118.541398,5061.522895
Linux,Linux-6.12.111+deb13-amd64-x86_64-with-glibc2.41,3.13.5,600,52,escrita,88.825808,6754.793607
Linux,Linux-6.12.111+deb13-amd64-x86_64-with-glibc2.41,3.13.5,600,52,leitura,68.623092,8743.412494
Linux,Linux-6.12.111+deb13-amd64-x86_64-with-glibc2.41,3.13.5,600,52,liberacao,3.072774,195263.302801
Linux,Linux-6.12.111+deb13-amd64-x86_64-with-glibc2.41,3.13.5,600,53,alocacao,117.149541,5121.658991
Linux,Linux-6.12.111+deb13-amd64-x86_64-with-glibc2.41,3.13.5,600,53,escrita,88.691843,6764.996416
Linux,Linux-6.12.111+deb13-amd64-x86_64-with-glibc2.41,3.13.5,600,53,leitura,67.718688,8860.18347
Linux,Linux-6.12.111+deb13-amd64-x86_64-with-glibc2.41,3.13.5,600,53,liberacao,3.241253,185113.596501
Linux,Linux-6.12.111+deb13-amd64-x86_64-with-glibc2.41,3.13.5,600,54,alocacao,117.193697,5119.729263
Linux,Linux-6.12.111+deb13-amd64-x86_64-with-glibc2.41,3.13.5,600,54,escrita,88.86096,6752.121517
Linux,Linux-6.12.111+deb13-amd64-x86_64-with-glibc2.41,3.13.5,600,54,leitura,69.010918,8694.276462
Linux,Linux-6.12.111+deb13-amd64-x86_64-with-glibc2.41,3.13.5,600,54,liberacao,3.309491,181296.761345
Linux,Linux-6.12.111+deb13-amd64-x86_64-with-glibc2.41,3.13.5,600,55,alocacao,118.095357,5080.640046
Linux,Linux-6.12.111+deb13-amd64-x86_64-with-glibc2.41,3.13.5,600,55,escrita,89.49143,6704.552604
Linux,Linux-6.12.111+deb13-amd64-x86_64-with-glibc2.41,3.13.5,600,55,leitura,67.959393,8828.801635
Linux,Linux-6.12.111+deb13-amd64-x86_64-with-glibc2.41,3.13.5,600,55,liberacao,3.196364,187713.289225
Linux,Linux-6.12.111+deb13-amd64-x86_64-with-glibc2.41,3.13.5,600,56,alocacao,117.672341,5098.904253
Linux,Linux-6.12.111+deb13-amd64-x86_64-with-glibc2.41,3.13.5,600,56,escrita,89.216107,6725.24301
Linux,Linux-6.12.111+deb13-amd64-x86_64-with-glibc2.41,3.13.5,600,56,leitura,67.617644,8873.423629
Linux,Linux-6.12.111+deb13-amd64-x86_64-with-glibc2.41,3.13.5,600,56,liberacao,3.196139,187726.50376
Linux,Linux-6.12.111+deb13-amd64-x86_64-with-glibc2.41,3.13.5,600,57,alocacao,116.610781,5145.321855
Linux,Linux-6.12.111+deb13-amd64-x86_64-with-glibc2.41,3.13.5,600,57,escrita,89.221172,6724.861225
Linux,Linux-6.12.111+deb13-amd64-x86_64-with-glibc2.41,3.13.5,600,57,leitura,67.619471,8873.183879
Linux,Linux-6.12.111+deb13-amd64-x86_64-with-glibc2.41,3.13.5,600,57,liberacao,3.087071,194358.989476
Linux,Linux-6.12.111+deb13-amd64-x86_64-with-glibc2.41,3.13.5,600,58,alocacao,120.54653,4977.33116
Linux,Linux-6.12.111+deb13-amd64-x86_64-with-glibc2.41,3.13.5,600,58,escrita,95.635482,6273.822095
Linux,Linux-6.12.111+deb13-amd64-x86_64-with-glibc2.41,3.13.5,600,58,leitura,69.624331,8617.677059
Linux,Linux-6.12.111+deb13-amd64-x86_64-with-glibc2.41,3.13.5,600,58,liberacao,3.425202,175172.150431
Linux,Linux-6.12.111+deb13-amd64-x86_64-with-glibc2.41,3.13.5,600,59,alocacao,117.033292,5126.746328
Linux,Linux-6.12.111+deb13-amd64-x86_64-with-glibc2.41,3.13.5,600,59,escrita,89.541692,6700.78917
Linux,Linux-6.12.111+deb13-amd64-x86_64-with-glibc2.41,3.13.5,600,59,leitura,68.069595,8814.508152
Linux,Linux-6.12.111+deb13-amd64-x86_64-with-glibc2.41,3.13.5,600,59,liberacao,3.21773,186466.85707
Linux,Linux-6.12.111+deb13-amd64-x86_64-with-glibc2.41,3.13.5,600,60,alocacao,116.529757,5148.899435
Linux,Linux-6.12.111+deb13-amd64-x86_64-with-glibc2.41,3.13.5,600,60,escrita,88.446813,6783.737928
Linux,Linux-6.12.111+deb13-amd64-x86_64-with-glibc2.41,3.13.5,600,60,leitura,68.802149,8720.657839
Linux,Linux-6.12.111+deb13-amd64-x86_64-with-glibc2.41,3.13.5,600,60,liberacao,3.349209,179146.777642
Linux,Linux-6.12.111+deb13-amd64-x86_64-with-glibc2.41,3.13.5,600,61,alocacao,118.196463,5076.294034
Linux,Linux-6.12.111+deb13-amd64-x86_64-with-glibc2.41,3.13.5,600,61,escrita,89.163183,6729.234868
Linux,Linux-6.12.111+deb13-amd64-x86_64-with-glibc2.41,3.13.5,600,61,leitura,67.720454,8859.952416
Linux,Linux-6.12.111+deb13-amd64-x86_64-with-glibc2.41,3.13.5,600,61,liberacao,3.538325,169571.760649
Linux,Linux-6.12.111+deb13-amd64-x86_64-with-glibc2.41,3.13.5,600,62,alocacao,118.551132,5061.107303
Linux,Linux-6.12.111+deb13-amd64-x86_64-with-glibc2.41,3.13.5,600,62,escrita,90.654842,6618.510239
Linux,Linux-6.12.111+deb13-amd64-x86_64-with-glibc2.41,3.13.5,600,62,leitura,67.430652,8898.030528
Linux,Linux-6.12.111+deb13-amd64-x86_64-with-glibc2.41,3.13.5,600,62,liberacao,3.417827,175550.137558
Linux,Linux-6.12.111+deb13-amd64-x86_64-with-glibc2.41,3.13.5,600,63,alocacao,118.128748,5079.203921
Linux,Linux-6.12.111+deb13-amd64-x86_64-with-glibc2.41,3.13.5,600,63,escrita,90.307264,6643.983811
Linux,Linux-6.12.111+deb13-amd64-x86_64-with-glibc2.41,3.13.5,600,63,leitura,67.583733,8877.875982
Linux,Linux-6.12.111+deb13-amd64-x86_64-with-glibc2.41,3.13.5,600,63,liberacao,3.13979,191095.582826
Linux,Linux-6.12.111+deb13-amd64-x86_64-with-glibc2.41,3.13.5,600,64,alocacao,116.65246,5143.483472
Linux,Linux-6.12.111+deb13-amd64-x86_64-with-glibc2.41,3.13.5,600,64,escrita,90.07032,6661.461844
Linux,Linux-6.12.111+deb13-amd64-x86_64-with-glibc2.41,3.13.5,600,64,leitura,68.465298,8763.563696
Linux,Linux-6.12.111+deb13-amd64-x86_64-with-glibc2.41,3.13.5,600,64,liberacao,3.477255,172549.899274
Linux,Linux-6.12.111+deb13-amd64-x86_64-with-glibc2.41,3.13.5,600,65,alocacao,121.68345,4930.826665
Linux,Linux-6.12.111+deb13-amd64-x86_64-with-glibc2.41,3.13.5,600,65,escrita,96.324701,6228.931871
Linux,Linux-6.12.111+deb13-amd64-x86_64-with-glibc2.41,3.13.5,600,65,leitura,70.017254,8569.316357
Linux,Linux-6.12.111+deb13-amd64-x86_64-with-glibc2.41,3.13.5,600,65,liberacao,3.37026,178027.807944
Linux,Linux-6.12.111+deb13-amd64-x86_64-with-glibc2.41,3.13.5,600,66,alocacao,116.37052,5155.944994
Linux,Linux-6.12.111+deb13-amd64-x86_64-with-glibc2.41,3.13.5,600,66,escrita,89.257518,6722.122836
Linux,Linux-6.12.111+deb13-amd64-x86_64-with-glibc2.41,3.13.5,600,66,leitura,67.946791,8830.439101
Linux,Linux-6.12.111+deb13-amd64-x86_64-with-glibc2.41,3.13.5,600,66,liberacao,3.337612,179769.248193
Linux,Linux-6.12.111+deb13-amd64-x86_64-with-glibc2.41,3.13.5,600,67,alocacao,116.238784,5161.788341
Linux,Linux-6.12.111+deb13-amd64-x86_64-with-glibc2.41,3.13.5,600,67,escrita,89.107084,6733.471381
Linux,Linux-6.12.111+deb13-amd64-x86_64-with-glibc2.41,3.13.5,600,67,leitura,67.420181,8899.412477
Linux,Linux-6.12.111+deb13-amd64-x86_64-with-glibc2.41,3.13.5,600,67,liberacao,3.198379,187595.028607
Linux,Linux-6.12.111+deb13-amd64-x86_64-with-glibc2.41,3.13.5,600,68,alocacao,117.078231,5124.778491
Linux,Linux-6.12.111+deb13-amd64-x86_64-with-glibc2.41,3.13.5,600,68,escrita,88.749452,6760.605125
Linux,Linux-6.12.111+deb13-amd64-x86_64-with-glibc2.41,3.13.5,600,68,leitura,67.658265,8868.096159
Linux,Linux-6.12.111+deb13-amd64-x86_64-with-glibc2.41,3.13.5,600,68,liberacao,3.239216,185230.006273
Linux,Linux-6.12.111+deb13-amd64-x86_64-with-glibc2.41,3.13.5,600,69,alocacao,124.135596,4833.42425
Linux,Linux-6.12.111+deb13-amd64-x86_64-with-glibc2.41,3.13.5,600,69,escrita,90.648359,6618.983582
Linux,Linux-6.12.111+deb13-amd64-x86_64-with-glibc2.41,3.13.5,600,69,leitura,67.528817,8885.095677
Linux,Linux-6.12.111+deb13-amd64-x86_64-with-glibc2.41,3.13.5,600,69,liberacao,2.970786,201966.752233
Linux,Linux-6.12.111+deb13-amd64-x86_64-with-glibc2.41,3.13.5,600,70,alocacao,119.00628,5041.750738
Linux,Linux-6.12.111+deb13-amd64-x86_64-with-glibc2.41,3.13.5,600,70,escrita,89.022929,6739.836655
Linux,Linux-6.12.111+deb13-amd64-x86_64-with-glibc2.41,3.13.5,600,70,leitura,68.479665,8761.725105
Linux,Linux-6.12.111+deb13-amd64-x86_64-with-glibc2.41,3.13.5,600,70,liberacao,3.337858,179755.999207
Linux,Linux-6.12.111+deb13-amd64-x86_64-with-glibc2.41,3.13.5,600,71,alocacao,118.536503,5061.731912
Linux,Linux-6.12.111+deb13-amd64-x86_64-with-glibc2.41,3.13.5,600,71,escrita,89.352894,6714.947587
Linux,Linux-6.12.111+deb13-amd64-x86_64-with-glibc2.41,3.13.5,600,71,leitura,67.013812,8953.378148
Linux,Linux-6.12.111+deb13-amd64-x86_64-with-glibc2.41,3.13.5,600,71,liberacao,3.326007,180396.493453
Linux,Linux-6.12.111+deb13-amd64-x86_64-with-glibc2.41,3.13.5,600,72,alocacao,116.913898,5131.981828
Linux,Linux-6.12.111+deb13-amd64-x86_64-with-glibc2.41,3.13.5,600,72,escrita,95.599618,6276.175706
Linux,Linux-6.12.111+deb13-amd64-x86_64-with-glibc2.41,3.13.5,600,72,leitura,69.978498,8574.062278
Linux,Linux-6.12.111+deb13-amd64-x86_64-with-glibc2.41,3.13.5,600,72,liberacao,3.297391,181962.042111
Linux,Linux-6.12.111+deb13-amd64-x86_64-with-glibc2.41,3.13.5,600,73,alocacao,117.382159,5111.509322
Linux,Linux-6.12.111+deb13-amd64-x86_64-with-glibc2.41,3.13.5,600,73,escrita,88.903818,6748.866511
Linux,Linux-6.12.111+deb13-amd64-x86_64-with-glibc2.41,3.13.5,600,73,leitura,67.354961,8908.029803
Linux,Linux-6.12.111+deb13-amd64-x86_64-with-glibc2.41,3.13.5,600,73,liberacao,3.261711,183952.532888
Linux,Linux-6.12.111+deb13-amd64-x86_64-with-glibc2.41,3.13.5,600,74,alocacao,116.729144,5140.104514
Linux,Linux-6.12.111+deb13-amd64-x86_64-with-glibc2.41,3.13.5,600,74,escrita,89.129957,6731.743403
Linux,Linux-6.12.111+deb13-amd64-x86_64-with-glibc2.41,3.13.5,600,74,leitura,67.369667,8906.085286
Linux,Linux-6.12.111+deb13-amd64-x86_64-with-glibc2.41,3.13.5,600,74,liberacao,3.257016,184217.70111
Linux,Linux-6.12.111+deb13-amd64-x86_64-with-glibc2.41,3.13.5,600,75,alocacao,116.373112,5155.830154
Linux,Linux-6.12.111+deb13-amd64-x86_64-with-glibc2.41,3.13.5,600,75,escrita,89.554783,6699.809657
Linux,Linux-6.12.111+deb13-amd64-x86_64-with-glibc2.41,3.13.5,600,75,leitura,67.901931,8836.273007
Linux,Linux-6.12.111+deb13-amd64-x86_64-with-glibc2.41,3.13.5,600,75,liberacao,3.309052,181320.813333
Linux,Linux-6.12.111+deb13-amd64-x86_64-with-glibc2.41,3.13.5,600,76,alocacao,124.82749,4806.633539
Linux,Linux-6.12.111+deb13-amd64-x86_64-with-glibc2.41,3.13.5,600,76,escrita,91.242476,6575.884679
Linux,Linux-6.12.111+deb13-amd64-x86_64-with-glibc2.41,3.13.5,600,76,leitura,68.549648,8752.780175
Linux,Linux-6.12.111+deb13-amd64-x86_64-with-glibc2.41,3.13.5,600,76,liberacao,3.309784,181280.711974
Linux,Linux-6.12.111+deb13-amd64-x86_64-with-glibc2.41,3.13.5,600,77,alocacao,116.835445,5135.427866
Linux,Linux-6.12.111+deb13-amd64-x86_64-with-glibc2.41,3.13.5,600,77,escrita,90.095287,6659.615835
Linux,Linux-6.12.111+deb13-amd64-x86_64-with-glibc2.41,3.13.5,600,77,leitura,67.675621,8865.821859
Linux,Linux-6.12.111+deb13-amd64-x86_64-with-glibc2.41,3.13.5,600,77,liberacao,3.26929,183526.086704
Linux,Linux-6.12.111+deb13-amd64-x86_64-with-glibc2.41,3.13.5,600,78,alocacao,116.085463,5168.605823
Linux,Linux-6.12.111+deb13-amd64-x86_64-with-glibc2.41,3.13.5,600,78,escrita,88.338475,6792.057481
Linux,Linux-6.12.111+deb13-amd64-x86_64-with-glibc2.41,3.13.5,600,78,leitura,66.568594,9013.259316
Linux,Linux-6.12.111+deb13-amd64-x86_64-with-glibc2.41,3.13.5,600,78,liberacao,3.023698,198432.515417
Linux,Linux-6.12.111+deb13-amd64-x86_64-with-glibc2.41,3.13.5,600,79,alocacao,116.946034,5130.571593
Linux,Linux-6.12.111+deb13-amd64-x86_64-with-glibc2.41,3.13.5,600,79,escrita,92.914052,6457.580819
Linux,Linux-6.12.111+deb13-amd64-x86_64-with-glibc2.41,3.13.5,600,79,leitura,70.910005,8461.429385
Linux,Linux-6.12.111+deb13-amd64-x86_64-with-glibc2.41,3.13.5,600,79,liberacao,3.44314,174259.542162
Linux,Linux-6.12.111+deb13-amd64-x86_64-with-glibc2.41,3.13.5,600,80,alocacao,119.413149,5024.572294
Linux,Linux-6.12.111+deb13-amd64-x86_64-with-glibc2.41,3.13.5,600,80,escrita,88.503988,6779.355525
Linux,Linux-6.12.111+deb13-amd64-x86_64-with-glibc2.41,3.13.5,600,80,leitura,67.387172,8903.771774
Linux,Linux-6.12.111+deb13-amd64-x86_64-with-glibc2.41,3.13.5,600,80,liberacao,2.998186,200121.006502
Linux,Linux-6.12.111+deb13-amd64-x86_64-with-glibc2.41,3.13.5,600,81,alocacao,117.758295,5095.182467
Linux,Linux-6.12.111+deb13-amd64-x86_64-with-glibc2.41,3.13.5,600,81,escrita,88.867005,6751.662217
Linux,Linux-6.12.111+deb13-amd64-x86_64-with-glibc2.41,3.13.5,600,81,leitura,67.955144,8829.353669
Linux,Linux-6.12.111+deb13-amd64-x86_64-with-glibc2.41,3.13.5,600,81,liberacao,3.297128,181976.556567
Linux,Linux-6.12.111+deb13-amd64-x86_64-with-glibc2.41,3.13.5,600,82,alocacao,116.574992,5146.90149
Linux,Linux-6.12.111+deb13-amd64-x86_64-with-glibc2.41,3.13.5,600,82,escrita,88.98628,6742.612457
Linux,Linux-6.12.111+deb13-amd64-x86_64-with-glibc2.41,3.13.5,600,82,leitura,68.265014,8789.275279
Linux,Linux-6.12.111+deb13-amd64-x86_64-with-glibc2.41,3.13.5,600,82,liberacao,3.429353,174960.116383
Linux,Linux-6.12.111+deb13-amd64-x86_64-with-glibc2.41,3.13.5,600,83,alocacao,127.899756,4691.173922
Linux,Linux-6.12.111+deb13-amd64-x86_64-with-glibc2.41,3.13.5,600,83,escrita,92.389552,6494.240821
Linux,Linux-6.12.111+deb13-amd64-x86_64-with-glibc2.41,3.13.5,600,83,leitura,71.1867,8428.540725
Linux,Linux-6.12.111+deb13-amd64-x86_64-with-glibc2.41,3.13.5,600,83,liberacao,3.475575,172633.30528
Linux,Linux-6.12.111+deb13-amd64-x86_64-with-glibc2.41,3.13.5,600,84,alocacao,117.492269,5106.718979
Linux,Linux-6.12.111+deb13-amd64-x86_64-with-glibc2.41,3.13.5,600,84,escrita,90.439653,6634.258095
Linux,Linux-6.12.111+deb13-amd64-x86_64-with-glibc2.41,3.13.5,600,84,leitura,69.439932,8640.561457
Linux,Linux-6.12.111+deb13-amd64-x86_64-with-glibc2.41,3.13.5,600,84,liberacao,3.672706,163367.28287
Linux,Linux-6.12.111+deb13-amd64-x86_64-with-glibc2.41,3.13.5,600,85,alocacao,117.179939,5120.330366
Linux,Linux-6.12.111+deb13-amd64-x86_64-with-glibc2.41,3.13.5,600,85,escrita,88.614848,6770.874335
Linux,Linux-6.12.111+deb13-amd64-x86_64-with-glibc2.41,3.13.5,600,85,leitura,68.1153,8808.593664
Linux,Linux-6.12.111+deb13-amd64-x86_64-with-glibc2.41,3.13.5,600,85,liberacao,2.938292,204200.263282
Linux,Linux-6.12.111+deb13-amd64-x86_64-with-glibc2.41,3.13.5,600,86,alocacao,115.901807,5176.795906
Linux,Linux-6.12.111+deb13-amd64-x86_64-with-glibc2.41,3.13.5,600,86,escrita,91.767446,6538.266304
Linux,Linux-6.12.111+deb13-amd64-x86_64-with-glibc2.41,3.13.5,600,86,leitura,74.812577,8020.041871
Linux,Linux-6.12.111+deb13-amd64-x86_64-with-glibc2.41,3.13.5,600,86,liberacao,3.411502,175875.611388
Linux,Linux-6.12.111+deb13-amd64-x86_64-with-glibc2.41,3.13.5,600,87,alocacao,119.010708,5041.563151
Linux,Linux-6.12.111+deb13-amd64-x86_64-with-glibc2.41,3.13.5,600,87,escrita,88.192376,6803.309166
Linux,Linux-6.12.111+deb13-amd64-x86_64-with-glibc2.41,3.13.5,600,87,leitura,68.235611,8793.062614
Linux,Linux-6.12.111+deb13-amd64-x86_64-with-glibc2.41,3.13.5,600,87,liberacao,3.07957,194832.395432
Linux,Linux-6.12.111+deb13-amd64-x86_64-with-glibc2.41,3.13.5,600,88,alocacao,119.268392,5030.670657
Linux,Linux-6.12.111+deb13-amd64-x86_64-with-glibc2.41,3.13.5,600,88,escrita,88.659483,6767.465585
Linux,Linux-6.12.111+deb13-amd64-x86_64-with-glibc2.41,3.13.5,600,88,leitura,68.797191,8721.286309
Linux,Linux-6.12.111+deb13-amd64-x86_64-with-glibc2.41,3.13.5,600,88,liberacao,3.191429,188003.555774
Linux,Linux-6.12.111+deb13-amd64-x86_64-with-glibc2.41,3.13.5,600,89,alocacao,116.526534,5149.041848
Linux,Linux-6.12.111+deb13-amd64-x86_64-with-glibc2.41,3.13.5,600,89,escrita,88.386262,6788.385281
Linux,Linux-6.12.111+deb13-amd64-x86_64-with-glibc2.41,3.13.5,600,89,leitura,68.269002,8788.761845
Linux,Linux-6.12.111+deb13-amd64-x86_64-with-glibc2.41,3.13.5,600,89,liberacao,3.177066,188853.489351
Linux,Linux-6.12.111+deb13-amd64-x86_64-with-glibc2.41,3.13.5,600,90,alocacao,127.779201,4695.599873
Linux,Linux-6.12.111+deb13-amd64-x86_64-with-glibc2.41,3.13.5,600,90,escrita,91.317069,6570.513121
Linux,Linux-6.12.111+deb13-amd64-x86_64-with-glibc2.41,3.13.5,600,90,leitura,70.397291,8523.055241
Linux,Linux-6.12.111+deb13-amd64-x86_64-with-glibc2.41,3.13.5,600,90,liberacao,3.291362,182295.353717
Linux,Linux-6.12.111+deb13-amd64-x86_64-with-glibc2.41,3.13.5,600,91,alocacao,116.112441,5167.40493
Linux,Linux-6.12.111+deb13-amd64-x86_64-with-glibc2.41,3.13.5,600,91,escrita,89.407096,6710.87673
Linux,Linux-6.12.111+deb13-amd64-x86_64-with-glibc2.41,3.13.5,600,91,leitura,68.473571,8762.504879
Linux,Linux-6.12.111+deb13-amd64-x86_64-with-glibc2.41,3.13.5,600,91,liberacao,3.177019,188856.283201
Linux,Linux-6.12.111+deb13-amd64-x86_64-with-glibc2.41,3.13.5,600,92,alocacao,118.863716,5047.797765
Linux,Linux-6.12.111+deb13-amd64-x86_64-with-glibc2.41,3.13.5,600,92,escrita,90.164738,6654.486147
Linux,Linux-6.12.111+deb13-amd64-x86_64-with-glibc2.41,3.13.5,600,92,leitura,68.575255,8749.511759
Linux,Linux-6.12.111+deb13-amd64-x86_64-with-glibc2.41,3.13.5,600,92,liberacao,3.200659,187461.394669
Linux,Linux-6.12.111+deb13-amd64-x86_64-with-glibc2.41,3.13.5,600,93,alocacao,116.686039,5142.003321
Linux,Linux-6.12.111+deb13-amd64-x86_64-with-glibc2.41,3.13.5,600,93,escrita,88.964558,6744.258764
Linux,Linux-6.12.111+deb13-amd64-x86_64-with-glibc2.41,3.13.5,600,93,leitura,75.052355,7994.419362
Linux,Linux-6.12.111+deb13-amd64-x86_64-with-glibc2.41,3.13.5,600,93,liberacao,3.548213,169099.205713
Linux,Linux-6.12.111+deb13-amd64-x86_64-with-glibc2.41,3.13.5,600,94,alocacao,118.824885,5049.447344
Linux,Linux-6.12.111+deb13-amd64-x86_64-with-glibc2.41,3.13.5,600,94,escrita,88.915989,6747.942713
Linux,Linux-6.12.111+deb13-amd64-x86_64-with-glibc2.41,3.13.5,600,94,leitura,67.703323,8862.194253
Linux,Linux-6.12.111+deb13-amd64-x86_64-with-glibc2.41,3.13.5,600,94,liberacao,3.265743,183725.418687
Linux,Linux-6.12.111+deb13-amd64-x86_64-with-glibc2.41,3.13.5,600,95,alocacao,118.687671,5055.284976
Linux,Linux-6.12.111+deb13-amd64-x86_64-with-glibc2.41,3.13.5,600,95,escrita,88.861363,6752.090895
Linux,Linux-6.12.111+deb13-amd64-x86_64-with-glibc2.41,3.13.5,600,95,leitura,67.761292,8854.612749
Linux,Linux-6.12.111+deb13-amd64-x86_64-with-glibc2.41,3.13.5,600,95,liberacao,3.241715,185087.214638
Linux,Linux-6.12.111+deb13-amd64-x86_64-with-glibc2.41,3.13.5,600,96,alocacao,116.540245,5148.436062
Linux,Linux-6.12.111+deb13-amd64-x86_64-with-glibc2.41,3.13.5,600,96,escrita,88.892476,6749.727615
Linux,Linux-6.12.111+deb13-amd64-x86_64-with-glibc2.41,3.13.5,600,96,leitura,67.561107,8880.849155
Linux,Linux-6.12.111+deb13-amd64-x86_64-with-glibc2.41,3.13.5,600,96,liberacao,3.32663,180362.709409
Linux,Linux-6.12.111+deb13-amd64-x86_64-with-glibc2.41,3.13.5,600,97,alocacao,127.388238,4710.010982
Linux,Linux-6.12.111+deb13-amd64-x86_64-with-glibc2.41,3.13.5,600,97,escrita,91.416924,6563.336128
Linux,Linux-6.12.111+deb13-amd64-x86_64-with-glibc2.41,3.13.5,600,97,leitura,69.438097,8640.789796
Linux,Linux-6.12.111+deb13-amd64-x86_64-with-glibc2.41,3.13.5,600,97,liberacao,3.20772,187048.744903
Linux,Linux-6.12.111+deb13-amd64-x86_64-with-glibc2.41,3.13.5,600,98,alocacao,116.46179,5151.904328
Linux,Linux-6.12.111+deb13-amd64-x86_64-with-glibc2.41,3.13.5,600,98,escrita,89.233187,6723.955741
Linux,Linux-6.12.111+deb13-amd64-x86_64-with-glibc2.41,3.13.5,600,98,leitura,67.781923,8851.917642
Linux,Linux-6.12.111+deb13-amd64-x86_64-with-glibc2.41,3.13.5,600,98,liberacao,3.129908,191698.925336
Linux,Linux-6.12.111+deb13-amd64-x86_64-with-glibc2.41,3.13.5,600,99,alocacao,131.761411,4553.685297
Linux,Linux-6.12.111+deb13-amd64-x86_64-with-glibc2.41,3.13.5,600,99,escrita,94.479995,6350.550717
Linux,Linux-6.12.111+deb13-amd64-x86_64-with-glibc2.41,3.13.5,600,99,leitura,72.159083,8314.961541
Linux,Linux-6.12.111+deb13-amd64-x86_64-with-glibc2.41,3.13.5,600,99,liberacao,3.282862,182767.353608
Linux,Linux-6.12.111+deb13-amd64-x86_64-with-glibc2.41,3.13.5,600,100,alocacao,119.089107,5038.244178
Linux,Linux-6.12.111+deb13-amd64-x86_64-with-glibc2.41,3.13.5,600,100,escrita,93.316733,6429.715022
Linux,Linux-6.12.111+deb13-amd64-x86_64-with-glibc2.41,3.13.5,600,100,leitura,76.030074,7891.614047
Linux,Linux-6.12.111+deb13-amd64-x86_64-with-glibc2.41,3.13.5,600,100,liberacao,3.425197,175172.406142
Linux,Linux-6.12.111+deb13-amd64-x86_64-with-glibc2.41,3.13.5,700,1,alocacao,151.235061,4628.556337
Linux,Linux-6.12.111+deb13-amd64-x86_64-with-glibc2.41,3.13.5,700,1,escrita,104.638779,6689.680506
Linux,Linux-6.12.111+deb13-amd64-x86_64-with-glibc2.41,3.13.5,700,1,leitura,87.029435,8043.25571
Linux,Linux-6.12.111+deb13-amd64-x86_64-with-glibc2.41,3.13.5,700,1,liberacao,4.272675,163831.791559
Linux,Linux-6.12.111+deb13-amd64-x86_64-with-glibc2.41,3.13.5,700,2,alocacao,137.70317,5083.397862
Linux,Linux-6.12.111+deb13-amd64-x86_64-with-glibc2.41,3.13.5,700,2,escrita,104.575564,6693.724358
Linux,Linux-6.12.111+deb13-amd64-x86_64-with-glibc2.41,3.13.5,700,2,leitura,87.215793,8026.069315
Linux,Linux-6.12.111+deb13-amd64-x86_64-with-glibc2.41,3.13.5,700,2,liberacao,4.045215,173043.9544
Linux,Linux-6.12.111+deb13-amd64-x86_64-with-glibc2.41,3.13.5,700,3,alocacao,135.504577,5165.877164
Linux,Linux-6.12.111+deb13-amd64-x86_64-with-glibc2.41,3.13.5,700,3,escrita,110.304072,6346.093914
Linux,Linux-6.12.111+deb13-amd64-x86_64-with-glibc2.41,3.13.5,700,3,leitura,91.976417,7610.646542
Linux,Linux-6.12.111+deb13-amd64-x86_64-with-glibc2.41,3.13.5,700,3,liberacao,3.984162,175695.666993
Linux,Linux-6.12.111+deb13-amd64-x86_64-with-glibc2.41,3.13.5,700,4,alocacao,137.154316,5103.740228
Linux,Linux-6.12.111+deb13-amd64-x86_64-with-glibc2.41,3.13.5,700,4,escrita,103.224587,6781.330111
Linux,Linux-6.12.111+deb13-amd64-x86_64-with-glibc2.41,3.13.5,700,4,leitura,88.090432,7946.379466
Linux,Linux-6.12.111+deb13-amd64-x86_64-with-glibc2.41,3.13.5,700,4,liberacao,3.974121,176139.579042
Linux,Linux-6.12.111+deb13-amd64-x86_64-with-glibc2.41,3.13.5,700,5,alocacao,137.746611,5081.794717
Linux,Linux-6.12.111+deb13-amd64-x86_64-with-glibc2.41,3.13.5,700,5,escrita,103.798608,6743.828395
Linux,Linux-6.12.111+deb13-amd64-x86_64-with-glibc2.41,3.13.5,700,5,leitura,88.103431,7945.207037
Linux,Linux-6.12.111+deb13-amd64-x86_64-with-glibc2.41,3.13.5,700,5,liberacao,4.136758,169214.636196
Linux,Linux-6.12.111+deb13-amd64-x86_64-with-glibc2.41,3.13.5,700,6,alocacao,135.861733,5152.297005
Linux,Linux-6.12.111+deb13-amd64-x86_64-with-glibc2.41,3.13.5,700,6,escrita,108.533993,6449.592249
Linux,Linux-6.12.111+deb13-amd64-x86_64-with-glibc2.41,3.13.5,700,6,leitura,90.981179,7693.898977
Linux,Linux-6.12.111+deb13-amd64-x86_64-with-glibc2.41,3.13.5,700,6,liberacao,4.216257,166024.035062
Linux,Linux-6.12.111+deb13-amd64-x86_64-with-glibc2.41,3.13.5,700,7,alocacao,136.181138,5140.212589
Linux,Linux-6.12.111+deb13-amd64-x86_64-with-glibc2.41,3.13.5,700,7,escrita,103.48494,6764.269274
Linux,Linux-6.12.111+deb13-amd64-x86_64-with-glibc2.41,3.13.5,700,7,leitura,85.301038,8206.230738
Linux,Linux-6.12.111+deb13-amd64-x86_64-with-glibc2.41,3.13.5,700,7,liberacao,3.881775,180329.874864
Linux,Linux-6.12.111+deb13-amd64-x86_64-with-glibc2.41,3.13.5,700,8,alocacao,136.501078,5128.164629
Linux,Linux-6.12.111+deb13-amd64-x86_64-with-glibc2.41,3.13.5,700,8,escrita,103.749753,6747.004015
Linux,Linux-6.12.111+deb13-amd64-x86_64-with-glibc2.41,3.13.5,700,8,leitura,84.915921,8243.448246
Linux,Linux-6.12.111+deb13-amd64-x86_64-with-glibc2.41,3.13.5,700,8,liberacao,3.901084,179437.305118
Linux,Linux-6.12.111+deb13-amd64-x86_64-with-glibc2.41,3.13.5,700,9,alocacao,135.677111,5159.307969
Linux,Linux-6.12.111+deb13-amd64-x86_64-with-glibc2.41,3.13.5,700,9,escrita,110.769829,6319.410315
Linux,Linux-6.12.111+deb13-amd64-x86_64-with-glibc2.41,3.13.5,700,9,leitura,88.342116,7923.740473
Linux,Linux-6.12.111+deb13-amd64-x86_64-with-glibc2.41,3.13.5,700,9,liberacao,4.010819,174527.945539
Linux,Linux-6.12.111+deb13-amd64-x86_64-with-glibc2.41,3.13.5,700,10,alocacao,135.613759,5161.718141
Linux,Linux-6.12.111+deb13-amd64-x86_64-with-glibc2.41,3.13.5,700,10,escrita,103.420647,6768.474384
Linux,Linux-6.12.111+deb13-amd64-x86_64-with-glibc2.41,3.13.5,700,10,leitura,83.899715,8343.294134
Linux,Linux-6.12.111+deb13-amd64-x86_64-with-glibc2.41,3.13.5,700,10,liberacao,3.93194,178029.166264
Linux,Linux-6.12.111+deb13-amd64-x86_64-with-glibc2.41,3.13.5,700,11,alocacao,140.917829,4967.433894
Linux,Linux-6.12.111+deb13-amd64-x86_64-with-glibc2.41,3.13.5,700,11,escrita,105.91221,6609.247413
Linux,Linux-6.12.111+deb13-amd64-x86_64-with-glibc2.41,3.13.5,700,11,leitura,83.462606,8386.989498
Linux,Linux-6.12.111+deb13-amd64-x86_64-with-glibc2.41,3.13.5,700,11,liberacao,3.830639,182737.136024
Linux,Linux-6.12.111+deb13-amd64-x86_64-with-glibc2.41,3.13.5,700,12,alocacao,136.026484,5146.056705
Linux,Linux-6.12.111+deb13-amd64-x86_64-with-glibc2.41,3.13.5,700,12,escrita,110.680373,6324.517898
Linux,Linux-6.12.111+deb13-amd64-x86_64-with-glibc2.41,3.13.5,700,12,leitura,87.526846,7997.546261
Linux,Linux-6.12.111+deb13-amd64-x86_64-with-glibc2.41,3.13.5,700,12,liberacao,3.933595,177954.263212
Linux,Linux-6.12.111+deb13-amd64-x86_64-with-glibc2.41,3.13.5,700,13,alocacao,136.793625,5117.19753
Linux,Linux-6.12.111+deb13-amd64-x86_64-with-glibc2.41,3.13.5,700,13,escrita,105.936341,6607.741908
Linux,Linux-6.12.111+deb13-amd64-x86_64-with-glibc2.41,3.13.5,700,13,leitura,90.651173,7721.907801
Linux,Linux-6.12.111+deb13-amd64-x86_64-with-glibc2.41,3.13.5,700,13,liberacao,4.121127,169856.449462
Linux,Linux-6.12.111+deb13-amd64-x86_64-with-glibc2.41,3.13.5,700,14,alocacao,137.680762,5084.225202
Linux,Linux-6.12.111+deb13-amd64-x86_64-with-glibc2.41,3.13.5,700,14,escrita,103.727657,6748.441257
Linux,Linux-6.12.111+deb13-amd64-x86_64-with-glibc2.41,3.13.5,700,14,leitura,85.705975,8167.45857
Linux,Linux-6.12.111+deb13-amd64-x86_64-with-glibc2.41,3.13.5,700,14,liberacao,3.767864,185781.652416
Linux,Linux-6.12.111+deb13-amd64-x86_64-with-glibc2.41,3.13.5,700,15,alocacao,140.11599,4995.860929
Linux,Linux-6.12.111+deb13-amd64-x86_64-with-glibc2.41,3.13.5,700,15,escrita,110.776258,6319.043563
Linux,Linux-6.12.111+deb13-amd64-x86_64-with-glibc2.41,3.13.5,700,15,leitura,87.881072,7965.310209
Linux,Linux-6.12.111+deb13-amd64-x86_64-with-glibc2.41,3.13.5,700,15,liberacao,3.991305,175381.234959
Linux,Linux-6.12.111+deb13-amd64-x86_64-with-glibc2.41,3.13.5,700,16,alocacao,139.363569,5022.833478
Linux,Linux-6.12.111+deb13-amd64-x86_64-with-glibc2.41,3.13.5,700,16,escrita,105.043404,6663.911996
Linux,Linux-6.12.111+deb13-amd64-x86_64-with-glibc2.41,3.13.5,700,16,leitura,87.707894,7981.037602
Linux,Linux-6.12.111+deb13-amd64-x86_64-with-glibc2.41,3.13.5,700,16,liberacao,3.90491,179261.493863
Linux,Linux-6.12.111+deb13-amd64-x86_64-with-glibc2.41,3.13.5,700,17,alocacao,136.872148,5114.261815
Linux,Linux-6.12.111+deb13-amd64-x86_64-with-glibc2.41,3.13.5,700,17,escrita,103.650397,6753.47148
Linux,Linux-6.12.111+deb13-amd64-x86_64-with-glibc2.41,3.13.5,700,17,leitura,85.67977,8169.956572
Linux,Linux-6.12.111+deb13-amd64-x86_64-with-glibc2.41,3.13.5,700,17,liberacao,3.964402,176571.397149
Linux,Linux-6.12.111+deb13-amd64-x86_64-with-glibc2.41,3.13.5,700,18,alocacao,136.317427,5135.073449
Linux,Linux-6.12.111+deb13-amd64-x86_64-with-glibc2.41,3.13.5,700,18,escrita,108.3912,6458.088849
Linux,Linux-6.12.111+deb13-amd64-x86_64-with-glibc2.41,3.13.5,700,18,leitura,89.911192,7785.460124
Linux,Linux-6.12.111+deb13-amd64-x86_64-with-glibc2.41,3.13.5,700,18,liberacao,4.113142,170186.198288
Linux,Linux-6.12.111+deb13-amd64-x86_64-with-glibc2.41,3.13.5,700,19,alocacao,135.300383,5173.673455
Linux,Linux-6.12.111+deb13-amd64-x86_64-with-glibc2.41,3.13.5,700,19,escrita,103.912395,6736.443713
Linux,Linux-6.12.111+deb13-amd64-x86_64-with-glibc2.41,3.13.5,700,19,leitura,85.383517,8198.303661
Linux,Linux-6.12.111+deb13-amd64-x86_64-with-glibc2.41,3.13.5,700,19,liberacao,3.850858,181777.671366
Linux,Linux-6.12.111+deb13-amd64-x86_64-with-glibc2.41,3.13.5,700,20,alocacao,136.967368,5110.706369
Linux,Linux-6.12.111+deb13-amd64-x86_64-with-glibc2.41,3.13.5,700,20,escrita,103.973683,6732.47287
Linux,Linux-6.12.111+deb13-amd64-x86_64-with-glibc2.41,3.13.5,700,20,leitura,84.567717,8277.390295
Linux,Linux-6.12.111+deb13-amd64-x86_64-with-glibc2.41,3.13.5,700,20,liberacao,3.865296,181098.679118
Linux,Linux-6.12.111+deb13-amd64-x86_64-with-glibc2.41,3.13.5,700,21,alocacao,135.407094,5169.59621
Linux,Linux-6.12.111+deb13-amd64-x86_64-with-glibc2.41,3.13.5,700,21,escrita,111.489824,6278.59992
Linux,Linux-6.12.111+deb13-amd64-x86_64-with-glibc2.41,3.13.5,700,21,leitura,87.090208,8037.642992
Linux,Linux-6.12.111+deb13-amd64-x86_64-with-glibc2.41,3.13.5,700,21,liberacao,4.013524,174410.318712
Linux,Linux-6.12.111+deb13-amd64-x86_64-with-glibc2.41,3.13.5,700,22,alocacao,135.698883,5158.480192
Linux,Linux-6.12.111+deb13-amd64-x86_64-with-glibc2.41,3.13.5,700,22,escrita,104.212195,6717.064159
Linux,Linux-6.12.111+deb13-amd64-x86_64-with-glibc2.41,3.13.5,700,22,leitura,83.921797,8341.098797
Linux,Linux-6.12.111+deb13-amd64-x86_64-with-glibc2.41,3.13.5,700,22,liberacao,3.889326,179979.770274
Linux,Linux-6.12.111+deb13-amd64-x86_64-with-glibc2.41,3.13.5,700,23,alocacao,135.783862,5155.251807
Linux,Linux-6.12.111+deb13-amd64-x86_64-with-glibc2.41,3.13.5,700,23,escrita,103.497816,6763.427742
Linux,Linux-6.12.111+deb13-amd64-x86_64-with-glibc2.41,3.13.5,700,23,leitura,83.225459,8410.887827
Linux,Linux-6.12.111+deb13-amd64-x86_64-with-glibc2.41,3.13.5,700,23,liberacao,3.888043,180039.16109
Linux,Linux-6.12.111+deb13-amd64-x86_64-with-glibc2.41,3.13.5,700,24,alocacao,135.761607,5156.096893
Linux,Linux-6.12.111+deb13-amd64-x86_64-with-glibc2.41,3.13.5,700,24,escrita,108.996514,6422.223742
Linux,Linux-6.12.111+deb13-amd64-x86_64-with-glibc2.41,3.13.5,700,24,leitura,86.83864,8060.927716
Linux,Linux-6.12.111+deb13-amd64-x86_64-with-glibc2.41,3.13.5,700,24,liberacao,3.798043,184305.443619
Linux,Linux-6.12.111+deb13-amd64-x86_64-with-glibc2.41,3.13.5,700,25,alocacao,134.863206,5190.444605
Linux,Linux-6.12.111+deb13-amd64-x86_64-with-glibc2.41,3.13.5,700,25,escrita,104.255715,6714.260221
Linux,Linux-6.12.111+deb13-amd64-x86_64-with-glibc2.41,3.13.5,700,25,leitura,83.615061,8371.697534
Linux,Linux-6.12.111+deb13-amd64-x86_64-with-glibc2.41,3.13.5,700,25,liberacao,3.957686,176871.030193
Linux,Linux-6.12.111+deb13-amd64-x86_64-with-glibc2.41,3.13.5,700,26,alocacao,134.653089,5198.543941
Linux,Linux-6.12.111+deb13-amd64-x86_64-with-glibc2.41,3.13.5,700,26,escrita,104.542272,6695.856007
Linux,Linux-6.12.111+deb13-amd64-x86_64-with-glibc2.41,3.13.5,700,26,leitura,83.724042,8360.800354
Linux,Linux-6.12.111+deb13-amd64-x86_64-with-glibc2.41,3.13.5,700,26,liberacao,3.762611,186041.023109
Linux,Linux-6.12.111+deb13-amd64-x86_64-with-glibc2.41,3.13.5,700,27,alocacao,135.197132,5177.624626
Linux,Linux-6.12.111+deb13-amd64-x86_64-with-glibc2.41,3.13.5,700,27,escrita,111.034335,6304.356216
Linux,Linux-6.12.111+deb13-amd64-x86_64-with-glibc2.41,3.13.5,700,27,leitura,86.709503,8072.932906
Linux,Linux-6.12.111+deb13-amd64-x86_64-with-glibc2.41,3.13.5,700,27,liberacao,4.620819,151488.296772
Linux,Linux-6.12.111+deb13-amd64-x86_64-with-glibc2.41,3.13.5,700,28,alocacao,135.69975,5158.447234
Linux,Linux-6.12.111+deb13-amd64-x86_64-with-glibc2.41,3.13.5,700,28,escrita,103.631842,6754.68067
Linux,Linux-6.12.111+deb13-amd64-x86_64-with-glibc2.41,3.13.5,700,28,leitura,83.044034,8429.262962
Linux,Linux-6.12.111+deb13-amd64-x86_64-with-glibc2.41,3.13.5,700,28,liberacao,4.112213,170224.645465
Linux,Linux-6.12.111+deb13-amd64-x86_64-with-glibc2.41,3.13.5,700,29,alocacao,138.767536,5044.407505
Linux,Linux-6.12.111+deb13-amd64-x86_64-with-glibc2.41,3.13.5,700,29,escrita,104.817242,6678.290581
Linux,Linux-6.12.111+deb13-amd64-x86_64-with-glibc2.41,3.13.5,700,29,leitura,83.665056,8366.694932
Linux,Linux-6.12.111+deb13-amd64-x86_64-with-glibc2.41,3.13.5,700,29,liberacao,3.793866,184508.361655
Linux,Linux-6.12.111+deb13-amd64-x86_64-with-glibc2.41,3.13.5,700,30,alocacao,134.762285,5194.331634
Linux,Linux-6.12.111+deb13-amd64-x86_64-with-glibc2.41,3.13.5,700,30,escrita,111.228517,6293.350113
Linux,Linux-6.12.111+deb13-amd64-x86_64-with-glibc2.41,3.13.5,700,30,leitura,86.706925,8073.172933
Linux,Linux-6.12.111+deb13-amd64-x86_64-with-glibc2.41,3.13.5,700,30,liberacao,4.136909,169208.459746
Linux,Linux-6.12.111+deb13-amd64-x86_64-with-glibc2.41,3.13.5,700,31,alocacao,140.252003,4991.016064
Linux,Linux-6.12.111+deb13-amd64-x86_64-with-glibc2.41,3.13.5,700,31,escrita,106.074999,6599.104469
Linux,Linux-6.12.111+deb13-amd64-x86_64-with-glibc2.41,3.13.5,700,31,leitura,86.495124,8092.941748
Linux,Linux-6.12.111+deb13-amd64-x86_64-with-glibc2.41,3.13.5,700,31,liberacao,3.746359,186848.083699
Linux,Linux-6.12.111+deb13-amd64-x86_64-with-glibc2.41,3.13.5,700,32,alocacao,134.759181,5194.451278
Linux,Linux-6.12.111+deb13-amd64-x86_64-with-glibc2.41,3.13.5,700,32,escrita,103.836997,6741.335172
Linux,Linux-6.12.111+deb13-amd64-x86_64-with-glibc2.41,3.13.5,700,32,leitura,85.375194,8199.102892
Linux,Linux-6.12.111+deb13-amd64-x86_64-with-glibc2.41,3.13.5,700,32,liberacao,4.027404,173809.232945
Linux,Linux-6.12.111+deb13-amd64-x86_64-with-glibc2.41,3.13.5,700,33,alocacao,136.728334,5119.641113
Linux,Linux-6.12.111+deb13-amd64-x86_64-with-glibc2.41,3.13.5,700,33,escrita,109.824066,6373.830668
Linux,Linux-6.12.111+deb13-amd64-x86_64-with-glibc2.41,3.13.5,700,33,leitura,87.614772,7989.520306
Linux,Linux-6.12.111+deb13-amd64-x86_64-with-glibc2.41,3.13.5,700,33,liberacao,4.297623,162880.73663
Linux,Linux-6.12.111+deb13-amd64-x86_64-with-glibc2.41,3.13.5,700,34,alocacao,134.515698,5203.853605
Linux,Linux-6.12.111+deb13-amd64-x86_64-with-glibc2.41,3.13.5,700,34,escrita,103.807024,6743.281649
Linux,Linux-6.12.111+deb13-amd64-x86_64-with-glibc2.41,3.13.5,700,34,leitura,84.393639,8294.463994
Linux,Linux-6.12.111+deb13-amd64-x86_64-with-glibc2.41,3.13.5,700,34,liberacao,3.665161,190987.517329
Linux,Linux-6.12.111+deb13-amd64-x86_64-with-glibc2.41,3.13.5,700,35,alocacao,134.42526,5207.35463
Linux,Linux-6.12.111+deb13-amd64-x86_64-with-glibc2.41,3.13.5,700,35,escrita,104.04683,6727.739807
Linux,Linux-6.12.111+deb13-amd64-x86_64-with-glibc2.41,3.13.5,700,35,leitura,84.201609,8313.38033
Linux,Linux-6.12.111+deb13-amd64-x86_64-with-glibc2.41,3.13.5,700,35,liberacao,3.844564,182075.262631
Linux,Linux-6.12.111+deb13-amd64-x86_64-with-glibc2.41,3.13.5,700,36,alocacao,135.731282,5157.248865
Linux,Linux-6.12.111+deb13-amd64-x86_64-with-glibc2.41,3.13.5,700,36,escrita,111.788248,6261.838901
Linux,Linux-6.12.111+deb13-amd64-x86_64-with-glibc2.41,3.13.5,700,36,leitura,86.951303,8050.483154
Linux,Linux-6.12.111+deb13-amd64-x86_64-with-glibc2.41,3.13.5,700,36,liberacao,4.092194,171057.383887
Linux,Linux-6.12.111+deb13-amd64-x86_64-with-glibc2.41,3.13.5,700,37,alocacao,134.895317,5189.209052
Linux,Linux-6.12.111+deb13-amd64-x86_64-with-glibc2.41,3.13.5,700,37,escrita,103.883754,6738.300967
Linux,Linux-6.12.111+deb13-amd64-x86_64-with-glibc2.41,3.13.5,700,37,leitura,84.222993,8311.269584
Linux,Linux-6.12.111+deb13-amd64-x86_64-with-glibc2.41,3.13.5,700,37,liberacao,4.104514,170543.942596
Linux,Linux-6.12.111+deb13-amd64-x86_64-with-glibc2.41,3.13.5,700,38,alocacao,134.093382,5220.242711
Linux,Linux-6.12.111+deb13-amd64-x86_64-with-glibc2.41,3.13.5,700,38,escrita,104.234057,6715.655326
Linux,Linux-6.12.111+deb13-amd64-x86_64-with-glibc2.41,3.13.5,700,38,leitura,83.155143,8418.000075
Linux,Linux-6.12.111+deb13-amd64-x86_64-with-glibc2.41,3.13.5,700,38,liberacao,3.792995,184550.731019
Linux,Linux-6.12.111+deb13-amd64-x86_64-with-glibc2.41,3.13.5,700,39,alocacao,135.10053,5181.326824
Linux,Linux-6.12.111+deb13-amd64-x86_64-with-glibc2.41,3.13.5,700,39,escrita,110.389261,6341.196541
Linux,Linux-6.12.111+deb13-amd64-x86_64-with-glibc2.41,3.13.5,700,39,leitura,86.403113,8101.559952
Linux,Linux-6.12.111+deb13-amd64-x86_64-with-glibc2.41,3.13.5,700,39,liberacao,3.778053,185280.619409
Linux,Linux-6.12.111+deb13-amd64-x86_64-with-glibc2.41,3.13.5,700,40,alocacao,135.734852,5157.113222
Linux,Linux-6.12.111+deb13-amd64-x86_64-with-glibc2.41,3.13.5,700,40,escrita,103.921166,6735.875154
Linux,Linux-6.12.111+deb13-amd64-x86_64-with-glibc2.41,3.13.5,700,40,leitura,83.134138,8420.127
Linux,Linux-6.12.111+deb13-amd64-x86_64-with-glibc2.41,3.13.5,700,40,liberacao,3.881488,180343.208584
Linux,Linux-6.12.111+deb13-amd64-x86_64-with-glibc2.41,3.13.5,700,41,alocacao,135.988336,5147.500297
Linux,Linux-6.12.111+deb13-amd64-x86_64-with-glibc2.41,3.13.5,700,41,escrita,103.34477,6773.443881
Linux,Linux-6.12.111+deb13-amd64-x86_64-with-glibc2.41,3.13.5,700,41,leitura,83.081881,8425.423108
Linux,Linux-6.12.111+deb13-amd64-x86_64-with-glibc2.41,3.13.5,700,41,liberacao,3.803428,184044.498805
Linux,Linux-6.12.111+deb13-amd64-x86_64-with-glibc2.41,3.13.5,700,42,alocacao,135.127737,5180.283601
Linux,Linux-6.12.111+deb13-amd64-x86_64-with-glibc2.41,3.13.5,700,42,escrita,112.272481,6234.83149
Linux,Linux-6.12.111+deb13-amd64-x86_64-with-glibc2.41,3.13.5,700,42,leitura,85.977117,8141.701239
Linux,Linux-6.12.111+deb13-amd64-x86_64-with-glibc2.41,3.13.5,700,42,liberacao,3.907873,179125.575473
Linux,Linux-6.12.111+deb13-amd64-x86_64-with-glibc2.41,3.13.5,700,43,alocacao,136.096936,5143.392795
Linux,Linux-6.12.111+deb13-amd64-x86_64-with-glibc2.41,3.13.5,700,43,escrita,104.58698,6692.993717
Linux,Linux-6.12.111+deb13-amd64-x86_64-with-glibc2.41,3.13.5,700,43,leitura,86.072904,8132.640674
Linux,Linux-6.12.111+deb13-amd64-x86_64-with-glibc2.41,3.13.5,700,43,liberacao,4.168817,167913.343282
Linux,Linux-6.12.111+deb13-amd64-x86_64-with-glibc2.41,3.13.5,700,44,alocacao,134.733761,5195.431307
Linux,Linux-6.12.111+deb13-amd64-x86_64-with-glibc2.41,3.13.5,700,44,escrita,103.902393,6737.092186
Linux,Linux-6.12.111+deb13-amd64-x86_64-with-glibc2.41,3.13.5,700,44,leitura,83.596804,8373.525859
Linux,Linux-6.12.111+deb13-amd64-x86_64-with-glibc2.41,3.13.5,700,44,liberacao,3.60512,194168.293982
Linux,Linux-6.12.111+deb13-amd64-x86_64-with-glibc2.41,3.13.5,700,45,alocacao,134.813729,5192.349512
Linux,Linux-6.12.111+deb13-amd64-x86_64-with-glibc2.41,3.13.5,700,45,escrita,110.375985,6341.959259
Linux,Linux-6.12.111+deb13-amd64-x86_64-with-glibc2.41,3.13.5,700,45,leitura,87.377774,8011.19058
Linux,Linux-6.12.111+deb13-amd64-x86_64-with-glibc2.41,3.13.5,700,45,liberacao,3.878863,180465.254896
Linux,Linux-6.12.111+deb13-amd64-x86_64-with-glibc2.41,3.13.5,700,46,alocacao,136.679784,5121.459659
Linux,Linux-6.12.111+deb13-amd64-x86_64-with-glibc2.41,3.13.5,700,46,escrita,106.079748,6598.809039
Linux,Linux-6.12.111+deb13-amd64-x86_64-with-glibc2.41,3.13.5,700,46,leitura,88.195592,7936.904602
Linux,Linux-6.12.111+deb13-amd64-x86_64-with-glibc2.41,3.13.5,700,46,liberacao,4.136102,169241.474219
Linux,Linux-6.12.111+deb13-amd64-x86_64-with-glibc2.41,3.13.5,700,47,alocacao,138.117834,5068.136241
Linux,Linux-6.12.111+deb13-amd64-x86_64-with-glibc2.41,3.13.5,700,47,escrita,103.806086,6743.342582
Linux,Linux-6.12.111+deb13-amd64-x86_64-with-glibc2.41,3.13.5,700,47,leitura,83.144316,8419.096261
Linux,Linux-6.12.111+deb13-amd64-x86_64-with-glibc2.41,3.13.5,700,47,liberacao,3.632244,192718.330597
Linux,Linux-6.12.111+deb13-amd64-x86_64-with-glibc2.41,3.13.5,700,48,alocacao,134.781444,5193.593266
Linux,Linux-6.12.111+deb13-amd64-x86_64-with-glibc2.41,3.13.5,700,48,escrita,113.926163,6144.330517
Linux,Linux-6.12.111+deb13-amd64-x86_64-with-glibc2.41,3.13.5,700,48,leitura,86.163262,8124.112107
Linux,Linux-6.12.111+deb13-amd64-x86_64-with-glibc2.41,3.13.5,700,48,liberacao,3.841146,182237.280228
Linux,Linux-6.12.111+deb13-amd64-x86_64-with-glibc2.41,3.13.5,700,49,alocacao,136.601153,5124.407698
Linux,Linux-6.12.111+deb13-amd64-x86_64-with-glibc2.41,3.13.5,700,49,escrita,104.404975,6704.661344
Linux,Linux-6.12.111+deb13-amd64-x86_64-with-glibc2.41,3.13.5,700,49,leitura,84.869091,8247.996906
Linux,Linux-6.12.111+deb13-amd64-x86_64-with-glibc2.41,3.13.5,700,49,liberacao,4.058189,172490.734167
Linux,Linux-6.12.111+deb13-amd64-x86_64-with-glibc2.41,3.13.5,700,50,alocacao,136.421924,5131.140065
Linux,Linux-6.12.111+deb13-amd64-x86_64-with-glibc2.41,3.13.5,700,50,escrita,104.093852,6724.700706
Linux,Linux-6.12.111+deb13-amd64-x86_64-with-glibc2.41,3.13.5,700,50,leitura,83.751446,8358.064648
Linux,Linux-6.12.111+deb13-amd64-x86_64-with-glibc2.41,3.13.5,700,50,liberacao,3.810802,183688.36796
Linux,Linux-6.12.111+deb13-amd64-x86_64-with-glibc2.41,3.13.5,700,51,alocacao,137.021016,5108.705368
Linux,Linux-6.12.111+deb13-amd64-x86_64-with-glibc2.41,3.13.5,700,51,escrita,109.782029,6376.271293
Linux,Linux-6.12.111+deb13-amd64-x86_64-with-glibc2.41,3.13.5,700,51,leitura,87.62914,7988.210315
Linux,Linux-6.12.111+deb13-amd64-x86_64-with-glibc2.41,3.13.5,700,51,liberacao,3.939237,177699.386963
Linux,Linux-6.12.111+deb13-amd64-x86_64-with-glibc2.41,3.13.5,700,52,alocacao,134.933211,5187.751739
Linux,Linux-6.12.111+deb13-amd64-x86_64-with-glibc2.41,3.13.5,700,52,escrita,103.753881,6746.735575
Linux,Linux-6.12.111+deb13-amd64-x86_64-with-glibc2.41,3.13.5,700,52,leitura,84.375356,8296.261292
Linux,Linux-6.12.111+deb13-amd64-x86_64-with-glibc2.41,3.13.5,700,52,liberacao,4.031595,173628.551479
Linux,Linux-6.12.111+deb13-amd64-x86_64-with-glibc2.41,3.13.5,700,53,alocacao,134.779517,5193.667521
Linux,Linux-6.12.111+deb13-amd64-x86_64-with-glibc2.41,3.13.5,700,53,escrita,103.533824,6761.075492
Linux,Linux-6.12.111+deb13-amd64-x86_64-with-glibc2.41,3.13.5,700,53,leitura,82.929579,8440.896583
Linux,Linux-6.12.111+deb13-amd64-x86_64-with-glibc2.41,3.13.5,700,53,liberacao,3.871231,180821.035996
Linux,Linux-6.12.111+deb13-amd64-x86_64-with-glibc2.41,3.13.5,700,54,alocacao,136.417513,5131.305978
Linux,Linux-6.12.111+deb13-amd64-x86_64-with-glibc2.41,3.13.5,700,54,escrita,109.968185,6365.477433
Linux,Linux-6.12.111+deb13-amd64-x86_64-with-glibc2.41,3.13.5,700,54,leitura,86.272431,8113.831868
Linux,Linux-6.12.111+deb13-amd64-x86_64-with-glibc2.41,3.13.5,700,54,liberacao,4.138743,169133.47845
Linux,Linux-6.12.111+deb13-amd64-x86_64-with-glibc2.41,3.13.5,700,55,alocacao,135.420578,5169.081467
Linux,Linux-6.12.111+deb13-amd64-x86_64-with-glibc2.41,3.13.5,700,55,escrita,104.20579,6717.477023
Linux,Linux-6.12.111+deb13-amd64-x86_64-with-glibc2.41,3.13.5,700,55,leitura,82.932666,8440.582388
Linux,Linux-6.12.111+deb13-amd64-x86_64-with-glibc2.41,3.13.5,700,55,liberacao,3.783738,185002.238527
Linux,Linux-6.12.111+deb13-amd64-x86_64-with-glibc2.41,3.13.5,700,56,alocacao,135.626166,5161.24595
Linux,Linux-6.12.111+deb13-amd64-x86_64-with-glibc2.41,3.13.5,700,56,escrita,103.661511,6752.747411
Linux,Linux-6.12.111+deb13-amd64-x86_64-with-glibc2.41,3.13.5,700,56,leitura,82.352253,8500.07103
Linux,Linux-6.12.111+deb13-amd64-x86_64-with-glibc2.41,3.13.5,700,56,liberacao,3.753847,186475.367803
Linux,Linux-6.12.111+deb13-amd64-x86_64-with-glibc2.41,3.13.5,700,57,alocacao,135.702994,5158.32392
Linux,Linux-6.12.111+deb13-amd64-x86_64-with-glibc2.41,3.13.5,700,57,escrita,108.715085,6438.84885
Linux,Linux-6.12.111+deb13-amd64-x86_64-with-glibc2.41,3.13.5,700,57,leitura,85.384573,8198.202268
Linux,Linux-6.12.111+deb13-amd64-x86_64-with-glibc2.41,3.13.5,700,57,liberacao,3.944863,177445.959467
Linux,Linux-6.12.111+deb13-amd64-x86_64-with-glibc2.41,3.13.5,700,58,alocacao,135.299635,5173.702058
Linux,Linux-6.12.111+deb13-amd64-x86_64-with-glibc2.41,3.13.5,700,58,escrita,107.357055,6520.298084
Linux,Linux-6.12.111+deb13-amd64-x86_64-with-glibc2.41,3.13.5,700,58,leitura,83.979591,8335.358528
Linux,Linux-6.12.111+deb13-amd64-x86_64-with-glibc2.41,3.13.5,700,58,liberacao,3.750062,186663.580495
Linux,Linux-6.12.111+deb13-amd64-x86_64-with-glibc2.41,3.13.5,700,59,alocacao,136.699045,5120.738042
Linux,Linux-6.12.111+deb13-amd64-x86_64-with-glibc2.41,3.13.5,700,59,escrita,104.056142,6727.137741
Linux,Linux-6.12.111+deb13-amd64-x86_64-with-glibc2.41,3.13.5,700,59,leitura,83.206241,8412.830475
Linux,Linux-6.12.111+deb13-amd64-x86_64-with-glibc2.41,3.13.5,700,59,liberacao,3.769219,185714.865599
Linux,Linux-6.12.111+deb13-amd64-x86_64-with-glibc2.41,3.13.5,700,60,alocacao,136.354317,5133.68418
Linux,Linux-6.12.111+deb13-amd64-x86_64-with-glibc2.41,3.13.5,700,60,escrita,113.83411,6149.299186
Linux,Linux-6.12.111+deb13-amd64-x86_64-with-glibc2.41,3.13.5,700,60,leitura,83.82081,8351.148122
Linux,Linux-6.12.111+deb13-amd64-x86_64-with-glibc2.41,3.13.5,700,60,liberacao,4.018361,174200.376721
Linux,Linux-6.12.111+deb13-amd64-x86_64-with-glibc2.41,3.13.5,700,61,alocacao,134.837004,5191.45323
Linux,Linux-6.12.111+deb13-amd64-x86_64-with-glibc2.41,3.13.5,700,61,escrita,104.542151,6695.863757
Linux,Linux-6.12.111+deb13-amd64-x86_64-with-glibc2.41,3.13.5,700,61,leitura,82.653878,8469.052112
Linux,Linux-6.12.111+deb13-amd64-x86_64-with-glibc2.41,3.13.5,700,61,liberacao,3.640543,192279.008928
Linux,Linux-6.12.111+deb13-amd64-x86_64-with-glibc2.41,3.13.5,700,62,alocacao,139.64126,5012.845057
Linux,Linux-6.12.111+deb13-amd64-x86_64-with-glibc2.41,3.13.5,700,62,escrita,106.196567,6591.550177
Linux,Linux-6.12.111+deb13-amd64-x86_64-with-glibc2.41,3.13.5,700,62,leitura,82.115295,8524.599467
Linux,Linux-6.12.111+deb13-amd64-x86_64-with-glibc2.41,3.13.5,700,62,liberacao,3.710891,188633.94263
Linux,Linux-6.12.111+deb13-amd64-x86_64-with-glibc2.41,3.13.5,700,63,alocacao,137.366195,5095.868019
Linux,Linux-6.12.111+deb13-amd64-x86_64-with-glibc2.41,3.13.5,700,63,escrita,110.355809,6343.118739
Linux,Linux-6.12.111+deb13-amd64-x86_64-with-glibc2.41,3.13.5,700,63,leitura,85.187242,8217.192898
Linux,Linux-6.12.111+deb13-amd64-x86_64-with-glibc2.41,3.13.5,700,63,liberacao,3.824856,183013.425865
Linux,Linux-6.12.111+deb13-amd64-x86_64-with-glibc2.41,3.13.5,700,64,alocacao,136.066625,5144.538567
Linux,Linux-6.12.111+deb13-amd64-x86_64-with-glibc2.41,3.13.5,700,64,escrita,104.347753,6708.338032
Linux,Linux-6.12.111+deb13-amd64-x86_64-with-glibc2.41,3.13.5,700,64,leitura,81.882327,8548.853283
Linux,Linux-6.12.111+deb13-amd64-x86_64-with-glibc2.41,3.13.5,700,64,liberacao,3.700026,189187.859761
Linux,Linux-6.12.111+deb13-amd64-x86_64-with-glibc2.41,3.13.5,700,65,alocacao,136.636444,5123.084146
Linux,Linux-6.12.111+deb13-amd64-x86_64-with-glibc2.41,3.13.5,700,65,escrita,103.582573,6757.893531
Linux,Linux-6.12.111+deb13-amd64-x86_64-with-glibc2.41,3.13.5,700,65,leitura,81.841671,8553.100046
Linux,Linux-6.12.111+deb13-amd64-x86_64-with-glibc2.41,3.13.5,700,65,liberacao,3.790047,184694.279517
Linux,Linux-6.12.111+deb13-amd64-x86_64-with-glibc2.41,3.13.5,700,66,alocacao,136.233906,5138.221611
Linux,Linux-6.12.111+deb13-amd64-x86_64-with-glibc2.41,3.13.5,700,66,escrita,112.630458,6215.015125
Linux,Linux-6.12.111+deb13-amd64-x86_64-with-glibc2.41,3.13.5,700,66,leitura,84.952304,8239.917778
Linux,Linux-6.12.111+deb13-amd64-x86_64-with-glibc2.41,3.13.5,700,66,liberacao,3.90509,179253.231039
Linux,Linux-6.12.111+deb13-amd64-x86_64-with-glibc2.41,3.13.5,700,67,alocacao,135.240312,5175.971496
Linux,Linux-6.12.111+deb13-amd64-x86_64-with-glibc2.41,3.13.5,700,67,escrita,104.180911,6719.081195
Linux,Linux-6.12.111+deb13-amd64-x86_64-with-glibc2.41,3.13.5,700,67,leitura,82.673419,8467.050335
Linux,Linux-6.12.111+deb13-amd64-x86_64-with-glibc2.41,3.13.5,700,67,liberacao,3.611746,193812.078701
Linux,Linux-6.12.111+deb13-amd64-x86_64-with-glibc2.41,3.13.5,700,68,alocacao,134.722178,5195.877994
Linux,Linux-6.12.111+deb13-amd64-x86_64-with-glibc2.41,3.13.5,700,68,escrita,103.042471,6793.315351
Linux,Linux-6.12.111+deb13-amd64-x86_64-with-glibc2.41,3.13.5,700,68,leitura,82.213679,8514.398194
Linux,Linux-6.12.111+deb13-amd64-x86_64-with-glibc2.41,3.13.5,700,68,liberacao,3.705458,188910.520643
Linux,Linux-6.12.111+deb13-amd64-x86_64-with-glibc2.41,3.13.5,700,69,alocacao,135.1198,5180.587893
Linux,Linux-6.12.111+deb13-amd64-x86_64-with-glibc2.41,3.13.5,700,69,escrita,109.266335,6406.364778
Linux,Linux-6.12.111+deb13-amd64-x86_64-with-glibc2.41,3.13.5,700,69,leitura,85.126843,8223.023142
Linux,Linux-6.12.111+deb13-amd64-x86_64-with-glibc2.41,3.13.5,700,69,liberacao,3.814982,183487.104264
Linux,Linux-6.12.111+deb13-amd64-x86_64-with-glibc2.41,3.13.5,700,70,alocacao,136.239534,5138.009353
Linux,Linux-6.12.111+deb13-amd64-x86_64-with-glibc2.41,3.13.5,700,70,escrita,103.483047,6764.393012
Linux,Linux-6.12.111+deb13-amd64-x86_64-with-glibc2.41,3.13.5,700,70,leitura,81.957867,8540.973864
Linux,Linux-6.12.111+deb13-amd64-x86_64-with-glibc2.41,3.13.5,700,70,liberacao,3.426034,204317.878924
Linux,Linux-6.12.111+deb13-amd64-x86_64-with-glibc2.41,3.13.5,700,71,alocacao,135.080105,5182.110274
Linux,Linux-6.12.111+deb13-amd64-x86_64-with-glibc2.41,3.13.5,700,71,escrita,103.879405,6738.583071
Linux,Linux-6.12.111+deb13-amd64-x86_64-with-glibc2.41,3.13.5,700,71,leitura,82.013294,8535.201622
Linux,Linux-6.12.111+deb13-amd64-x86_64-with-glibc2.41,3.13.5,700,71,liberacao,3.720353,188154.188594
Linux,Linux-6.12.111+deb13-amd64-x86_64-with-glibc2.41,3.13.5,700,72,alocacao,136.417644,5131.301051
Linux,Linux-6.12.111+deb13-amd64-x86_64-with-glibc2.41,3.13.5,700,72,escrita,111.696486,6266.983189
Linux,Linux-6.12.111+deb13-amd64-x86_64-with-glibc2.41,3.13.5,700,72,leitura,84.281621,8305.488097
Linux,Linux-6.12.111+deb13-amd64-x86_64-with-glibc2.41,3.13.5,700,72,liberacao,3.765673,185889.746667
Linux,Linux-6.12.111+deb13-amd64-x86_64-with-glibc2.41,3.13.5,700,73,alocacao,135.821595,5153.819612
Linux,Linux-6.12.111+deb13-amd64-x86_64-with-glibc2.41,3.13.5,700,73,escrita,104.004644,6730.468689
Linux,Linux-6.12.111+deb13-amd64-x86_64-with-glibc2.41,3.13.5,700,73,leitura,81.455173,8593.683792
Linux,Linux-6.12.111+deb13-amd64-x86_64-with-glibc2.41,3.13.5,700,73,liberacao,3.528788,198368.39164
Linux,Linux-6.12.111+deb13-amd64-x86_64-with-glibc2.41,3.13.5,700,74,alocacao,135.398972,5169.906312
Linux,Linux-6.12.111+deb13-amd64-x86_64-with-glibc2.41,3.13.5,700,74,escrita,105.564277,6631.031064
Linux,Linux-6.12.111+deb13-amd64-x86_64-with-glibc2.41,3.13.5,700,74,leitura,82.120102,8524.100469
Linux,Linux-6.12.111+deb13-amd64-x86_64-with-glibc2.41,3.13.5,700,74,liberacao,3.739527,187189.449361
Linux,Linux-6.12.111+deb13-amd64-x86_64-with-glibc2.41,3.13.5,700,75,alocacao,136.888105,5113.665647
Linux,Linux-6.12.111+deb13-amd64-x86_64-with-glibc2.41,3.13.5,700,75,escrita,113.912849,6145.048659
Linux,Linux-6.12.111+deb13-amd64-x86_64-with-glibc2.41,3.13.5,700,75,leitura,88.231165,7933.704604
Linux,Linux-6.12.111+deb13-amd64-x86_64-with-glibc2.41,3.13.5,700,75,liberacao,3.874736,180657.469309
Linux,Linux-6.12.111+deb13-amd64-x86_64-with-glibc2.41,3.13.5,700,76,alocacao,136.005654,5146.844851
Linux,Linux-6.12.111+deb13-amd64-x86_64-with-glibc2.41,3.13.5,700,76,escrita,103.801246,6743.657008
Linux,Linux-6.12.111+deb13-amd64-x86_64-with-glibc2.41,3.13.5,700,76,leitura,82.532452,8481.512218
Linux,Linux-6.12.111+deb13-amd64-x86_64-with-glibc2.41,3.13.5,700,76,liberacao,3.616194,193573.685483
Linux,Linux-6.12.111+deb13-amd64-x86_64-with-glibc2.41,3.13.5,700,77,alocacao,139.048912,5034.199764
Linux,Linux-6.12.111+deb13-amd64-x86_64-with-glibc2.41,3.13.5,700,77,escrita,107.207865,6529.371702
Linux,Linux-6.12.111+deb13-amd64-x86_64-with-glibc2.41,3.13.5,700,77,leitura,86.212675,8119.455753
Linux,Linux-6.12.111+deb13-amd64-x86_64-with-glibc2.41,3.13.5,700,77,liberacao,3.791986,184599.837658
Linux,Linux-6.12.111+deb13-amd64-x86_64-with-glibc2.41,3.13.5,700,78,alocacao,136.893796,5113.45306
Linux,Linux-6.12.111+deb13-amd64-x86_64-with-glibc2.41,3.13.5,700,78,escrita,109.793024,6375.632754
Linux,Linux-6.12.111+deb13-amd64-x86_64-with-glibc2.41,3.13.5,700,78,leitura,84.593618,8274.855912
Linux,Linux-6.12.111+deb13-amd64-x86_64-with-glibc2.41,3.13.5,700,78,liberacao,3.698542,189263.769345
Linux,Linux-6.12.111+deb13-amd64-x86_64-with-glibc2.41,3.13.5,700,79,alocacao,135.448196,5168.027487
Linux,Linux-6.12.111+deb13-amd64-x86_64-with-glibc2.41,3.13.5,700,79,escrita,103.694876,6750.574638
Linux,Linux-6.12.111+deb13-amd64-x86_64-with-glibc2.41,3.13.5,700,79,leitura,81.205125,8620.145588
Linux,Linux-6.12.111+deb13-amd64-x86_64-with-glibc2.41,3.13.5,700,79,liberacao,3.565127,196346.441515
Linux,Linux-6.12.111+deb13-amd64-x86_64-with-glibc2.41,3.13.5,700,80,alocacao,134.882743,5189.692799
Linux,Linux-6.12.111+deb13-amd64-x86_64-with-glibc2.41,3.13.5,700,80,escrita,103.7074,6749.759419
Linux,Linux-6.12.111+deb13-amd64-x86_64-with-glibc2.41,3.13.5,700,80,leitura,82.233193,8512.377721
Linux,Linux-6.12.111+deb13-amd64-x86_64-with-glibc2.41,3.13.5,700,80,liberacao,3.811554,183652.12719
Linux,Linux-6.12.111+deb13-amd64-x86_64-with-glibc2.41,3.13.5,700,81,alocacao,135.881552,5151.545517
Linux,Linux-6.12.111+deb13-amd64-x86_64-with-glibc2.41,3.13.5,700,81,escrita,109.768991,6377.028646
Linux,Linux-6.12.111+deb13-amd64-x86_64-with-glibc2.41,3.13.5,700,81,leitura,85.114014,8224.262576
Linux,Linux-6.12.111+deb13-amd64-x86_64-with-glibc2.41,3.13.5,700,81,liberacao,3.875793,180608.200696
Linux,Linux-6.12.111+deb13-amd64-x86_64-with-glibc2.41,3.13.5,700,82,alocacao,136.559021,5125.988711
Linux,Linux-6.12.111+deb13-amd64-x86_64-with-glibc2.41,3.13.5,700,82,escrita,103.698557,6750.335012
Linux,Linux-6.12.111+deb13-amd64-x86_64-with-glibc2.41,3.13.5,700,82,leitura,81.65921,8572.211267
Linux,Linux-6.12.111+deb13-amd64-x86_64-with-glibc2.41,3.13.5,700,82,liberacao,3.603353,194263.50957
Linux,Linux-6.12.111+deb13-amd64-x86_64-with-glibc2.41,3.13.5,700,83,alocacao,140.691345,4975.430436
Linux,Linux-6.12.111+deb13-amd64-x86_64-with-glibc2.41,3.13.5,700,83,escrita,105.123693,6658.822384
Linux,Linux-6.12.111+deb13-amd64-x86_64-with-glibc2.41,3.13.5,700,83,leitura,81.96778,8539.940938
Linux,Linux-6.12.111+deb13-amd64-x86_64-with-glibc2.41,3.13.5,700,83,liberacao,3.767605,185794.423779
Linux,Linux-6.12.111+deb13-amd64-x86_64-with-glibc2.41,3.13.5,700,84,alocacao,135.331175,5172.496286
Linux,Linux-6.12.111+deb13-amd64-x86_64-with-glibc2.41,3.13.5,700,84,escrita,109.400048,6398.53467
Linux,Linux-6.12.111+deb13-amd64-x86_64-with-glibc2.41,3.13.5,700,84,leitura,84.894306,8245.547116
Linux,Linux-6.12.111+deb13-amd64-x86_64-with-glibc2.41,3.13.5,700,84,liberacao,3.879875,180418.183576
Linux,Linux-6.12.111+deb13-amd64-x86_64-with-glibc2.41,3.13.5,700,85,alocacao,135.860741,5152.334625
Linux,Linux-6.12.111+deb13-amd64-x86_64-with-glibc2.41,3.13.5,700,85,escrita,104.29358,6711.82253
Linux,Linux-6.12.111+deb13-amd64-x86_64-with-glibc2.41,3.13.5,700,85,leitura,81.596287,8578.82173
Linux,Linux-6.12.111+deb13-amd64-x86_64-with-glibc2.41,3.13.5,700,85,liberacao,3.462385,202172.779746
Linux,Linux-6.12.111+deb13-amd64-x86_64-with-glibc2.41,3.13.5,700,86,alocacao,133.921612,5226.938278
Linux,Linux-6.12.111+deb13-amd64-x86_64-with-glibc2.41,3.13.5,700,86,escrita,103.33472,6774.102644
Linux,Linux-6.12.111+deb13-amd64-x86_64-with-glibc2.41,3.13.5,700,86,leitura,81.779993,8559.550745
Linux,Linux-6.12.111+deb13-amd64-x86_64-with-glibc2.41,3.13.5,700,86,liberacao,3.638884,192366.670661
Linux,Linux-6.12.111+deb13-amd64-x86_64-with-glibc2.41,3.13.5,700,87,alocacao,134.261962,5213.688148
Linux,Linux-6.12.111+deb13-amd64-x86_64-with-glibc2.41,3.13.5,700,87,escrita,109.301192,6404.321739
Linux,Linux-6.12.111+deb13-amd64-x86_64-with-glibc2.41,3.13.5,700,87,leitura,85.321542,8204.258662
Linux,Linux-6.12.111+deb13-amd64-x86_64-with-glibc2.41,3.13.5,700,87,liberacao,3.854963,181584.103401
Linux,Linux-6.12.111+deb13-amd64-x86_64-with-glibc2.41,3.13.5,700,88,alocacao,136.179651,5140.268718
Linux,Linux-6.12.111+deb13-amd64-x86_64-with-glibc2.41,3.13.5,700,88,escrita,104.154317,6720.796796
Linux,Linux-6.12.111+deb13-amd64-x86_64-with-glibc2.41,3.13.5,700,88,leitura,82.138765,8522.163682
Linux,Linux-6.12.111+deb13-amd64-x86_64-with-glibc2.41,3.13.5,700,88,liberacao,3.531168,198234.691751
Linux,Linux-6.12.111+deb13-amd64-x86_64-with-glibc2.41,3.13.5,700,89,alocacao,135.967544,5148.287447
Linux,Linux-6.12.111+deb13-amd64-x86_64-with-glibc2.41,3.13.5,700,89,escrita,108.873879,6429.457703
Linux,Linux-6.12.111+deb13-amd64-x86_64-with-glibc2.41,3.13.5,700,89,leitura,83.111198,8422.451088
Linux,Linux-6.12.111+deb13-amd64-x86_64-with-glibc2.41,3.13.5,700,89,liberacao,4.07282,171871.086864
Linux,Linux-6.12.111+deb13-amd64-x86_64-with-glibc2.41,3.13.5,700,90,alocacao,134.746314,5194.947299
Linux,Linux-6.12.111+deb13-amd64-x86_64-with-glibc2.41,3.13.5,700,90,escrita,110.444137,6338.045812
Linux,Linux-6.12.111+deb13-amd64-x86_64-with-glibc2.41,3.13.5,700,90,leitura,85.383296,8198.324881
Linux,Linux-6.12.111+deb13-amd64-x86_64-with-glibc2.41,3.13.5,700,90,liberacao,3.916831,178715.905792
Linux,Linux-6.12.111+deb13-amd64-x86_64-with-glibc2.41,3.13.5,700,91,alocacao,135.973899,5148.046832
Linux,Linux-6.12.111+deb13-amd64-x86_64-with-glibc2.41,3.13.5,700,91,escrita,104.836566,6677.059605
Linux,Linux-6.12.111+deb13-amd64-x86_64-with-glibc2.41,3.13.5,700,91,leitura,82.417405,8493.351617
Linux,Linux-6.12.111+deb13-amd64-x86_64-with-glibc2.41,3.13.5,700,91,liberacao,3.662351,191134.055693
Linux,Linux-6.12.111+deb13-amd64-x86_64-with-glibc2.41,3.13.5,700,92,alocacao,134.804341,5192.711116
Linux,Linux-6.12.111+deb13-amd64-x86_64-with-glibc2.41,3.13.5,700,92,escrita,105.213669,6653.127932
Linux,Linux-6.12.111+deb13-amd64-x86_64-with-glibc2.41,3.13.5,700,92,leitura,84.79458,8255.244616
Linux,Linux-6.12.111+deb13-amd64-x86_64-with-glibc2.41,3.13.5,700,92,liberacao,3.82212,183144.432933
Linux,Linux-6.12.111+deb13-amd64-x86_64-with-glibc2.41,3.13.5,700,93,alocacao,139.402109,5021.444833
Linux,Linux-6.12.111+deb13-amd64-x86_64-with-glibc2.41,3.13.5,700,93,escrita,112.126151,6242.968244
Linux,Linux-6.12.111+deb13-amd64-x86_64-with-glibc2.41,3.13.5,700,93,leitura,85.568114,8180.617373
Linux,Linux-6.12.111+deb13-amd64-x86_64-with-glibc2.41,3.13.5,700,93,liberacao,4.01954,174149.280763
Linux,Linux-6.12.111+deb13-amd64-x86_64-with-glibc2.41,3.13.5,700,94,alocacao,136.464261,5129.548168
Linux,Linux-6.12.111+deb13-amd64-x86_64-with-glibc2.41,3.13.5,700,94,escrita,104.128175,6722.484092
Linux,Linux-6.12.111+deb13-amd64-x86_64-with-glibc2.41,3.13.5,700,94,leitura,82.727571,8461.507954
Linux,Linux-6.12.111+deb13-amd64-x86_64-with-glibc2.41,3.13.5,700,94,liberacao,3.985482,175637.47622
Linux,Linux-6.12.111+deb13-amd64-x86_64-with-glibc2.41,3.13.5,700,95,alocacao,136.014494,5146.510342
Linux,Linux-6.12.111+deb13-amd64-x86_64-with-glibc2.41,3.13.5,700,95,escrita,104.192381,6718.341526
Linux,Linux-6.12.111+deb13-amd64-x86_64-with-glibc2.41,3.13.5,700,95,leitura,83.372733,8396.03039
Linux,Linux-6.12.111+deb13-amd64-x86_64-with-glibc2.41,3.13.5,700,95,liberacao,3.823302,183087.812577
Linux,Linux-6.12.111+deb13-amd64-x86_64-with-glibc2.41,3.13.5,700,96,alocacao,136.017369,5146.40156
Linux,Linux-6.12.111+deb13-amd64-x86_64-with-glibc2.41,3.13.5,700,96,escrita,108.615816,6444.73361
Linux,Linux-6.12.111+deb13-amd64-x86_64-with-glibc2.41,3.13.5,700,96,leitura,87.047155,8041.618362
Linux,Linux-6.12.111+deb13-amd64-x86_64-with-glibc2.41,3.13.5,700,96,liberacao,3.964468,176568.457609
Linux,Linux-6.12.111+deb13-amd64-x86_64-with-glibc2.41,3.13.5,700,97,alocacao,136.302324,5135.642441
Linux,Linux-6.12.111+deb13-amd64-x86_64-with-glibc2.41,3.13.5,700,97,escrita,104.676743,6687.254303
Linux,Linux-6.12.111+deb13-amd64-x86_64-with-glibc2.41,3.13.5,700,97,leitura,82.369909,8498.249039
Linux,Linux-6.12.111+deb13-amd64-x86_64-with-glibc2.41,3.13.5,700,97,liberacao,3.843049,182147.04002
Linux,Linux-6.12.111+deb13-amd64-x86_64-with-glibc2.41,3.13.5,700,98,alocacao,134.536884,5203.034136
Linux,Linux-6.12.111+deb13-amd64-x86_64-with-glibc2.41,3.13.5,700,98,escrita,104.236489,6715.498639
Linux,Linux-6.12.111+deb13-amd64-x86_64-with-glibc2.41,3.13.5,700,98,leitura,82.72669,8461.598065
Linux,Linux-6.12.111+deb13-amd64-x86_64-with-glibc2.41,3.13.5,700,98,liberacao,3.795112,184447.784413
Linux,Linux-6.12.111+deb13-amd64-x86_64-with-glibc2.41,3.13.5,700,99,alocacao,139.632684,5013.152938
Linux,Linux-6.12.111+deb13-amd64-x86_64-with-glibc2.41,3.13.5,700,99,escrita,110.880013,6313.130573
Linux,Linux-6.12.111+deb13-amd64-x86_64-with-glibc2.41,3.13.5,700,99,leitura,86.93417,8052.069744
Linux,Linux-6.12.111+deb13-amd64-x86_64-with-glibc2.41,3.13.5,700,99,liberacao,4.022134,174036.966446
Linux,Linux-6.12.111+deb13-amd64-x86_64-with-glibc2.41,3.13.5,700,100,alocacao,135.957221,5148.678348
Linux,Linux-6.12.111+deb13-amd64-x86_64-with-glibc2.41,3.13.5,700,100,escrita,103.877841,6738.684528
Linux,Linux-6.12.111+deb13-amd64-x86_64-with-glibc2.41,3.13.5,700,100,leitura,84.029946,8330.363559
Linux,Linux-6.12.111+deb13-amd64-x86_64-with-glibc2.41,3.13.5,700,100,liberacao,3.840933,182247.386247
Linux,Linux-6.12.111+deb13-amd64-x86_64-with-glibc2.41,3.13.5,800,1,alocacao,179.970261,4445.178862
Linux,Linux-6.12.111+deb13-amd64-x86_64-with-glibc2.41,3.13.5,800,1,escrita,118.30545,6762.156773
Linux,Linux-6.12.111+deb13-amd64-x86_64-with-glibc2.41,3.13.5,800,1,leitura,99.4228,8046.444075
Linux,Linux-6.12.111+deb13-amd64-x86_64-with-glibc2.41,3.13.5,800,1,liberacao,4.466726,179102.098495
Linux,Linux-6.12.111+deb13-amd64-x86_64-with-glibc2.41,3.13.5,800,2,alocacao,173.132021,4620.751236
Linux,Linux-6.12.111+deb13-amd64-x86_64-with-glibc2.41,3.13.5,800,2,escrita,120.996971,6611.73576
Linux,Linux-6.12.111+deb13-amd64-x86_64-with-glibc2.41,3.13.5,800,2,leitura,101.235201,7902.389605
Linux,Linux-6.12.111+deb13-amd64-x86_64-with-glibc2.41,3.13.5,800,2,liberacao,4.275361,187118.701789
Linux,Linux-6.12.111+deb13-amd64-x86_64-with-glibc2.41,3.13.5,800,3,alocacao,153.104566,5225.187079
Linux,Linux-6.12.111+deb13-amd64-x86_64-with-glibc2.41,3.13.5,800,3,escrita,117.679484,6798.126341
Linux,Linux-6.12.111+deb13-amd64-x86_64-with-glibc2.41,3.13.5,800,3,leitura,98.79079,8097.920869
Linux,Linux-6.12.111+deb13-amd64-x86_64-with-glibc2.41,3.13.5,800,3,liberacao,4.639764,172422.562872
Linux,Linux-6.12.111+deb13-amd64-x86_64-with-glibc2.41,3.13.5,800,4,alocacao,153.336734,5217.275594
Linux,Linux-6.12.111+deb13-amd64-x86_64-with-glibc2.41,3.13.5,800,4,escrita,117.514672,6807.660579
Linux,Linux-6.12.111+deb13-amd64-x86_64-with-glibc2.41,3.13.5,800,4,leitura,98.701003,8105.287441
Linux,Linux-6.12.111+deb13-amd64-x86_64-with-glibc2.41,3.13.5,800,4,liberacao,4.612561,173439.440692
Linux,Linux-6.12.111+deb13-amd64-x86_64-with-glibc2.41,3.13.5,800,5,alocacao,155.016376,5160.745082
Linux,Linux-6.12.111+deb13-amd64-x86_64-with-glibc2.41,3.13.5,800,5,escrita,117.293548,6820.494508
Linux,Linux-6.12.111+deb13-amd64-x86_64-with-glibc2.41,3.13.5,800,5,leitura,98.821984,8095.364691
Linux,Linux-6.12.111+deb13-amd64-x86_64-with-glibc2.41,3.13.5,800,5,liberacao,4.394544,182043.916274
Linux,Linux-6.12.111+deb13-amd64-x86_64-with-glibc2.41,3.13.5,800,6,alocacao,154.037921,5193.52634
Linux,Linux-6.12.111+deb13-amd64-x86_64-with-glibc2.41,3.13.5,800,6,escrita,117.097286,6831.926062
Linux,Linux-6.12.111+deb13-amd64-x86_64-with-glibc2.41,3.13.5,800,6,leitura,99.894198,8008.473125
Linux,Linux-6.12.111+deb13-amd64-x86_64-with-glibc2.41,3.13.5,800,6,liberacao,5.277481,151587.471371
Linux,Linux-6.12.111+deb13-amd64-x86_64-with-glibc2.41,3.13.5,800,7,alocacao,152.759657,5236.984788
Linux,Linux-6.12.111+deb13-amd64-x86_64-with-glibc2.41,3.13.5,800,7,escrita,126.395469,6329.340809
Linux,Linux-6.12.111+deb13-amd64-x86_64-with-glibc2.41,3.13.5,800,7,leitura,101.346944,7893.676597
Linux,Linux-6.12.111+deb13-amd64-x86_64-with-glibc2.41,3.13.5,800,7,liberacao,4.5593,175465.53199
Linux,Linux-6.12.111+deb13-amd64-x86_64-with-glibc2.41,3.13.5,800,8,alocacao,152.851664,5233.832456
Linux,Linux-6.12.111+deb13-amd64-x86_64-with-glibc2.41,3.13.5,800,8,escrita,118.460857,6753.285602
Linux,Linux-6.12.111+deb13-amd64-x86_64-with-glibc2.41,3.13.5,800,8,leitura,96.007723,8332.662988
Linux,Linux-6.12.111+deb13-amd64-x86_64-with-glibc2.41,3.13.5,800,8,liberacao,4.558228,175506.797817
Linux,Linux-6.12.111+deb13-amd64-x86_64-with-glibc2.41,3.13.5,800,9,alocacao,152.255653,5254.320508
Linux,Linux-6.12.111+deb13-amd64-x86_64-with-glibc2.41,3.13.5,800,9,escrita,117.37463,6815.782934
Linux,Linux-6.12.111+deb13-amd64-x86_64-with-glibc2.41,3.13.5,800,9,leitura,96.263918,8310.486594
Linux,Linux-6.12.111+deb13-amd64-x86_64-with-glibc2.41,3.13.5,800,9,liberacao,4.30762,185717.403114
Linux,Linux-6.12.111+deb13-amd64-x86_64-with-glibc2.41,3.13.5,800,10,alocacao,164.259371,4870.34618
Linux,Linux-6.12.111+deb13-amd64-x86_64-with-glibc2.41,3.13.5,800,10,escrita,121.59895,6579.004177
Linux,Linux-6.12.111+deb13-amd64-x86_64-with-glibc2.41,3.13.5,800,10,leitura,97.840282,8176.591314
Linux,Linux-6.12.111+deb13-amd64-x86_64-with-glibc2.41,3.13.5,800,10,liberacao,4.099726,195134.991948
Linux,Linux-6.12.111+deb13-amd64-x86_64-with-glibc2.41,3.13.5,800,11,alocacao,154.068653,5192.490389
Linux,Linux-6.12.111+deb13-amd64-x86_64-with-glibc2.41,3.13.5,800,11,escrita,118.346897,6759.788556
Linux,Linux-6.12.111+deb13-amd64-x86_64-with-glibc2.41,3.13.5,800,11,leitura,98.384367,8131.373148
Linux,Linux-6.12.111+deb13-amd64-x86_64-with-glibc2.41,3.13.5,800,11,liberacao,4.392639,182122.865093
Linux,Linux-6.12.111+deb13-amd64-x86_64-with-glibc2.41,3.13.5,800,12,alocacao,152.566064,5243.630064
Linux,Linux-6.12.111+deb13-amd64-x86_64-with-glibc2.41,3.13.5,800,12,escrita,118.133916,6771.975628
Linux,Linux-6.12.111+deb13-amd64-x86_64-with-glibc2.41,3.13.5,800,12,leitura,96.855622,8259.716715
Linux,Linux-6.12.111+deb13-amd64-x86_64-with-glibc2.41,3.13.5,800,12,liberacao,4.246574,188387.156329
Linux,Linux-6.12.111+deb13-amd64-x86_64-with-glibc2.41,3.13.5,800,13,alocacao,160.069654,4997.82426
Linux,Linux-6.12.111+deb13-amd64-x86_64-with-glibc2.41,3.13.5,800,13,escrita,121.363593,6591.762655
Linux,Linux-6.12.111+deb13-amd64-x86_64-with-glibc2.41,3.13.5,800,13,leitura,101.140795,7909.765787
Linux,Linux-6.12.111+deb13-amd64-x86_64-with-glibc2.41,3.13.5,800,13,liberacao,4.402097,181731.570204
Linux,Linux-6.12.111+deb13-amd64-x86_64-with-glibc2.41,3.13.5,800,14,alocacao,155.624478,5140.579492
Linux,Linux-6.12.111+deb13-amd64-x86_64-with-glibc2.41,3.13.5,800,14,escrita,119.974122,6668.104643
Linux,Linux-6.12.111+deb13-amd64-x86_64-with-glibc2.41,3.13.5,800,14,leitura,101.596615,7874.278095
Linux,Linux-6.12.111+deb13-amd64-x86_64-with-glibc2.41,3.13.5,800,14,liberacao,4.456551,179511.016479
Linux,Linux-6.12.111+deb13-amd64-x86_64-with-glibc2.41,3.13.5,800,15,alocacao,159.655925,5010.775516
Linux,Linux-6.12.111+deb13-amd64-x86_64-with-glibc2.41,3.13.5,800,15,escrita,126.24157,6337.056803
Linux,Linux-6.12.111+deb13-amd64-x86_64-with-glibc2.41,3.13.5,800,15,leitura,100.994327,7921.237002
Linux,Linux-6.12.111+deb13-amd64-x86_64-with-glibc2.41,3.13.5,800,15,liberacao,4.326624,184901.669292
Linux,Linux-6.12.111+deb13-amd64-x86_64-with-glibc2.41,3.13.5,800,16,alocacao,153.077853,5226.098905
Linux,Linux-6.12.111+deb13-amd64-x86_64-with-glibc2.41,3.13.5,800,16,escrita,120.798602,6622.593199
Linux,Linux-6.12.111+deb13-amd64-x86_64-with-glibc2.41,3.13.5,800,16,leitura,106.600953,7504.62334
Linux,Linux-6.12.111+deb13-amd64-x86_64-with-glibc2.41,3.13.5,800,16,liberacao,4.783191,167252.363537
Linux,Linux-6.12.111+deb13-amd64-x86_64-with-glibc2.41,3.13.5,800,17,alocacao,154.960017,5162.622046
Linux,Linux-6.12.111+deb13-amd64-x86_64-with-glibc2.41,3.13.5,800,17,escrita,123.292281,6488.646276
Linux,Linux-6.12.111+deb13-amd64-x86_64-with-glibc2.41,3.13.5,800,17,leitura,100.002842,7999.772646
Linux,Linux-6.12.111+deb13-amd64-x86_64-with-glibc2.41,3.13.5,800,17,liberacao,6.187779,129287.09962
Linux,Linux-6.12.111+deb13-amd64-x86_64-with-glibc2.41,3.13.5,800,18,alocacao,156.028507,5127.268186
Linux,Linux-6.12.111+deb13-amd64-x86_64-with-glibc2.41,3.13.5,800,18,escrita,120.295432,6650.294086
Linux,Linux-6.12.111+deb13-amd64-x86_64-with-glibc2.41,3.13.5,800,18,leitura,97.253554,8225.920464
Linux,Linux-6.12.111+deb13-amd64-x86_64-with-glibc2.41,3.13.5,800,18,liberacao,4.186949,191069.917498
Linux,Linux-6.12.111+deb13-amd64-x86_64-with-glibc2.41,3.13.5,800,19,alocacao,154.161632,5189.35866
Linux,Linux-6.12.111+deb13-amd64-x86_64-with-glibc2.41,3.13.5,800,19,escrita,118.851728,6731.075883
Linux,Linux-6.12.111+deb13-amd64-x86_64-with-glibc2.41,3.13.5,800,19,leitura,97.960038,8166.595444
Linux,Linux-6.12.111+deb13-amd64-x86_64-with-glibc2.41,3.13.5,800,19,liberacao,4.342911,184208.241891
Linux,Linux-6.12.111+deb13-amd64-x86_64-with-glibc2.41,3.13.5,800,20,alocacao,153.570987,5209.317304
Linux,Linux-6.12.111+deb13-amd64-x86_64-with-glibc2.41,3.13.5,800,20,escrita,123.792804,6462.411175
Linux,Linux-6.12.111+deb13-amd64-x86_64-with-glibc2.41,3.13.5,800,20,leitura,101.651425,7870.032319
Linux,Linux-6.12.111+deb13-amd64-x86_64-with-glibc2.41,3.13.5,800,20,liberacao,4.52456,176812.772955
Linux,Linux-6.12.111+deb13-amd64-x86_64-with-glibc2.41,3.13.5,800,21,alocacao,154.801775,5167.899399
Linux,Linux-6.12.111+deb13-amd64-x86_64-with-glibc2.41,3.13.5,800,21,escrita,118.875454,6729.732448
Linux,Linux-6.12.111+deb13-amd64-x86_64-with-glibc2.41,3.13.5,800,21,leitura,97.398446,8213.683409
Linux,Linux-6.12.111+deb13-amd64-x86_64-with-glibc2.41,3.13.5,800,21,liberacao,4.296943,186178.871817
Linux,Linux-6.12.111+deb13-amd64-x86_64-with-glibc2.41,3.13.5,800,22,alocacao,152.876373,5232.986526
Linux,Linux-6.12.111+deb13-amd64-x86_64-with-glibc2.41,3.13.5,800,22,escrita,119.131028,6715.295028
Linux,Linux-6.12.111+deb13-amd64-x86_64-with-glibc2.41,3.13.5,800,22,leitura,96.884729,8257.235255
Linux,Linux-6.12.111+deb13-amd64-x86_64-with-glibc2.41,3.13.5,800,22,liberacao,4.332933,184632.441813
Linux,Linux-6.12.111+deb13-amd64-x86_64-with-glibc2.41,3.13.5,800,23,alocacao,168.415403,4750.159343
Linux,Linux-6.12.111+deb13-amd64-x86_64-with-glibc2.41,3.13.5,800,23,escrita,122.398834,6536.009975
Linux,Linux-6.12.111+deb13-amd64-x86_64-with-glibc2.41,3.13.5,800,23,leitura,97.051392,8243.055391
Linux,Linux-6.12.111+deb13-amd64-x86_64-with-glibc2.41,3.13.5,800,23,liberacao,4.458651,179426.467781
Linux,Linux-6.12.111+deb13-amd64-x86_64-with-glibc2.41,3.13.5,800,24,alocacao,153.876197,5198.98474
Linux,Linux-6.12.111+deb13-amd64-x86_64-with-glibc2.41,3.13.5,800,24,escrita,119.31687,6704.83562
Linux,Linux-6.12.111+deb13-amd64-x86_64-with-glibc2.41,3.13.5,800,24,leitura,94.441845,8470.821382
Linux,Linux-6.12.111+deb13-amd64-x86_64-with-glibc2.41,3.13.5,800,24,liberacao,4.236475,188836.237674
Linux,Linux-6.12.111+deb13-amd64-x86_64-with-glibc2.41,3.13.5,800,25,alocacao,153.176639,5222.728513
Linux,Linux-6.12.111+deb13-amd64-x86_64-with-glibc2.41,3.13.5,800,25,escrita,119.219734,6710.298481
Linux,Linux-6.12.111+deb13-amd64-x86_64-with-glibc2.41,3.13.5,800,25,leitura,95.300143,8394.53095
Linux,Linux-6.12.111+deb13-amd64-x86_64-with-glibc2.41,3.13.5,800,25,liberacao,4.389804,182240.482719
Linux,Linux-6.12.111+deb13-amd64-x86_64-with-glibc2.41,3.13.5,800,26,alocacao,156.455171,5113.285773
Linux,Linux-6.12.111+deb13-amd64-x86_64-with-glibc2.41,3.13.5,800,26,escrita,119.557156,6691.360239
Linux,Linux-6.12.111+deb13-amd64-x86_64-with-glibc2.41,3.13.5,800,26,leitura,96.430359,8296.142504
Linux,Linux-6.12.111+deb13-amd64-x86_64-with-glibc2.41,3.13.5,800,26,liberacao,4.531378,176546.736997
Linux,Linux-6.12.111+deb13-amd64-x86_64-with-glibc2.41,3.13.5,800,27,alocacao,154.115695,5190.905443
Linux,Linux-6.12.111+deb13-amd64-x86_64-with-glibc2.41,3.13.5,800,27,escrita,119.108967,6716.538814
Linux,Linux-6.12.111+deb13-amd64-x86_64-with-glibc2.41,3.13.5,800,27,leitura,95.673624,8361.761231
Linux,Linux-6.12.111+deb13-amd64-x86_64-with-glibc2.41,3.13.5,800,27,liberacao,4.304918,185833.969428
Linux,Linux-6.12.111+deb13-amd64-x86_64-with-glibc2.41,3.13.5,800,28,alocacao,153.45085,5213.39569
Linux,Linux-6.12.111+deb13-amd64-x86_64-with-glibc2.41,3.13.5,800,28,escrita,126.616304,6318.30163
Linux,Linux-6.12.111+deb13-amd64-x86_64-with-glibc2.41,3.13.5,800,28,leitura,100.108062,7991.364372
Linux,Linux-6.12.111+deb13-amd64-x86_64-with-glibc2.41,3.13.5,800,28,liberacao,4.436316,180329.805181
Linux,Linux-6.12.111+deb13-amd64-x86_64-with-glibc2.41,3.13.5,800,29,alocacao,155.134407,5156.818629
Linux,Linux-6.12.111+deb13-amd64-x86_64-with-glibc2.41,3.13.5,800,29,escrita,119.214702,6710.58172
Linux,Linux-6.12.111+deb13-amd64-x86_64-with-glibc2.41,3.13.5,800,29,leitura,94.360059,8478.163414
Linux,Linux-6.12.111+deb13-amd64-x86_64-with-glibc2.41,3.13.5,800,29,liberacao,4.143914,193054.199484
Linux,Linux-6.12.111+deb13-amd64-x86_64-with-glibc2.41,3.13.5,800,30,alocacao,152.948458,5230.520206
Linux,Linux-6.12.111+deb13-amd64-x86_64-with-glibc2.41,3.13.5,800,30,escrita,118.79327,6734.388236
Linux,Linux-6.12.111+deb13-amd64-x86_64-with-glibc2.41,3.13.5,800,30,leitura,95.705394,8358.985493
Linux,Linux-6.12.111+deb13-amd64-x86_64-with-glibc2.41,3.13.5,800,30,liberacao,4.140394,193218.326565
Linux,Linux-6.12.111+deb13-amd64-x86_64-with-glibc2.41,3.13.5,800,31,alocacao,161.696215,4947.549329
Linux,Linux-6.12.111+deb13-amd64-x86_64-with-glibc2.41,3.13.5,800,31,escrita,120.697359,6628.148343
Linux,Linux-6.12.111+deb13-amd64-x86_64-with-glibc2.41,3.13.5,800,31,leitura,94.762482,8442.15963
Linux,Linux-6.12.111+deb13-amd64-x86_64-with-glibc2.41,3.13.5,800,31,liberacao,4.311379,185555.480045
Linux,Linux-6.12.111+deb13-amd64-x86_64-with-glibc2.41,3.13.5,800,32,alocacao,153.423208,5214.334979
Linux,Linux-6.12.111+deb13-amd64-x86_64-with-glibc2.41,3.13.5,800,32,escrita,119.377309,6701.441059
Linux,Linux-6.12.111+deb13-amd64-x86_64-with-glibc2.41,3.13.5,800,32,leitura,96.220783,8314.212118
Linux,Linux-6.12.111+deb13-amd64-x86_64-with-glibc2.41,3.13.5,800,32,liberacao,4.341538,184266.497264
Linux,Linux-6.12.111+deb13-amd64-x86_64-with-glibc2.41,3.13.5,800,33,alocacao,152.426045,5248.446878
Linux,Linux-6.12.111+deb13-amd64-x86_64-with-glibc2.41,3.13.5,800,33,escrita,118.489144,6751.673385
Linux,Linux-6.12.111+deb13-amd64-x86_64-with-glibc2.41,3.13.5,800,33,leitura,96.19824,8316.160462
Linux,Linux-6.12.111+deb13-amd64-x86_64-with-glibc2.41,3.13.5,800,33,liberacao,4.310757,185582.253883
Linux,Linux-6.12.111+deb13-amd64-x86_64-with-glibc2.41,3.13.5,800,34,alocacao,155.280153,5151.978437
Linux,Linux-6.12.111+deb13-amd64-x86_64-with-glibc2.41,3.13.5,800,34,escrita,119.563492,6691.005646
Linux,Linux-6.12.111+deb13-amd64-x86_64-with-glibc2.41,3.13.5,800,34,leitura,96.492319,8290.815355
Linux,Linux-6.12.111+deb13-amd64-x86_64-with-glibc2.41,3.13.5,800,34,liberacao,4.632871,172679.101145
Linux,Linux-6.12.111+deb13-amd64-x86_64-with-glibc2.41,3.13.5,800,35,alocacao,153.018884,5228.112891
Linux,Linux-6.12.111+deb13-amd64-x86_64-with-glibc2.41,3.13.5,800,35,escrita,118.504662,6750.789264
Linux,Linux-6.12.111+deb13-amd64-x86_64-with-glibc2.41,3.13.5,800,35,leitura,95.09622,8412.532065
Linux,Linux-6.12.111+deb13-amd64-x86_64-with-glibc2.41,3.13.5,800,35,liberacao,4.308575,185676.238664
Linux,Linux-6.12.111+deb13-amd64-x86_64-with-glibc2.41,3.13.5,800,36,alocacao,156.558921,5109.897251
Linux,Linux-6.12.111+deb13-amd64-x86_64-with-glibc2.41,3.13.5,800,36,escrita,126.115897,6343.371605
Linux,Linux-6.12.111+deb13-amd64-x86_64-with-glibc2.41,3.13.5,800,36,leitura,98.155952,8150.295359
Linux,Linux-6.12.111+deb13-amd64-x86_64-with-glibc2.41,3.13.5,800,36,liberacao,4.291813,186401.411245
Linux,Linux-6.12.111+deb13-amd64-x86_64-with-glibc2.41,3.13.5,800,37,alocacao,154.726133,5170.425865
Linux,Linux-6.12.111+deb13-amd64-x86_64-with-glibc2.41,3.13.5,800,37,escrita,118.995465,6722.945282
Linux,Linux-6.12.111+deb13-amd64-x86_64-with-glibc2.41,3.13.5,800,37,leitura,98.463088,8124.872135
Linux,Linux-6.12.111+deb13-amd64-x86_64-with-glibc2.41,3.13.5,800,37,liberacao,4.402338,181721.621557
Linux,Linux-6.12.111+deb13-amd64-x86_64-with-glibc2.41,3.13.5,800,38,alocacao,153.63964,5206.98955
Linux,Linux-6.12.111+deb13-amd64-x86_64-with-glibc2.41,3.13.5,800,38,escrita,119.146333,6714.432411
Linux,Linux-6.12.111+deb13-amd64-x86_64-with-glibc2.41,3.13.5,800,38,leitura,97.102724,8238.697814
Linux,Linux-6.12.111+deb13-amd64-x86_64-with-glibc2.41,3.13.5,800,38,liberacao,4.584033,174518.813455
Linux,Linux-6.12.111+deb13-amd64-x86_64-with-glibc2.41,3.13.5,800,39,alocacao,160.531243,4983.453595
Linux,Linux-6.12.111+deb13-amd64-x86_64-with-glibc2.41,3.13.5,800,39,escrita,120.396615,6644.705086
Linux,Linux-6.12.111+deb13-amd64-x86_64-with-glibc2.41,3.13.5,800,39,leitura,96.516764,8288.715523
Linux,Linux-6.12.111+deb13-amd64-x86_64-with-glibc2.41,3.13.5,800,39,liberacao,4.276469,187070.220783
Linux,Linux-6.12.111+deb13-amd64-x86_64-with-glibc2.41,3.13.5,800,40,alocacao,154.7822,5168.552973
Linux,Linux-6.12.111+deb13-amd64-x86_64-with-glibc2.41,3.13.5,800,40,escrita,118.608227,6744.894686
Linux,Linux-6.12.111+deb13-amd64-x86_64-with-glibc2.41,3.13.5,800,40,leitura,97.115861,8237.583354
Linux,Linux-6.12.111+deb13-amd64-x86_64-with-glibc2.41,3.13.5,800,40,liberacao,4.404069,181650.19667
Linux,Linux-6.12.111+deb13-amd64-x86_64-with-glibc2.41,3.13.5,800,41,alocacao,152.903682,5232.0519
Linux,Linux-6.12.111+deb13-amd64-x86_64-with-glibc2.41,3.13.5,800,41,escrita,121.371515,6591.332406
Linux,Linux-6.12.111+deb13-amd64-x86_64-with-glibc2.41,3.13.5,800,41,leitura,104.768716,7635.86718
Linux,Linux-6.12.111+deb13-amd64-x86_64-with-glibc2.41,3.13.5,800,41,liberacao,4.473868,178816.183222
Linux,Linux-6.12.111+deb13-amd64-x86_64-with-glibc2.41,3.13.5,800,42,alocacao,155.181746,5155.245515
Linux,Linux-6.12.111+deb13-amd64-x86_64-with-glibc2.41,3.13.5,800,42,escrita,119.573285,6690.457655
Linux,Linux-6.12.111+deb13-amd64-x86_64-with-glibc2.41,3.13.5,800,42,leitura,99.777564,8017.83455
Linux,Linux-6.12.111+deb13-amd64-x86_64-with-glibc2.41,3.13.5,800,42,liberacao,4.510623,177359.092081
Linux,Linux-6.12.111+deb13-amd64-x86_64-with-glibc2.41,3.13.5,800,43,alocacao,153.459447,5213.103629
Linux,Linux-6.12.111+deb13-amd64-x86_64-with-glibc2.41,3.13.5,800,43,escrita,118.981972,6723.707689
Linux,Linux-6.12.111+deb13-amd64-x86_64-with-glibc2.41,3.13.5,800,43,leitura,97.475424,8207.196924
Linux,Linux-6.12.111+deb13-amd64-x86_64-with-glibc2.41,3.13.5,800,43,liberacao,4.322248,185088.870421
Linux,Linux-6.12.111+deb13-amd64-x86_64-with-glibc2.41,3.13.5,800,44,alocacao,162.802385,4913.932925
Linux,Linux-6.12.111+deb13-amd64-x86_64-with-glibc2.41,3.13.5,800,44,escrita,124.696222,6415.591324
Linux,Linux-6.12.111+deb13-amd64-x86_64-with-glibc2.41,3.13.5,800,44,leitura,100.170776,7986.361212
Linux,Linux-6.12.111+deb13-amd64-x86_64-with-glibc2.41,3.13.5,800,44,liberacao,4.619374,173183.639168
Linux,Linux-6.12.111+deb13-amd64-x86_64-with-glibc2.41,3.13.5,800,45,alocacao,155.116226,5157.423054
Linux,Linux-6.12.111+deb13-amd64-x86_64-with-glibc2.41,3.13.5,800,45,escrita,119.252286,6708.466788
Linux,Linux-6.12.111+deb13-amd64-x86_64-with-glibc2.41,3.13.5,800,45,leitura,97.032905,8244.625882
Linux,Linux-6.12.111+deb13-amd64-x86_64-with-glibc2.41,3.13.5,800,45,liberacao,4.539969,176212.656959
Linux,Linux-6.12.111+deb13-amd64-x86_64-with-glibc2.41,3.13.5,800,46,alocacao,154.003743,5194.678937
Linux,Linux-6.12.111+deb13-amd64-x86_64-with-glibc2.41,3.13.5,800,46,escrita,118.820478,6732.846168
Linux,Linux-6.12.111+deb13-amd64-x86_64-with-glibc2.41,3.13.5,800,46,leitura,96.86226,8259.150674
Linux,Linux-6.12.111+deb13-amd64-x86_64-with-glibc2.41,3.13.5,800,46,liberacao,4.350702,183878.371812
Linux,Linux-6.12.111+deb13-amd64-x86_64-with-glibc2.41,3.13.5,800,47,alocacao,155.059877,5159.297269
Linux,Linux-6.12.111+deb13-amd64-x86_64-with-glibc2.41,3.13.5,800,47,escrita,118.942273,6725.951841
Linux,Linux-6.12.111+deb13-amd64-x86_64-with-glibc2.41,3.13.5,800,47,leitura,96.499713,8290.180096
Linux,Linux-6.12.111+deb13-amd64-x86_64-with-glibc2.41,3.13.5,800,47,liberacao,4.46849,179031.395393
Linux,Linux-6.12.111+deb13-amd64-x86_64-with-glibc2.41,3.13.5,800,48,alocacao,158.070385,5061.036576
Linux,Linux-6.12.111+deb13-amd64-x86_64-with-glibc2.41,3.13.5,800,48,escrita,121.981499,6558.37161
Linux,Linux-6.12.111+deb13-amd64-x86_64-with-glibc2.41,3.13.5,800,48,leitura,97.314283,8220.787076
Linux,Linux-6.12.111+deb13-amd64-x86_64-with-glibc2.41,3.13.5,800,48,liberacao,4.195442,190683.12707
Linux,Linux-6.12.111+deb13-amd64-x86_64-with-glibc2.41,3.13.5,800,49,alocacao,153.944114,5196.691054
Linux,Linux-6.12.111+deb13-amd64-x86_64-with-glibc2.41,3.13.5,800,49,escrita,124.108311,6445.982493
Linux,Linux-6.12.111+deb13-amd64-x86_64-with-glibc2.41,3.13.5,800,49,leitura,99.696621,8024.344175
Linux,Linux-6.12.111+deb13-amd64-x86_64-with-glibc2.41,3.13.5,800,49,liberacao,4.614919,173350.821542
Linux,Linux-6.12.111+deb13-amd64-x86_64-with-glibc2.41,3.13.5,800,50,alocacao,155.315396,5150.809389
Linux,Linux-6.12.111+deb13-amd64-x86_64-with-glibc2.41,3.13.5,800,50,escrita,119.186951,6712.144184
Linux,Linux-6.12.111+deb13-amd64-x86_64-with-glibc2.41,3.13.5,800,50,leitura,96.475464,8292.263824
Linux,Linux-6.12.111+deb13-amd64-x86_64-with-glibc2.41,3.13.5,800,50,liberacao,4.33548,184523.974277
Linux,Linux-6.12.111+deb13-amd64-x86_64-with-glibc2.41,3.13.5,800,51,alocacao,152.466976,5247.03789
Linux,Linux-6.12.111+deb13-amd64-x86_64-with-glibc2.41,3.13.5,800,51,escrita,118.314993,6761.611354
Linux,Linux-6.12.111+deb13-amd64-x86_64-with-glibc2.41,3.13.5,800,51,leitura,96.395512,8299.141562
Linux,Linux-6.12.111+deb13-amd64-x86_64-with-glibc2.41,3.13.5,800,51,liberacao,4.463898,179215.564513
Linux,Linux-6.12.111+deb13-amd64-x86_64-with-glibc2.41,3.13.5,800,52,alocacao,164.008892,4877.784309
Linux,Linux-6.12.111+deb13-amd64-x86_64-with-glibc2.41,3.13.5,800,52,escrita,120.880825,6618.088518
Linux,Linux-6.12.111+deb13-amd64-x86_64-with-glibc2.41,3.13.5,800,52,leitura,96.602162,8281.388154
Linux,Linux-6.12.111+deb13-amd64-x86_64-with-glibc2.41,3.13.5,800,52,liberacao,4.362326,183388.403343
Linux,Linux-6.12.111+deb13-amd64-x86_64-with-glibc2.41,3.13.5,800,53,alocacao,155.589243,5141.743636
Linux,Linux-6.12.111+deb13-amd64-x86_64-with-glibc2.41,3.13.5,800,53,escrita,118.424266,6755.372248
Linux,Linux-6.12.111+deb13-amd64-x86_64-with-glibc2.41,3.13.5,800,53,leitura,98.483364,8123.199366
Linux,Linux-6.12.111+deb13-amd64-x86_64-with-glibc2.41,3.13.5,800,53,liberacao,4.47747,178672.33058
Linux,Linux-6.12.111+deb13-amd64-x86_64-with-glibc2.41,3.13.5,800,54,alocacao,153.218789,5221.291757
Linux,Linux-6.12.111+deb13-amd64-x86_64-with-glibc2.41,3.13.5,800,54,escrita,118.752196,6736.717526
Linux,Linux-6.12.111+deb13-amd64-x86_64-with-glibc2.41,3.13.5,800,54,leitura,94.308346,8482.812327
Linux,Linux-6.12.111+deb13-amd64-x86_64-with-glibc2.41,3.13.5,800,54,liberacao,4.254083,188054.628929
Linux,Linux-6.12.111+deb13-amd64-x86_64-with-glibc2.41,3.13.5,800,55,alocacao,157.158543,5090.400972
Linux,Linux-6.12.111+deb13-amd64-x86_64-with-glibc2.41,3.13.5,800,55,escrita,121.257104,6597.551596
Linux,Linux-6.12.111+deb13-amd64-x86_64-with-glibc2.41,3.13.5,800,55,leitura,99.971059,8002.31595
Linux,Linux-6.12.111+deb13-amd64-x86_64-with-glibc2.41,3.13.5,800,55,liberacao,4.809885,166324.142885
Linux,Linux-6.12.111+deb13-amd64-x86_64-with-glibc2.41,3.13.5,800,56,alocacao,155.346752,5149.769723
Linux,Linux-6.12.111+deb13-amd64-x86_64-with-glibc2.41,3.13.5,800,56,escrita,119.043432,6720.236359
Linux,Linux-6.12.111+deb13-amd64-x86_64-with-glibc2.41,3.13.5,800,56,leitura,99.258998,8059.722706
Linux,Linux-6.12.111+deb13-amd64-x86_64-with-glibc2.41,3.13.5,800,56,liberacao,4.268701,187410.643191
Linux,Linux-6.12.111+deb13-amd64-x86_64-with-glibc2.41,3.13.5,800,57,alocacao,153.411067,5214.747643
Linux,Linux-6.12.111+deb13-amd64-x86_64-with-glibc2.41,3.13.5,800,57,escrita,124.364649,6432.69616
Linux,Linux-6.12.111+deb13-amd64-x86_64-with-glibc2.41,3.13.5,800,57,leitura,99.282582,8057.808166
Linux,Linux-6.12.111+deb13-amd64-x86_64-with-glibc2.41,3.13.5,800,57,liberacao,4.434447,180405.809338
Linux,Linux-6.12.111+deb13-amd64-x86_64-with-glibc2.41,3.13.5,800,58,alocacao,153.017083,5228.174425
Linux,Linux-6.12.111+deb13-amd64-x86_64-with-glibc2.41,3.13.5,800,58,escrita,118.399644,6756.777073
Linux,Linux-6.12.111+deb13-amd64-x86_64-with-glibc2.41,3.13.5,800,58,leitura,96.903604,8255.626901
Linux,Linux-6.12.111+deb13-amd64-x86_64-with-glibc2.41,3.13.5,800,58,liberacao,4.348974,183951.433143
Linux,Linux-6.12.111+deb13-amd64-x86_64-with-glibc2.41,3.13.5,800,59,alocacao,153.212558,5221.504102
Linux,Linux-6.12.111+deb13-amd64-x86_64-with-glibc2.41,3.13.5,800,59,escrita,125.127691,6393.468893
Linux,Linux-6.12.111+deb13-amd64-x86_64-with-glibc2.41,3.13.5,800,59,leitura,96.153061,8320.067938
Linux,Linux-6.12.111+deb13-amd64-x86_64-with-glibc2.41,3.13.5,800,59,liberacao,4.141789,193153.248512
Linux,Linux-6.12.111+deb13-amd64-x86_64-with-glibc2.41,3.13.5,800,60,alocacao,160.584122,4981.812585
Linux,Linux-6.12.111+deb13-amd64-x86_64-with-glibc2.41,3.13.5,800,60,escrita,120.138569,6658.977268
Linux,Linux-6.12.111+deb13-amd64-x86_64-with-glibc2.41,3.13.5,800,60,leitura,96.515568,8288.818235
Linux,Linux-6.12.111+deb13-amd64-x86_64-with-glibc2.41,3.13.5,800,60,liberacao,4.322738,185067.889842
Linux,Linux-6.12.111+deb13-amd64-x86_64-with-glibc2.41,3.13.5,800,61,alocacao,156.189301,5121.989758
Linux,Linux-6.12.111+deb13-amd64-x86_64-with-glibc2.41,3.13.5,800,61,escrita,118.277318,6763.765137
Linux,Linux-6.12.111+deb13-amd64-x86_64-with-glibc2.41,3.13.5,800,61,leitura,96.518831,8288.538016
Linux,Linux-6.12.111+deb13-amd64-x86_64-with-glibc2.41,3.13.5,800,61,liberacao,4.273288,187209.474297
Linux,Linux-6.12.111+deb13-amd64-x86_64-with-glibc2.41,3.13.5,800,62,alocacao,152.110592,5259.331316
Linux,Linux-6.12.111+deb13-amd64-x86_64-with-glibc2.41,3.13.5,800,62,escrita,121.039107,6609.43409
Linux,Linux-6.12.111+deb13-amd64-x86_64-with-glibc2.41,3.13.5,800,62,leitura,104.000862,7692.243935
Linux,Linux-6.12.111+deb13-amd64-x86_64-with-glibc2.41,3.13.5,800,62,liberacao,4.543788,176064.552307
Linux,Linux-6.12.111+deb13-amd64-x86_64-with-glibc2.41,3.13.5,800,63,alocacao,154.250609,5186.365261
Linux,Linux-6.12.111+deb13-amd64-x86_64-with-glibc2.41,3.13.5,800,63,escrita,118.276165,6763.831073
Linux,Linux-6.12.111+deb13-amd64-x86_64-with-glibc2.41,3.13.5,800,63,leitura,95.914229,8340.785391
Linux,Linux-6.12.111+deb13-amd64-x86_64-with-glibc2.41,3.13.5,800,63,liberacao,4.220208,189564.116271
Linux,Linux-6.12.111+deb13-amd64-x86_64-with-glibc2.41,3.13.5,800,64,alocacao,153.802257,5201.484137
Linux,Linux-6.12.111+deb13-amd64-x86_64-with-glibc2.41,3.13.5,800,64,escrita,119.23456,6709.464102
Linux,Linux-6.12.111+deb13-amd64-x86_64-with-glibc2.41,3.13.5,800,64,leitura,95.960173,8336.791973
Linux,Linux-6.12.111+deb13-amd64-x86_64-with-glibc2.41,3.13.5,800,64,liberacao,4.282482,186807.556926
Linux,Linux-6.12.111+deb13-amd64-x86_64-with-glibc2.41,3.13.5,800,65,alocacao,159.907311,5002.89821
Linux,Linux-6.12.111+deb13-amd64-x86_64-with-glibc2.41,3.13.5,800,65,escrita,121.735905,6571.602684
Linux,Linux-6.12.111+deb13-amd64-x86_64-with-glibc2.41,3.13.5,800,65,leitura,98.006721,8162.705494
Linux,Linux-6.12.111+deb13-amd64-x86_64-with-glibc2.41,3.13.5,800,65,liberacao,4.411638,181338.541376
Linux,Linux-6.12.111+deb13-amd64-x86_64-with-glibc2.41,3.13.5,800,66,alocacao,152.2779,5253.552879
Linux,Linux-6.12.111+deb13-amd64-x86_64-with-glibc2.41,3.13.5,800,66,escrita,119.948124,6669.549913
Linux,Linux-6.12.111+deb13-amd64-x86_64-with-glibc2.41,3.13.5,800,66,leitura,96.419972,8297.03622
Linux,Linux-6.12.111+deb13-amd64-x86_64-with-glibc2.41,3.13.5,800,66,liberacao,4.241681,188604.470728
Linux,Linux-6.12.111+deb13-amd64-x86_64-with-glibc2.41,3.13.5,800,67,alocacao,152.348918,5251.103917
Linux,Linux-6.12.111+deb13-amd64-x86_64-with-glibc2.41,3.13.5,800,67,escrita,118.168356,6770.001945
Linux,Linux-6.12.111+deb13-amd64-x86_64-with-glibc2.41,3.13.5,800,67,leitura,95.322295,8392.580141
Linux,Linux-6.12.111+deb13-amd64-x86_64-with-glibc2.41,3.13.5,800,67,liberacao,4.709611,169865.409266
Linux,Linux-6.12.111+deb13-amd64-x86_64-with-glibc2.41,3.13.5,800,68,alocacao,158.60183,5044.077991
Linux,Linux-6.12.111+deb13-amd64-x86_64-with-glibc2.41,3.13.5,800,68,escrita,119.749575,6680.608261
Linux,Linux-6.12.111+deb13-amd64-x86_64-with-glibc2.41,3.13.5,800,68,leitura,96.369846,8301.351856
Linux,Linux-6.12.111+deb13-amd64-x86_64-with-glibc2.41,3.13.5,800,68,liberacao,4.530675,176574.130786
Linux,Linux-6.12.111+deb13-amd64-x86_64-with-glibc2.41,3.13.5,800,69,alocacao,165.163526,4843.684434
Linux,Linux-6.12.111+deb13-amd64-x86_64-with-glibc2.41,3.13.5,800,69,escrita,124.619761,6419.527638
Linux,Linux-6.12.111+deb13-amd64-x86_64-with-glibc2.41,3.13.5,800,69,leitura,98.243235,8143.054328
Linux,Linux-6.12.111+deb13-amd64-x86_64-with-glibc2.41,3.13.5,800,69,liberacao,4.476642,178705.377826
Linux,Linux-6.12.111+deb13-amd64-x86_64-with-glibc2.41,3.13.5,800,70,alocacao,154.720446,5170.615912
Linux,Linux-6.12.111+deb13-amd64-x86_64-with-glibc2.41,3.13.5,800,70,escrita,127.346889,6282.053737
Linux,Linux-6.12.111+deb13-amd64-x86_64-with-glibc2.41,3.13.5,800,70,leitura,102.303509,7819.868622
Linux,Linux-6.12.111+deb13-amd64-x86_64-with-glibc2.41,3.13.5,800,70,liberacao,4.620367,173146.418888
Linux,Linux-6.12.111+deb13-amd64-x86_64-with-glibc2.41,3.13.5,800,71,alocacao,158.419422,5049.885866
Linux,Linux-6.12.111+deb13-amd64-x86_64-with-glibc2.41,3.13.5,800,71,escrita,122.34452,6538.911592
Linux,Linux-6.12.111+deb13-amd64-x86_64-with-glibc2.41,3.13.5,800,71,leitura,100.687744,7945.356289
Linux,Linux-6.12.111+deb13-amd64-x86_64-with-glibc2.41,3.13.5,800,71,liberacao,4.717197,169592.238781
Linux,Linux-6.12.111+deb13-amd64-x86_64-with-glibc2.41,3.13.5,800,72,alocacao,153.648934,5206.674587
Linux,Linux-6.12.111+deb13-amd64-x86_64-with-glibc2.41,3.13.5,800,72,escrita,118.702069,6739.562391
Linux,Linux-6.12.111+deb13-amd64-x86_64-with-glibc2.41,3.13.5,800,72,leitura,99.918042,8006.562018
Linux,Linux-6.12.111+deb13-amd64-x86_64-with-glibc2.41,3.13.5,800,72,liberacao,4.726953,169242.215863
Linux,Linux-6.12.111+deb13-amd64-x86_64-with-glibc2.41,3.13.5,800,73,alocacao,162.781412,4914.566044
Linux,Linux-6.12.111+deb13-amd64-x86_64-with-glibc2.41,3.13.5,800,73,escrita,121.290872,6595.714804
Linux,Linux-6.12.111+deb13-amd64-x86_64-with-glibc2.41,3.13.5,800,73,leitura,98.700105,8105.361185
Linux,Linux-6.12.111+deb13-amd64-x86_64-with-glibc2.41,3.13.5,800,73,liberacao,4.444426,180000.747003
Linux,Linux-6.12.111+deb13-amd64-x86_64-with-glibc2.41,3.13.5,800,74,alocacao,154.116906,5190.864654
Linux,Linux-6.12.111+deb13-amd64-x86_64-with-glibc2.41,3.13.5,800,74,escrita,119.618225,6687.944082
Linux,Linux-6.12.111+deb13-amd64-x86_64-with-glibc2.41,3.13.5,800,74,leitura,98.370878,8132.488154
Linux,Linux-6.12.111+deb13-amd64-x86_64-with-glibc2.41,3.13.5,800,74,liberacao,4.562013,175361.183758
Linux,Linux-6.12.111+deb13-amd64-x86_64-with-glibc2.41,3.13.5,800,75,alocacao,154.368268,5182.41223
Linux,Linux-6.12.111+deb13-amd64-x86_64-with-glibc2.41,3.13.5,800,75,escrita,121.714346,6572.766698
Linux,Linux-6.12.111+deb13-amd64-x86_64-with-glibc2.41,3.13.5,800,75,leitura,100.693637,7944.891294
Linux,Linux-6.12.111+deb13-amd64-x86_64-with-glibc2.41,3.13.5,800,75,liberacao,4.543294,176083.696102
Linux,Linux-6.12.111+deb13-amd64-x86_64-with-glibc2.41,3.13.5,800,76,alocacao,155.517492,5144.115879
Linux,Linux-6.12.111+deb13-amd64-x86_64-with-glibc2.41,3.13.5,800,76,escrita,118.985391,6723.514486
Linux,Linux-6.12.111+deb13-amd64-x86_64-with-glibc2.41,3.13.5,800,76,leitura,100.314335,7974.931998
Linux,Linux-6.12.111+deb13-amd64-x86_64-with-glibc2.41,3.13.5,800,76,liberacao,4.611217,173489.991905
Linux,Linux-6.12.111+deb13-amd64-x86_64-with-glibc2.41,3.13.5,800,77,alocacao,155.958042,5129.584789
Linux,Linux-6.12.111+deb13-amd64-x86_64-with-glibc2.41,3.13.5,800,77,escrita,118.582675,6746.348065
Linux,Linux-6.12.111+deb13-amd64-x86_64-with-glibc2.41,3.13.5,800,77,leitura,100.160561,7987.175711
Linux,Linux-6.12.111+deb13-amd64-x86_64-with-glibc2.41,3.13.5,800,77,liberacao,4.561127,175395.24771
Linux,Linux-6.12.111+deb13-amd64-x86_64-with-glibc2.41,3.13.5,800,78,alocacao,158.961697,5032.658905
Linux,Linux-6.12.111+deb13-amd64-x86_64-with-glibc2.41,3.13.5,800,78,escrita,123.639575,6470.420171
Linux,Linux-6.12.111+deb13-amd64-x86_64-with-glibc2.41,3.13.5,800,78,leitura,102.300144,7820.125845
Linux,Linux-6.12.111+deb13-amd64-x86_64-with-glibc2.41,3.13.5,800,78,liberacao,4.447877,179861.088785
Linux,Linux-6.12.111+deb13-amd64-x86_64-with-glibc2.41,3.13.5,800,79,alocacao,153.363152,5216.376878
Linux,Linux-6.12.111+deb13-amd64-x86_64-with-glibc2.41,3.13.5,800,79,escrita,118.704452,6739.427094
Linux,Linux-6.12.111+deb13-amd64-x86_64-with-glibc2.41,3.13.5,800,79,leitura,97.716312,8186.964731
Linux,Linux-6.12.111+deb13-amd64-x86_64-with-glibc2.41,3.13.5,800,79,liberacao,4.316671,185327.999285
Linux,Linux-6.12.111+deb13-amd64-x86_64-with-glibc2.41,3.13.5,800,80,alocacao,153.526103,5210.84027
Linux,Linux-6.12.111+deb13-amd64-x86_64-with-glibc2.41,3.13.5,800,80,escrita,117.669057,6798.728743
Linux,Linux-6.12.111+deb13-amd64-x86_64-with-glibc2.41,3.13.5,800,80,leitura,97.128394,8236.520414
Linux,Linux-6.12.111+deb13-amd64-x86_64-with-glibc2.41,3.13.5,800,80,liberacao,4.225374,189332.352592
Linux,Linux-6.12.111+deb13-amd64-x86_64-with-glibc2.41,3.13.5,800,81,alocacao,158.477663,5048.030018
Linux,Linux-6.12.111+deb13-amd64-x86_64-with-glibc2.41,3.13.5,800,81,escrita,119.364374,6702.167265
Linux,Linux-6.12.111+deb13-amd64-x86_64-with-glibc2.41,3.13.5,800,81,leitura,97.161197,8233.739648
Linux,Linux-6.12.111+deb13-amd64-x86_64-with-glibc2.41,3.13.5,800,81,liberacao,4.299264,186078.36132
Linux,Linux-6.12.111+deb13-amd64-x86_64-with-glibc2.41,3.13.5,800,82,alocacao,153.67015,5205.955744
Linux,Linux-6.12.111+deb13-amd64-x86_64-with-glibc2.41,3.13.5,800,82,escrita,119.586648,6689.710042
Linux,Linux-6.12.111+deb13-amd64-x86_64-with-glibc2.41,3.13.5,800,82,leitura,97.935519,8168.640021
Linux,Linux-6.12.111+deb13-amd64-x86_64-with-glibc2.41,3.13.5,800,82,liberacao,4.383833,182488.703379
Linux,Linux-6.12.111+deb13-amd64-x86_64-with-glibc2.41,3.13.5,800,83,alocacao,157.573277,5077.003
Linux,Linux-6.12.111+deb13-amd64-x86_64-with-glibc2.41,3.13.5,800,83,escrita,127.99543,6250.223152
Linux,Linux-6.12.111+deb13-amd64-x86_64-with-glibc2.41,3.13.5,800,83,leitura,100.1121,7991.042042
Linux,Linux-6.12.111+deb13-amd64-x86_64-with-glibc2.41,3.13.5,800,83,liberacao,4.430059,180584.502373
Linux,Linux-6.12.111+deb13-amd64-x86_64-with-glibc2.41,3.13.5,800,84,alocacao,154.535718,5176.796733
Linux,Linux-6.12.111+deb13-amd64-x86_64-with-glibc2.41,3.13.5,800,84,escrita,118.675912,6741.047838
Linux,Linux-6.12.111+deb13-amd64-x86_64-with-glibc2.41,3.13.5,800,84,leitura,98.379909,8131.741614
Linux,Linux-6.12.111+deb13-amd64-x86_64-with-glibc2.41,3.13.5,800,84,liberacao,4.453228,179644.96765
Linux,Linux-6.12.111+deb13-amd64-x86_64-with-glibc2.41,3.13.5,800,85,alocacao,154.458522,5179.384016
Linux,Linux-6.12.111+deb13-amd64-x86_64-with-glibc2.41,3.13.5,800,85,escrita,118.09123,6774.423469
Linux,Linux-6.12.111+deb13-amd64-x86_64-with-glibc2.41,3.13.5,800,85,leitura,97.83857,8176.73439
Linux,Linux-6.12.111+deb13-amd64-x86_64-with-glibc2.41,3.13.5,800,85,liberacao,4.338385,184400.416284
Linux,Linux-6.12.111+deb13-amd64-x86_64-with-glibc2.41,3.13.5,800,86,alocacao,162.951109,4909.448023
Linux,Linux-6.12.111+deb13-amd64-x86_64-with-glibc2.41,3.13.5,800,86,escrita,121.77107,6569.704939
Linux,Linux-6.12.111+deb13-amd64-x86_64-with-glibc2.41,3.13.5,800,86,leitura,98.013861,8162.110867
Linux,Linux-6.12.111+deb13-amd64-x86_64-with-glibc2.41,3.13.5,800,86,liberacao,4.279592,186933.707699
Linux,Linux-6.12.111+deb13-amd64-x86_64-with-glibc2.41,3.13.5,800,87,alocacao,152.780746,5236.261904
Linux,Linux-6.12.111+deb13-amd64-x86_64-with-glibc2.41,3.13.5,800,87,escrita,119.201208,6711.341382
Linux,Linux-6.12.111+deb13-amd64-x86_64-with-glibc2.41,3.13.5,800,87,leitura,97.344783,8218.211345
Linux,Linux-6.12.111+deb13-amd64-x86_64-with-glibc2.41,3.13.5,800,87,liberacao,4.207808,190122.743243
Linux,Linux-6.12.111+deb13-amd64-x86_64-with-glibc2.41,3.13.5,800,88,alocacao,153.005885,5228.557058
Linux,Linux-6.12.111+deb13-amd64-x86_64-with-glibc2.41,3.13.5,800,88,escrita,118.199621,6768.211211
Linux,Linux-6.12.111+deb13-amd64-x86_64-with-glibc2.41,3.13.5,800,88,leitura,96.393531,8299.312119
Linux,Linux-6.12.111+deb13-amd64-x86_64-with-glibc2.41,3.13.5,800,88,liberacao,4.334668,184558.540585
Linux,Linux-6.12.111+deb13-amd64-x86_64-with-glibc2.41,3.13.5,800,89,alocacao,156.124331,5124.121236
Linux,Linux-6.12.111+deb13-amd64-x86_64-with-glibc2.41,3.13.5,800,89,escrita,118.942726,6725.926224
Linux,Linux-6.12.111+deb13-amd64-x86_64-with-glibc2.41,3.13.5,800,89,leitura,96.806919,8263.872131
Linux,Linux-6.12.111+deb13-amd64-x86_64-with-glibc2.41,3.13.5,800,89,liberacao,4.492518,178073.855241
Linux,Linux-6.12.111+deb13-amd64-x86_64-with-glibc2.41,3.13.5,800,90,alocacao,155.842252,5133.396045
Linux,Linux-6.12.111+deb13-amd64-x86_64-with-glibc2.41,3.13.5,800,90,escrita,119.307263,6705.375514
Linux,Linux-6.12.111+deb13-amd64-x86_64-with-glibc2.41,3.13.5,800,90,leitura,96.817526,8262.966769
Linux,Linux-6.12.111+deb13-amd64-x86_64-with-glibc2.41,3.13.5,800,90,liberacao,4.513634,177240.777608
Linux,Linux-6.12.111+deb13-amd64-x86_64-with-glibc2.41,3.13.5,800,91,alocacao,153.114491,5224.848378
Linux,Linux-6.12.111+deb13-amd64-x86_64-with-glibc2.41,3.13.5,800,91,escrita,128.934277,6204.711568
Linux,Linux-6.12.111+deb13-amd64-x86_64-with-glibc2.41,3.13.5,800,91,leitura,99.911499,8007.086351
Linux,Linux-6.12.111+deb13-amd64-x86_64-with-glibc2.41,3.13.5,800,91,liberacao,4.178198,191470.102661
Linux,Linux-6.12.111+deb13-amd64-x86_64-with-glibc2.41,3.13.5,800,92,alocacao,157.983608,5063.816494
Linux,Linux-6.12.111+deb13-amd64-x86_64-with-glibc2.41,3.13.5,800,92,escrita,118.48854,6751.707802
Linux,Linux-6.12.111+deb13-amd64-x86_64-with-glibc2.41,3.13.5,800,92,leitura,97.826299,8177.760052
Linux,Linux-6.12.111+deb13-amd64-x86_64-with-glibc2.41,3.13.5,800,92,liberacao,4.429373,180612.470433
Linux,Linux-6.12.111+deb13-amd64-x86_64-with-glibc2.41,3.13.5,800,93,alocacao,154.555674,5176.128312
Linux,Linux-6.12.111+deb13-amd64-x86_64-with-glibc2.41,3.13.5,800,93,escrita,118.656041,6742.176743
Linux,Linux-6.12.111+deb13-amd64-x86_64-with-glibc2.41,3.13.5,800,93,leitura,97.465627,8208.021891
Linux,Linux-6.12.111+deb13-amd64-x86_64-with-glibc2.41,3.13.5,800,93,liberacao,4.112233,194541.505795
Linux,Linux-6.12.111+deb13-amd64-x86_64-with-glibc2.41,3.13.5,800,94,alocacao,164.939312,4850.268807
Linux,Linux-6.12.111+deb13-amd64-x86_64-with-glibc2.41,3.13.5,800,94,escrita,120.244498,6653.111064
Linux,Linux-6.12.111+deb13-amd64-x86_64-with-glibc2.41,3.13.5,800,94,leitura,97.218059,8228.923805
Linux,Linux-6.12.111+deb13-amd64-x86_64-with-glibc2.41,3.13.5,800,94,liberacao,4.103357,194962.319876
Linux,Linux-6.12.111+deb13-amd64-x86_64-with-glibc2.41,3.13.5,800,95,alocacao,153.552383,5209.948451
Linux,Linux-6.12.111+deb13-amd64-x86_64-with-glibc2.41,3.13.5,800,95,escrita,118.541893,6748.669013
Linux,Linux-6.12.111+deb13-amd64-x86_64-with-glibc2.41,3.13.5,800,95,leitura,97.020813,8245.653435
Linux,Linux-6.12.111+deb13-amd64-x86_64-with-glibc2.41,3.13.5,800,95,liberacao,4.164832,192084.578682
Linux,Linux-6.12.111+deb13-amd64-x86_64-with-glibc2.41,3.13.5,800,96,alocacao,154.950648,5162.934201
Linux,Linux-6.12.111+deb13-amd64-x86_64-with-glibc2.41,3.13.5,800,96,escrita,122.60561,6524.986907
Linux,Linux-6.12.111+deb13-amd64-x86_64-with-glibc2.41,3.13.5,800,96,leitura,102.62723,7795.202112
Linux,Linux-6.12.111+deb13-amd64-x86_64-with-glibc2.41,3.13.5,800,96,liberacao,4.439367,180205.871693
Linux,Linux-6.12.111+deb13-amd64-x86_64-with-glibc2.41,3.13.5,800,97,alocacao,155.427857,5147.082482
Linux,Linux-6.12.111+deb13-amd64-x86_64-with-glibc2.41,3.13.5,800,97,escrita,118.741695,6737.313292
Linux,Linux-6.12.111+deb13-amd64-x86_64-with-glibc2.41,3.13.5,800,97,leitura,96.978538,8249.24789
Linux,Linux-6.12.111+deb13-amd64-x86_64-with-glibc2.41,3.13.5,800,97,liberacao,4.263464,187640.847911
Linux,Linux-6.12.111+deb13-amd64-x86_64-with-glibc2.41,3.13.5,800,98,alocacao,156.969498,5096.531557
Linux,Linux-6.12.111+deb13-amd64-x86_64-with-glibc2.41,3.13.5,800,98,escrita,119.526642,6693.068479
Linux,Linux-6.12.111+deb13-amd64-x86_64-with-glibc2.41,3.13.5,800,98,leitura,96.680135,8274.709174
Linux,Linux-6.12.111+deb13-amd64-x86_64-with-glibc2.41,3.13.5,800,98,liberacao,4.248022,188322.94183
Linux,Linux-6.12.111+deb13-amd64-x86_64-with-glibc2.41,3.13.5,800,99,alocacao,160.325682,4989.843112
Linux,Linux-6.12.111+deb13-amd64-x86_64-with-glibc2.41,3.13.5,800,99,escrita,121.775197,6569.48229
Linux,Linux-6.12.111+deb13-amd64-x86_64-with-glibc2.41,3.13.5,800,99,leitura,98.39514,8130.482867
Linux,Linux-6.12.111+deb13-amd64-x86_64-with-glibc2.41,3.13.5,800,99,liberacao,4.562872,175328.170503
Linux,Linux-6.12.111+deb13-amd64-x86_64-with-glibc2.41,3.13.5,800,100,alocacao,152.327945,5251.826905
Linux,Linux-6.12.111+deb13-amd64-x86_64-with-glibc2.41,3.13.5,800,100,escrita,118.710312,6739.09441
Linux,Linux-6.12.111+deb13-amd64-x86_64-with-glibc2.41,3.13.5,800,100,leitura,97.12574,8236.745481
Linux,Linux-6.12.111+deb13-amd64-x86_64-with-glibc2.41,3.13.5,800,100,liberacao,4.382199,182556.748336
Linux,Linux-6.12.111+deb13-amd64-x86_64-with-glibc2.41,3.13.5,900,1,alocacao,195.902416,4594.124046
Linux,Linux-6.12.111+deb13-amd64-x86_64-with-glibc2.41,3.13.5,900,1,escrita,133.121076,6760.762661
Linux,Linux-6.12.111+deb13-amd64-x86_64-with-glibc2.41,3.13.5,900,1,leitura,108.598758,8287.387596
Linux,Linux-6.12.111+deb13-amd64-x86_64-with-glibc2.41,3.13.5,900,1,liberacao,4.680969,192267.882996
Linux,Linux-6.12.111+deb13-amd64-x86_64-with-glibc2.41,3.13.5,900,2,alocacao,173.402477,5190.237277
Linux,Linux-6.12.111+deb13-amd64-x86_64-with-glibc2.41,3.13.5,900,2,escrita,132.60735,6786.954117
Linux,Linux-6.12.111+deb13-amd64-x86_64-with-glibc2.41,3.13.5,900,2,leitura,109.824216,8194.913952
Linux,Linux-6.12.111+deb13-amd64-x86_64-with-glibc2.41,3.13.5,900,2,liberacao,5.037466,178661.25548
Linux,Linux-6.12.111+deb13-amd64-x86_64-with-glibc2.41,3.13.5,900,3,alocacao,171.388272,5251.23446
Linux,Linux-6.12.111+deb13-amd64-x86_64-with-glibc2.41,3.13.5,900,3,escrita,133.192843,6757.119825
Linux,Linux-6.12.111+deb13-amd64-x86_64-with-glibc2.41,3.13.5,900,3,leitura,110.662201,8132.858301
Linux,Linux-6.12.111+deb13-amd64-x86_64-with-glibc2.41,3.13.5,900,3,liberacao,5.271286,170736.325064
Linux,Linux-6.12.111+deb13-amd64-x86_64-with-glibc2.41,3.13.5,900,4,alocacao,181.131151,4968.77536
Linux,Linux-6.12.111+deb13-amd64-x86_64-with-glibc2.41,3.13.5,900,4,escrita,135.731826,6630.721965
Linux,Linux-6.12.111+deb13-amd64-x86_64-with-glibc2.41,3.13.5,900,4,leitura,110.219478,8165.525879
Linux,Linux-6.12.111+deb13-amd64-x86_64-with-glibc2.41,3.13.5,900,4,liberacao,5.12336,175665.969208
Linux,Linux-6.12.111+deb13-amd64-x86_64-with-glibc2.41,3.13.5,900,5,alocacao,171.935104,5234.533141
Linux,Linux-6.12.111+deb13-amd64-x86_64-with-glibc2.41,3.13.5,900,5,escrita,133.179477,6757.797975
Linux,Linux-6.12.111+deb13-amd64-x86_64-with-glibc2.41,3.13.5,900,5,leitura,110.453982,8148.189714
Linux,Linux-6.12.111+deb13-amd64-x86_64-with-glibc2.41,3.13.5,900,5,liberacao,4.689003,191938.456853
Linux,Linux-6.12.111+deb13-amd64-x86_64-with-glibc2.41,3.13.5,900,6,alocacao,171.72641,5240.894514
Linux,Linux-6.12.111+deb13-amd64-x86_64-with-glibc2.41,3.13.5,900,6,escrita,141.116085,6377.727954
Linux,Linux-6.12.111+deb13-amd64-x86_64-with-glibc2.41,3.13.5,900,6,leitura,114.598745,7853.489146
Linux,Linux-6.12.111+deb13-amd64-x86_64-with-glibc2.41,3.13.5,900,6,liberacao,4.751722,189405.019906
Linux,Linux-6.12.111+deb13-amd64-x86_64-with-glibc2.41,3.13.5,900,7,alocacao,173.553902,5185.708818
Linux,Linux-6.12.111+deb13-amd64-x86_64-with-glibc2.41,3.13.5,900,7,escrita,133.83052,6724.923433
Linux,Linux-6.12.111+deb13-amd64-x86_64-with-glibc2.41,3.13.5,900,7,leitura,110.575113,8139.26367
Linux,Linux-6.12.111+deb13-amd64-x86_64-with-glibc2.41,3.13.5,900,7,liberacao,4.857726,185271.874124
Linux,Linux-6.12.111+deb13-amd64-x86_64-with-glibc2.41,3.13.5,900,8,alocacao,172.250369,5224.952522
Linux,Linux-6.12.111+deb13-amd64-x86_64-with-glibc2.41,3.13.5,900,8,escrita,133.831181,6724.890218
Linux,Linux-6.12.111+deb13-amd64-x86_64-with-glibc2.41,3.13.5,900,8,leitura,110.572158,8139.481188
Linux,Linux-6.12.111+deb13-amd64-x86_64-with-glibc2.41,3.13.5,900,8,liberacao,4.447433,202363.925437
Linux,Linux-6.12.111+deb13-amd64-x86_64-with-glibc2.41,3.13.5,900,9,alocacao,175.592668,5125.498748
Linux,Linux-6.12.111+deb13-amd64-x86_64-with-glibc2.41,3.13.5,900,9,escrita,134.562542,6688.339761
Linux,Linux-6.12.111+deb13-amd64-x86_64-with-glibc2.41,3.13.5,900,9,leitura,110.550626,8141.066519
Linux,Linux-6.12.111+deb13-amd64-x86_64-with-glibc2.41,3.13.5,900,9,liberacao,5.044327,178418.250839
Linux,Linux-6.12.111+deb13-amd64-x86_64-with-glibc2.41,3.13.5,900,10,alocacao,178.408724,5044.596362
Linux,Linux-6.12.111+deb13-amd64-x86_64-with-glibc2.41,3.13.5,900,10,escrita,134.862906,6673.443623
Linux,Linux-6.12.111+deb13-amd64-x86_64-with-glibc2.41,3.13.5,900,10,leitura,111.499485,8071.786161
Linux,Linux-6.12.111+deb13-amd64-x86_64-with-glibc2.41,3.13.5,900,10,liberacao,4.661024,193090.616997
Linux,Linux-6.12.111+deb13-amd64-x86_64-with-glibc2.41,3.13.5,900,11,alocacao,183.049879,4916.692679
Linux,Linux-6.12.111+deb13-amd64-x86_64-with-glibc2.41,3.13.5,900,11,escrita,136.071149,6614.186818
Linux,Linux-6.12.111+deb13-amd64-x86_64-with-glibc2.41,3.13.5,900,11,leitura,110.336049,8156.89893
Linux,Linux-6.12.111+deb13-amd64-x86_64-with-glibc2.41,3.13.5,900,11,liberacao,4.983938,180580.095499
Linux,Linux-6.12.111+deb13-amd64-x86_64-with-glibc2.41,3.13.5,900,12,alocacao,171.679897,5242.314422
Linux,Linux-6.12.111+deb13-amd64-x86_64-with-glibc2.41,3.13.5,900,12,escrita,132.740621,6780.140045
Linux,Linux-6.12.111+deb13-amd64-x86_64-with-glibc2.41,3.13.5,900,12,leitura,110.877669,8117.053759
Linux,Linux-6.12.111+deb13-amd64-x86_64-with-glibc2.41,3.13.5,900,12,liberacao,4.991964,180289.761705
Linux,Linux-6.12.111+deb13-amd64-x86_64-with-glibc2.41,3.13.5,900,13,alocacao,178.460241,5043.140113
Linux,Linux-6.12.111+deb13-amd64-x86_64-with-glibc2.41,3.13.5,900,13,escrita,140.550618,6403.386999
Linux,Linux-6.12.111+deb13-amd64-x86_64-with-glibc2.41,3.13.5,900,13,leitura,113.736544,7913.023979
Linux,Linux-6.12.111+deb13-amd64-x86_64-with-glibc2.41,3.13.5,900,13,liberacao,4.93319,182437.732988
Linux,Linux-6.12.111+deb13-amd64-x86_64-with-glibc2.41,3.13.5,900,14,alocacao,171.48252,5248.348345
Linux,Linux-6.12.111+deb13-amd64-x86_64-with-glibc2.41,3.13.5,900,14,escrita,133.836857,6724.605017
Linux,Linux-6.12.111+deb13-amd64-x86_64-with-glibc2.41,3.13.5,900,14,leitura,109.548979,8215.503314
Linux,Linux-6.12.111+deb13-amd64-x86_64-with-glibc2.41,3.13.5,900,14,liberacao,5.144128,174956.766239
Linux,Linux-6.12.111+deb13-amd64-x86_64-with-glibc2.41,3.13.5,900,15,alocacao,172.463269,5218.502497
Linux,Linux-6.12.111+deb13-amd64-x86_64-with-glibc2.41,3.13.5,900,15,escrita,133.262859,6753.56965
Linux,Linux-6.12.111+deb13-amd64-x86_64-with-glibc2.41,3.13.5,900,15,leitura,109.626798,8209.671508
Linux,Linux-6.12.111+deb13-amd64-x86_64-with-glibc2.41,3.13.5,900,15,liberacao,4.840994,185912.232075
Linux,Linux-6.12.111+deb13-amd64-x86_64-with-glibc2.41,3.13.5,900,16,alocacao,173.750054,5179.854505
Linux,Linux-6.12.111+deb13-amd64-x86_64-with-glibc2.41,3.13.5,900,16,escrita,132.793717,6777.429086
Linux,Linux-6.12.111+deb13-amd64-x86_64-with-glibc2.41,3.13.5,900,16,leitura,110.801329,8122.646255
Linux,Linux-6.12.111+deb13-amd64-x86_64-with-glibc2.41,3.13.5,900,16,liberacao,4.836999,186065.781696
Linux,Linux-6.12.111+deb13-amd64-x86_64-with-glibc2.41,3.13.5,900,17,alocacao,172.052301,5230.96753
Linux,Linux-6.12.111+deb13-amd64-x86_64-with-glibc2.41,3.13.5,900,17,escrita,132.810001,6776.598097
Linux,Linux-6.12.111+deb13-amd64-x86_64-with-glibc2.41,3.13.5,900,17,leitura,110.709165,8129.408256
Linux,Linux-6.12.111+deb13-amd64-x86_64-with-glibc2.41,3.13.5,900,17,liberacao,4.915399,183098.055722
Linux,Linux-6.12.111+deb13-amd64-x86_64-with-glibc2.41,3.13.5,900,18,alocacao,183.483431,4905.075053
Linux,Linux-6.12.111+deb13-amd64-x86_64-with-glibc2.41,3.13.5,900,18,escrita,135.310305,6651.378105
Linux,Linux-6.12.111+deb13-amd64-x86_64-with-glibc2.41,3.13.5,900,18,leitura,111.008712,8107.471781
Linux,Linux-6.12.111+deb13-amd64-x86_64-with-glibc2.41,3.13.5,900,18,liberacao,5.131923,175372.857309
Linux,Linux-6.12.111+deb13-amd64-x86_64-with-glibc2.41,3.13.5,900,19,alocacao,171.605431,5244.589258
Linux,Linux-6.12.111+deb13-amd64-x86_64-with-glibc2.41,3.13.5,900,19,escrita,133.208451,6756.328095
Linux,Linux-6.12.111+deb13-amd64-x86_64-with-glibc2.41,3.13.5,900,19,leitura,110.539927,8141.854481
Linux,Linux-6.12.111+deb13-amd64-x86_64-with-glibc2.41,3.13.5,900,19,liberacao,4.639664,193979.564037
Linux,Linux-6.12.111+deb13-amd64-x86_64-with-glibc2.41,3.13.5,900,20,alocacao,172.679142,5211.978642
Linux,Linux-6.12.111+deb13-amd64-x86_64-with-glibc2.41,3.13.5,900,20,escrita,142.339081,6322.929681
Linux,Linux-6.12.111+deb13-amd64-x86_64-with-glibc2.41,3.13.5,900,20,leitura,115.033937,7823.778126
Linux,Linux-6.12.111+deb13-amd64-x86_64-with-glibc2.41,3.13.5,900,20,liberacao,5.080431,177150.324451
Linux,Linux-6.12.111+deb13-amd64-x86_64-with-glibc2.41,3.13.5,900,21,alocacao,171.270373,5254.849302
Linux,Linux-6.12.111+deb13-amd64-x86_64-with-glibc2.41,3.13.5,900,21,escrita,133.22081,6755.701305
Linux,Linux-6.12.111+deb13-amd64-x86_64-with-glibc2.41,3.13.5,900,21,leitura,110.728177,8128.012439
Linux,Linux-6.12.111+deb13-amd64-x86_64-with-glibc2.41,3.13.5,900,21,liberacao,4.485199,200659.993013
Linux,Linux-6.12.111+deb13-amd64-x86_64-with-glibc2.41,3.13.5,900,22,alocacao,170.764799,5270.407047
Linux,Linux-6.12.111+deb13-amd64-x86_64-with-glibc2.41,3.13.5,900,22,escrita,138.967606,6476.329455
Linux,Linux-6.12.111+deb13-amd64-x86_64-with-glibc2.41,3.13.5,900,22,leitura,108.419452,8301.093424
Linux,Linux-6.12.111+deb13-amd64-x86_64-with-glibc2.41,3.13.5,900,22,liberacao,4.481076,200844.618569
Linux,Linux-6.12.111+deb13-amd64-x86_64-with-glibc2.41,3.13.5,900,23,alocacao,174.26449,5164.56336
Linux,Linux-6.12.111+deb13-amd64-x86_64-with-glibc2.41,3.13.5,900,23,escrita,133.805192,6726.196395
Linux,Linux-6.12.111+deb13-amd64-x86_64-with-glibc2.41,3.13.5,900,23,leitura,108.753832,8275.570464
Linux,Linux-6.12.111+deb13-amd64-x86_64-with-glibc2.41,3.13.5,900,23,liberacao,4.752662,189367.558644
Linux,Linux-6.12.111+deb13-amd64-x86_64-with-glibc2.41,3.13.5,900,24,alocacao,178.291351,5047.917327
Linux,Linux-6.12.111+deb13-amd64-x86_64-with-glibc2.41,3.13.5,900,24,escrita,134.283797,6702.223352
Linux,Linux-6.12.111+deb13-amd64-x86_64-with-glibc2.41,3.13.5,900,24,leitura,108.006347,8332.843624
Linux,Linux-6.12.111+deb13-amd64-x86_64-with-glibc2.41,3.13.5,900,24,liberacao,4.936923,182299.784704
Linux,Linux-6.12.111+deb13-amd64-x86_64-with-glibc2.41,3.13.5,900,25,alocacao,183.281605,4910.476422
Linux,Linux-6.12.111+deb13-amd64-x86_64-with-glibc2.41,3.13.5,900,25,escrita,138.934911,6477.853504
Linux,Linux-6.12.111+deb13-amd64-x86_64-with-glibc2.41,3.13.5,900,25,leitura,112.906442,7971.201502
Linux,Linux-6.12.111+deb13-amd64-x86_64-with-glibc2.41,3.13.5,900,25,liberacao,5.221711,172357.298211
Linux,Linux-6.12.111+deb13-amd64-x86_64-with-glibc2.41,3.13.5,900,26,alocacao,171.939235,5234.407377
Linux,Linux-6.12.111+deb13-amd64-x86_64-with-glibc2.41,3.13.5,900,26,escrita,132.565007,6789.121959
Linux,Linux-6.12.111+deb13-amd64-x86_64-with-glibc2.41,3.13.5,900,26,leitura,113.096337,7957.817414
Linux,Linux-6.12.111+deb13-amd64-x86_64-with-glibc2.41,3.13.5,900,26,liberacao,5.275009,170615.822646
Linux,Linux-6.12.111+deb13-amd64-x86_64-with-glibc2.41,3.13.5,900,27,alocacao,175.870418,5117.404111
Linux,Linux-6.12.111+deb13-amd64-x86_64-with-glibc2.41,3.13.5,900,27,escrita,140.294171,6415.0919
Linux,Linux-6.12.111+deb13-amd64-x86_64-with-glibc2.41,3.13.5,900,27,leitura,114.301624,7873.903874
Linux,Linux-6.12.111+deb13-amd64-x86_64-with-glibc2.41,3.13.5,900,27,liberacao,4.973611,180955.044534
Linux,Linux-6.12.111+deb13-amd64-x86_64-with-glibc2.41,3.13.5,900,28,alocacao,173.033433,5201.306964
Linux,Linux-6.12.111+deb13-amd64-x86_64-with-glibc2.41,3.13.5,900,28,escrita,134.297467,6701.541139
Linux,Linux-6.12.111+deb13-amd64-x86_64-with-glibc2.41,3.13.5,900,28,leitura,109.840709,8193.683455
Linux,Linux-6.12.111+deb13-amd64-x86_64-with-glibc2.41,3.13.5,900,28,liberacao,5.140457,175081.709661
Linux,Linux-6.12.111+deb13-amd64-x86_64-with-glibc2.41,3.13.5,900,29,alocacao,175.759428,5120.635691
Linux,Linux-6.12.111+deb13-amd64-x86_64-with-glibc2.41,3.13.5,900,29,escrita,134.454649,6693.706813
Linux,Linux-6.12.111+deb13-amd64-x86_64-with-glibc2.41,3.13.5,900,29,leitura,109.03316,8254.369588
Linux,Linux-6.12.111+deb13-amd64-x86_64-with-glibc2.41,3.13.5,900,29,liberacao,4.871596,184744.383565
Linux,Linux-6.12.111+deb13-amd64-x86_64-with-glibc2.41,3.13.5,900,30,alocacao,175.760137,5120.615035
Linux,Linux-6.12.111+deb13-amd64-x86_64-with-glibc2.41,3.13.5,900,30,escrita,133.714279,6730.769569
Linux,Linux-6.12.111+deb13-amd64-x86_64-with-glibc2.41,3.13.5,900,30,leitura,109.325441,8232.301574
Linux,Linux-6.12.111+deb13-amd64-x86_64-with-glibc2.41,3.13.5,900,30,liberacao,4.944802,182009.309978
Linux,Linux-6.12.111+deb13-amd64-x86_64-with-glibc2.41,3.13.5,900,31,alocacao,172.660517,5212.540861
Linux,Linux-6.12.111+deb13-amd64-x86_64-with-glibc2.41,3.13.5,900,31,escrita,133.819834,6725.460443
Linux,Linux-6.12.111+deb13-amd64-x86_64-with-glibc2.41,3.13.5,900,31,leitura,109.260699,8237.179592
Linux,Linux-6.12.111+deb13-amd64-x86_64-with-glibc2.41,3.13.5,900,31,liberacao,4.827651,186426.069324
Linux,Linux-6.12.111+deb13-amd64-x86_64-with-glibc2.41,3.13.5,900,32,alocacao,189.80454,4741.720087
Linux,Linux-6.12.111+deb13-amd64-x86_64-with-glibc2.41,3.13.5,900,32,escrita,135.0505,6664.173772
Linux,Linux-6.12.111+deb13-amd64-x86_64-with-glibc2.41,3.13.5,900,32,leitura,109.526852,8217.163039
Linux,Linux-6.12.111+deb13-amd64-x86_64-with-glibc2.41,3.13.5,900,32,liberacao,4.893575,183914.622745
Linux,Linux-6.12.111+deb13-amd64-x86_64-with-glibc2.41,3.13.5,900,33,alocacao,171.709194,5241.419979
Linux,Linux-6.12.111+deb13-amd64-x86_64-with-glibc2.41,3.13.5,900,33,escrita,132.416608,6796.730513
Linux,Linux-6.12.111+deb13-amd64-x86_64-with-glibc2.41,3.13.5,900,33,leitura,110.319908,8158.092373
Linux,Linux-6.12.111+deb13-amd64-x86_64-with-glibc2.41,3.13.5,900,33,liberacao,4.938848,182228.730263
Linux,Linux-6.12.111+deb13-amd64-x86_64-with-glibc2.41,3.13.5,900,34,alocacao,177.88424,5059.470136
Linux,Linux-6.12.111+deb13-amd64-x86_64-with-glibc2.41,3.13.5,900,34,escrita,139.507973,6451.244188
Linux,Linux-6.12.111+deb13-amd64-x86_64-with-glibc2.41,3.13.5,900,34,leitura,111.586612,8065.483698
Linux,Linux-6.12.111+deb13-amd64-x86_64-with-glibc2.41,3.13.5,900,34,liberacao,4.739778,189882.310944
Linux,Linux-6.12.111+deb13-amd64-x86_64-with-glibc2.41,3.13.5,900,35,alocacao,172.281657,5224.003621
Linux,Linux-6.12.111+deb13-amd64-x86_64-with-glibc2.41,3.13.5,900,35,escrita,134.257853,6703.51849
Linux,Linux-6.12.111+deb13-amd64-x86_64-with-glibc2.41,3.13.5,900,35,leitura,108.756842,8275.341426
Linux,Linux-6.12.111+deb13-amd64-x86_64-with-glibc2.41,3.13.5,900,35,liberacao,4.775736,188452.628035
Linux,Linux-6.12.111+deb13-amd64-x86_64-with-glibc2.41,3.13.5,900,36,alocacao,171.616353,5244.255482
Linux,Linux-6.12.111+deb13-amd64-x86_64-with-glibc2.41,3.13.5,900,36,escrita,133.850719,6723.908596
Linux,Linux-6.12.111+deb13-amd64-x86_64-with-glibc2.41,3.13.5,900,36,leitura,109.577841,8213.33941
Linux,Linux-6.12.111+deb13-amd64-x86_64-with-glibc2.41,3.13.5,900,36,liberacao,4.769885,188683.794263
Linux,Linux-6.12.111+deb13-amd64-x86_64-with-glibc2.41,3.13.5,900,37,alocacao,174.976177,5143.557343
Linux,Linux-6.12.111+deb13-amd64-x86_64-with-glibc2.41,3.13.5,900,37,escrita,133.424429,6745.391431
Linux,Linux-6.12.111+deb13-amd64-x86_64-with-glibc2.41,3.13.5,900,37,leitura,108.348511,8306.52855
Linux,Linux-6.12.111+deb13-amd64-x86_64-with-glibc2.41,3.13.5,900,37,liberacao,4.789694,187903.444354
Linux,Linux-6.12.111+deb13-amd64-x86_64-with-glibc2.41,3.13.5,900,38,alocacao,178.585285,5039.608947
Linux,Linux-6.12.111+deb13-amd64-x86_64-with-glibc2.41,3.13.5,900,38,escrita,134.020397,6715.395717
Linux,Linux-6.12.111+deb13-amd64-x86_64-with-glibc2.41,3.13.5,900,38,leitura,109.088394,8250.190208
Linux,Linux-6.12.111+deb13-amd64-x86_64-with-glibc2.41,3.13.5,900,38,liberacao,4.748742,189523.878113
Linux,Linux-6.12.111+deb13-amd64-x86_64-with-glibc2.41,3.13.5,900,39,alocacao,185.641755,4848.047251
Linux,Linux-6.12.111+deb13-amd64-x86_64-with-glibc2.41,3.13.5,900,39,escrita,137.259687,6556.914267
Linux,Linux-6.12.111+deb13-amd64-x86_64-with-glibc2.41,3.13.5,900,39,leitura,109.153811,8245.245784
Linux,Linux-6.12.111+deb13-amd64-x86_64-with-glibc2.41,3.13.5,900,39,liberacao,4.916893,183042.421301
Linux,Linux-6.12.111+deb13-amd64-x86_64-with-glibc2.41,3.13.5,900,40,alocacao,172.885192,5205.766842
Linux,Linux-6.12.111+deb13-amd64-x86_64-with-glibc2.41,3.13.5,900,40,escrita,133.848661,6724.011979
Linux,Linux-6.12.111+deb13-amd64-x86_64-with-glibc2.41,3.13.5,900,40,leitura,111.642857,8061.420356
Linux,Linux-6.12.111+deb13-amd64-x86_64-with-glibc2.41,3.13.5,900,40,liberacao,4.836727,186076.245362
Linux,Linux-6.12.111+deb13-amd64-x86_64-with-glibc2.41,3.13.5,900,41,alocacao,173.10613,5199.122642
Linux,Linux-6.12.111+deb13-amd64-x86_64-with-glibc2.41,3.13.5,900,41,escrita,140.552989,6403.27898
Linux,Linux-6.12.111+deb13-amd64-x86_64-with-glibc2.41,3.13.5,900,41,leitura,115.288598,7806.496181
Linux,Linux-6.12.111+deb13-amd64-x86_64-with-glibc2.41,3.13.5,900,41,liberacao,4.951376,181767.654082
Linux,Linux-6.12.111+deb13-amd64-x86_64-with-glibc2.41,3.13.5,900,42,alocacao,172.286451,5223.858259
Linux,Linux-6.12.111+deb13-amd64-x86_64-with-glibc2.41,3.13.5,900,42,escrita,134.207106,6706.053255
Linux,Linux-6.12.111+deb13-amd64-x86_64-with-glibc2.41,3.13.5,900,42,leitura,109.572487,8213.740736
Linux,Linux-6.12.111+deb13-amd64-x86_64-with-glibc2.41,3.13.5,900,42,liberacao,4.80161,187437.130462
Linux,Linux-6.12.111+deb13-amd64-x86_64-with-glibc2.41,3.13.5,900,43,alocacao,174.735489,5150.642295
Linux,Linux-6.12.111+deb13-amd64-x86_64-with-glibc2.41,3.13.5,900,43,escrita,135.463701,6643.846236
Linux,Linux-6.12.111+deb13-amd64-x86_64-with-glibc2.41,3.13.5,900,43,leitura,108.445419,8299.105746
Linux,Linux-6.12.111+deb13-amd64-x86_64-with-glibc2.41,3.13.5,900,43,liberacao,4.499878,200005.422369
Linux,Linux-6.12.111+deb13-amd64-x86_64-with-glibc2.41,3.13.5,900,44,alocacao,175.757729,5120.68519
Linux,Linux-6.12.111+deb13-amd64-x86_64-with-glibc2.41,3.13.5,900,44,escrita,134.783924,6677.354192
Linux,Linux-6.12.111+deb13-amd64-x86_64-with-glibc2.41,3.13.5,900,44,leitura,109.234465,8239.157852
Linux,Linux-6.12.111+deb13-amd64-x86_64-with-glibc2.41,3.13.5,900,44,liberacao,4.719995,190678.168091
Linux,Linux-6.12.111+deb13-amd64-x86_64-with-glibc2.41,3.13.5,900,45,alocacao,175.115788,5139.456643
Linux,Linux-6.12.111+deb13-amd64-x86_64-with-glibc2.41,3.13.5,900,45,escrita,133.868044,6723.038397
Linux,Linux-6.12.111+deb13-amd64-x86_64-with-glibc2.41,3.13.5,900,45,leitura,109.219022,8240.322826
Linux,Linux-6.12.111+deb13-amd64-x86_64-with-glibc2.41,3.13.5,900,45,liberacao,4.969452,181106.4882
Linux,Linux-6.12.111+deb13-amd64-x86_64-with-glibc2.41,3.13.5,900,46,alocacao,186.778396,4818.544432
Linux,Linux-6.12.111+deb13-amd64-x86_64-with-glibc2.41,3.13.5,900,46,escrita,138.497763,6498.299904
Linux,Linux-6.12.111+deb13-amd64-x86_64-with-glibc2.41,3.13.5,900,46,leitura,113.311652,7942.695955
Linux,Linux-6.12.111+deb13-amd64-x86_64-with-glibc2.41,3.13.5,900,46,liberacao,4.985128,180536.989221
Linux,Linux-6.12.111+deb13-amd64-x86_64-with-glibc2.41,3.13.5,900,47,alocacao,172.904122,5205.196901
Linux,Linux-6.12.111+deb13-amd64-x86_64-with-glibc2.41,3.13.5,900,47,escrita,134.310853,6700.873235
Linux,Linux-6.12.111+deb13-amd64-x86_64-with-glibc2.41,3.13.5,900,47,leitura,112.841703,7975.774701
Linux,Linux-6.12.111+deb13-amd64-x86_64-with-glibc2.41,3.13.5,900,47,liberacao,5.292172,170062.499858
Linux,Linux-6.12.111+deb13-amd64-x86_64-with-glibc2.41,3.13.5,900,48,alocacao,173.023701,5201.59952
Linux,Linux-6.12.111+deb13-amd64-x86_64-with-glibc2.41,3.13.5,900,48,escrita,139.708736,6441.973679
Linux,Linux-6.12.111+deb13-amd64-x86_64-with-glibc2.41,3.13.5,900,48,leitura,114.888892,7833.655494
Linux,Linux-6.12.111+deb13-amd64-x86_64-with-glibc2.41,3.13.5,900,48,liberacao,5.004184,179849.501937
Linux,Linux-6.12.111+deb13-amd64-x86_64-with-glibc2.41,3.13.5,900,49,alocacao,172.42612,5219.626818
Linux,Linux-6.12.111+deb13-amd64-x86_64-with-glibc2.41,3.13.5,900,49,escrita,133.700048,6731.48599
Linux,Linux-6.12.111+deb13-amd64-x86_64-with-glibc2.41,3.13.5,900,49,leitura,109.842531,8193.547543
Linux,Linux-6.12.111+deb13-amd64-x86_64-with-glibc2.41,3.13.5,900,49,liberacao,4.75363,189328.996998
Linux,Linux-6.12.111+deb13-amd64-x86_64-with-glibc2.41,3.13.5,900,50,alocacao,172.47515,5218.143019
Linux,Linux-6.12.111+deb13-amd64-x86_64-with-glibc2.41,3.13.5,900,50,escrita,135.147491,6659.391109
Linux,Linux-6.12.111+deb13-amd64-x86_64-with-glibc2.41,3.13.5,900,50,leitura,107.304851,8387.318855
Linux,Linux-6.12.111+deb13-amd64-x86_64-with-glibc2.41,3.13.5,900,50,liberacao,4.426422,203324.490977
Linux,Linux-6.12.111+deb13-amd64-x86_64-with-glibc2.41,3.13.5,900,51,alocacao,174.253604,5164.886001
Linux,Linux-6.12.111+deb13-amd64-x86_64-with-glibc2.41,3.13.5,900,51,escrita,132.866149,6773.734369
Linux,Linux-6.12.111+deb13-amd64-x86_64-with-glibc2.41,3.13.5,900,51,leitura,109.314423,8233.131322
Linux,Linux-6.12.111+deb13-amd64-x86_64-with-glibc2.41,3.13.5,900,51,liberacao,4.761849,189002.213216
Linux,Linux-6.12.111+deb13-amd64-x86_64-with-glibc2.41,3.13.5,900,52,alocacao,171.900354,5235.591312
Linux,Linux-6.12.111+deb13-amd64-x86_64-with-glibc2.41,3.13.5,900,52,escrita,131.851949,6825.837667
Linux,Linux-6.12.111+deb13-amd64-x86_64-with-glibc2.41,3.13.5,900,52,leitura,109.687388,8205.136583
Linux,Linux-6.12.111+deb13-amd64-x86_64-with-glibc2.41,3.13.5,900,52,liberacao,4.807117,187222.403782
Linux,Linux-6.12.111+deb13-amd64-x86_64-with-glibc2.41,3.13.5,900,53,alocacao,184.339549,4882.294683
Linux,Linux-6.12.111+deb13-amd64-x86_64-with-glibc2.41,3.13.5,900,53,escrita,135.956675,6619.755889
Linux,Linux-6.12.111+deb13-amd64-x86_64-with-glibc2.41,3.13.5,900,53,leitura,108.959079,8259.981713
Linux,Linux-6.12.111+deb13-amd64-x86_64-with-glibc2.41,3.13.5,900,53,liberacao,4.58436,196319.66076
Linux,Linux-6.12.111+deb13-amd64-x86_64-with-glibc2.41,3.13.5,900,54,alocacao,178.863161,5031.779574
Linux,Linux-6.12.111+deb13-amd64-x86_64-with-glibc2.41,3.13.5,900,54,escrita,136.613474,6587.929972
Linux,Linux-6.12.111+deb13-amd64-x86_64-with-glibc2.41,3.13.5,900,54,leitura,109.074879,8251.212454
Linux,Linux-6.12.111+deb13-amd64-x86_64-with-glibc2.41,3.13.5,900,54,liberacao,4.7475,189573.459716
Linux,Linux-6.12.111+deb13-amd64-x86_64-with-glibc2.41,3.13.5,900,55,alocacao,172.528321,5216.534855
Linux,Linux-6.12.111+deb13-amd64-x86_64-with-glibc2.41,3.13.5,900,55,escrita,141.336283,6367.791631
Linux,Linux-6.12.111+deb13-amd64-x86_64-with-glibc2.41,3.13.5,900,55,leitura,101.465804,8869.983428
Linux,Linux-6.12.111+deb13-amd64-x86_64-with-glibc2.41,3.13.5,900,55,liberacao,4.474538,201138.083976
Linux,Linux-6.12.111+deb13-amd64-x86_64-with-glibc2.41,3.13.5,900,56,alocacao,169.686487,5303.899067
Linux,Linux-6.12.111+deb13-amd64-x86_64-with-glibc2.41,3.13.5,900,56,escrita,132.701306,6782.148776
Linux,Linux-6.12.111+deb13-amd64-x86_64-with-glibc2.41,3.13.5,900,56,leitura,107.950465,8337.157232
Linux,Linux-6.12.111+deb13-amd64-x86_64-with-glibc2.41,3.13.5,900,56,liberacao,4.729772,190284.01369
Linux,Linux-6.12.111+deb13-amd64-x86_64-with-glibc2.41,3.13.5,900,57,alocacao,171.338335,5252.764946
Linux,Linux-6.12.111+deb13-amd64-x86_64-with-glibc2.41,3.13.5,900,57,escrita,144.626977,6222.905427
Linux,Linux-6.12.111+deb13-amd64-x86_64-with-glibc2.41,3.13.5,900,57,leitura,108.092338,8326.214574
Linux,Linux-6.12.111+deb13-amd64-x86_64-with-glibc2.41,3.13.5,900,57,liberacao,4.635784,194141.918605
Linux,Linux-6.12.111+deb13-amd64-x86_64-with-glibc2.41,3.13.5,900,58,alocacao,176.733912,5092.401282
Linux,Linux-6.12.111+deb13-amd64-x86_64-with-glibc2.41,3.13.5,900,58,escrita,133.371364,6748.075246
Linux,Linux-6.12.111+deb13-amd64-x86_64-with-glibc2.41,3.13.5,900,58,leitura,109.041941,8253.704875
Linux,Linux-6.12.111+deb13-amd64-x86_64-with-glibc2.41,3.13.5,900,58,liberacao,4.745207,189665.066245
Linux,Linux-6.12.111+deb13-amd64-x86_64-with-glibc2.41,3.13.5,900,59,alocacao,173.167708,5197.273847
Linux,Linux-6.12.111+deb13-amd64-x86_64-with-glibc2.41,3.13.5,900,59,escrita,133.369835,6748.152609
Linux,Linux-6.12.111+deb13-amd64-x86_64-with-glibc2.41,3.13.5,900,59,leitura,108.603115,8287.055118
Linux,Linux-6.12.111+deb13-amd64-x86_64-with-glibc2.41,3.13.5,900,59,liberacao,4.72098,190638.384403
Linux,Linux-6.12.111+deb13-amd64-x86_64-with-glibc2.41,3.13.5,900,60,alocacao,182.813627,4923.046574
Linux,Linux-6.12.111+deb13-amd64-x86_64-with-glibc2.41,3.13.5,900,60,escrita,137.202134,6559.664735
Linux,Linux-6.12.111+deb13-amd64-x86_64-with-glibc2.41,3.13.5,900,60,leitura,108.843088,8268.784142
Linux,Linux-6.12.111+deb13-amd64-x86_64-with-glibc2.41,3.13.5,900,60,liberacao,4.808596,187164.819003
Linux,Linux-6.12.111+deb13-amd64-x86_64-with-glibc2.41,3.13.5,900,61,alocacao,172.672356,5212.183472
Linux,Linux-6.12.111+deb13-amd64-x86_64-with-glibc2.41,3.13.5,900,61,escrita,134.002536,6716.290802
Linux,Linux-6.12.111+deb13-amd64-x86_64-with-glibc2.41,3.13.5,900,61,leitura,108.523017,8293.171577
Linux,Linux-6.12.111+deb13-amd64-x86_64-with-glibc2.41,3.13.5,900,61,liberacao,4.812414,187016.329019
Linux,Linux-6.12.111+deb13-amd64-x86_64-with-glibc2.41,3.13.5,900,62,alocacao,175.230013,5136.10645
Linux,Linux-6.12.111+deb13-amd64-x86_64-with-glibc2.41,3.13.5,900,62,escrita,138.990533,6475.26116
Linux,Linux-6.12.111+deb13-amd64-x86_64-with-glibc2.41,3.13.5,900,62,leitura,113.614672,7921.512109
Linux,Linux-6.12.111+deb13-amd64-x86_64-with-glibc2.41,3.13.5,900,62,liberacao,4.915297,183101.85529
Linux,Linux-6.12.111+deb13-amd64-x86_64-with-glibc2.41,3.13.5,900,63,alocacao,172.458729,5218.639875
Linux,Linux-6.12.111+deb13-amd64-x86_64-with-glibc2.41,3.13.5,900,63,escrita,133.633843,6734.820909
Linux,Linux-6.12.111+deb13-amd64-x86_64-with-glibc2.41,3.13.5,900,63,leitura,107.584502,8365.517182
Linux,Linux-6.12.111+deb13-amd64-x86_64-with-glibc2.41,3.13.5,900,63,liberacao,4.852641,185466.017371
Linux,Linux-6.12.111+deb13-amd64-x86_64-with-glibc2.41,3.13.5,900,64,alocacao,172.244598,5225.127583
Linux,Linux-6.12.111+deb13-amd64-x86_64-with-glibc2.41,3.13.5,900,64,escrita,133.733936,6729.780241
Linux,Linux-6.12.111+deb13-amd64-x86_64-with-glibc2.41,3.13.5,900,64,leitura,109.360856,8229.635657
Linux,Linux-6.12.111+deb13-amd64-x86_64-with-glibc2.41,3.13.5,900,64,liberacao,4.61573,194985.408592
Linux,Linux-6.12.111+deb13-amd64-x86_64-with-glibc2.41,3.13.5,900,65,alocacao,177.73207,5063.801935
Linux,Linux-6.12.111+deb13-amd64-x86_64-with-glibc2.41,3.13.5,900,65,escrita,133.393239,6746.968638
Linux,Linux-6.12.111+deb13-amd64-x86_64-with-glibc2.41,3.13.5,900,65,leitura,108.493159,8295.45391
Linux,Linux-6.12.111+deb13-amd64-x86_64-with-glibc2.41,3.13.5,900,65,liberacao,4.894638,183874.680824
Linux,Linux-6.12.111+deb13-amd64-x86_64-with-glibc2.41,3.13.5,900,66,alocacao,178.675138,5037.074604
Linux,Linux-6.12.111+deb13-amd64-x86_64-with-glibc2.41,3.13.5,900,66,escrita,135.041785,6664.603848
Linux,Linux-6.12.111+deb13-amd64-x86_64-with-glibc2.41,3.13.5,900,66,leitura,108.597296,8287.499166
Linux,Linux-6.12.111+deb13-amd64-x86_64-with-glibc2.41,3.13.5,900,66,liberacao,4.848264,185633.455604
Linux,Linux-6.12.111+deb13-amd64-x86_64-with-glibc2.41,3.13.5,900,67,alocacao,185.337991,4855.993071
Linux,Linux-6.12.111+deb13-amd64-x86_64-with-glibc2.41,3.13.5,900,67,escrita,140.721233,6395.623324
Linux,Linux-6.12.111+deb13-amd64-x86_64-with-glibc2.41,3.13.5,900,67,leitura,112.755496,7981.872564
Linux,Linux-6.12.111+deb13-amd64-x86_64-with-glibc2.41,3.13.5,900,67,liberacao,4.78345,188148.721111
Linux,Linux-6.12.111+deb13-amd64-x86_64-with-glibc2.41,3.13.5,900,68,alocacao,173.831177,5177.437187
Linux,Linux-6.12.111+deb13-amd64-x86_64-with-glibc2.41,3.13.5,900,68,escrita,133.885861,6722.143722
Linux,Linux-6.12.111+deb13-amd64-x86_64-with-glibc2.41,3.13.5,900,68,leitura,112.249805,8017.8313
Linux,Linux-6.12.111+deb13-amd64-x86_64-with-glibc2.41,3.13.5,900,68,liberacao,5.129794,175445.641677
Linux,Linux-6.12.111+deb13-amd64-x86_64-with-glibc2.41,3.13.5,900,69,alocacao,171.928056,5234.747725
Linux,Linux-6.12.111+deb13-amd64-x86_64-with-glibc2.41,3.13.5,900,69,escrita,140.302553,6414.708648
Linux,Linux-6.12.111+deb13-amd64-x86_64-with-glibc2.41,3.13.5,900,69,leitura,115.810728,7771.300773
Linux,Linux-6.12.111+deb13-amd64-x86_64-with-glibc2.41,3.13.5,900,69,liberacao,5.053149,178106.760755
Linux,Linux-6.12.111+deb13-amd64-x86_64-with-glibc2.41,3.13.5,900,70,alocacao,175.301951,5133.998765
Linux,Linux-6.12.111+deb13-amd64-x86_64-with-glibc2.41,3.13.5,900,70,escrita,138.544566,6496.104654
Linux,Linux-6.12.111+deb13-amd64-x86_64-with-glibc2.41,3.13.5,900,70,leitura,112.574417,7994.711623
Linux,Linux-6.12.111+deb13-amd64-x86_64-with-glibc2.41,3.13.5,900,70,liberacao,4.942447,182096.034616
Linux,Linux-6.12.111+deb13-amd64-x86_64-with-glibc2.41,3.13.5,900,71,alocacao,175.677856,5123.013341
Linux,Linux-6.12.111+deb13-amd64-x86_64-with-glibc2.41,3.13.5,900,71,escrita,133.8022,6726.346801
Linux,Linux-6.12.111+deb13-amd64-x86_64-with-glibc2.41,3.13.5,900,71,leitura,112.46093,8002.779276
Linux,Linux-6.12.111+deb13-amd64-x86_64-with-glibc2.41,3.13.5,900,71,liberacao,4.77618,188435.10923
Linux,Linux-6.12.111+deb13-amd64-x86_64-with-glibc2.41,3.13.5,900,72,alocacao,177.42637,5072.526705
Linux,Linux-6.12.111+deb13-amd64-x86_64-with-glibc2.41,3.13.5,900,72,escrita,133.577071,6737.683296
Linux,Linux-6.12.111+deb13-amd64-x86_64-with-glibc2.41,3.13.5,900,72,leitura,109.359864,8229.710308
Linux,Linux-6.12.111+deb13-amd64-x86_64-with-glibc2.41,3.13.5,900,72,liberacao,4.842891,185839.408733
Linux,Linux-6.12.111+deb13-amd64-x86_64-with-glibc2.41,3.13.5,900,73,alocacao,172.814962,5207.882405
Linux,Linux-6.12.111+deb13-amd64-x86_64-with-glibc2.41,3.13.5,900,73,escrita,132.990843,6767.383225
Linux,Linux-6.12.111+deb13-amd64-x86_64-with-glibc2.41,3.13.5,900,73,leitura,109.240908,8238.671909
Linux,Linux-6.12.111+deb13-amd64-x86_64-with-glibc2.41,3.13.5,900,73,liberacao,4.813116,186989.052414
Linux,Linux-6.12.111+deb13-amd64-x86_64-with-glibc2.41,3.13.5,900,74,alocacao,188.937813,4763.472095
Linux,Linux-6.12.111+deb13-amd64-x86_64-with-glibc2.41,3.13.5,900,74,escrita,136.054494,6614.996488
Linux,Linux-6.12.111+deb13-amd64-x86_64-with-glibc2.41,3.13.5,900,74,leitura,110.228878,8164.829547
Linux,Linux-6.12.111+deb13-amd64-x86_64-with-glibc2.41,3.13.5,900,74,liberacao,4.833608,186196.315465
Linux,Linux-6.12.111+deb13-amd64-x86_64-with-glibc2.41,3.13.5,900,75,alocacao,172.939776,5204.123775
Linux,Linux-6.12.111+deb13-amd64-x86_64-with-glibc2.41,3.13.5,900,75,escrita,134.121428,6710.337143
Linux,Linux-6.12.111+deb13-amd64-x86_64-with-glibc2.41,3.13.5,900,75,leitura,113.437116,7933.911155
Linux,Linux-6.12.111+deb13-amd64-x86_64-with-glibc2.41,3.13.5,900,75,liberacao,4.930453,182539.008079
Linux,Linux-6.12.111+deb13-amd64-x86_64-with-glibc2.41,3.13.5,900,76,alocacao,172.686233,5211.764623
Linux,Linux-6.12.111+deb13-amd64-x86_64-with-glibc2.41,3.13.5,900,76,escrita,139.744627,6440.319169
Linux,Linux-6.12.111+deb13-amd64-x86_64-with-glibc2.41,3.13.5,900,76,leitura,114.186878,7881.816333
Linux,Linux-6.12.111+deb13-amd64-x86_64-with-glibc2.41,3.13.5,900,76,liberacao,4.917695,183012.569913
Linux,Linux-6.12.111+deb13-amd64-x86_64-with-glibc2.41,3.13.5,900,77,alocacao,179.986013,5000.388558
Linux,Linux-6.12.111+deb13-amd64-x86_64-with-glibc2.41,3.13.5,900,77,escrita,135.335082,6650.160377
Linux,Linux-6.12.111+deb13-amd64-x86_64-with-glibc2.41,3.13.5,900,77,leitura,113.744553,7912.466806
Linux,Linux-6.12.111+deb13-amd64-x86_64-with-glibc2.41,3.13.5,900,77,liberacao,5.074513,177356.920753
Linux,Linux-6.12.111+deb13-amd64-x86_64-with-glibc2.41,3.13.5,900,78,alocacao,173.843897,5177.058358
Linux,Linux-6.12.111+deb13-amd64-x86_64-with-glibc2.41,3.13.5,900,78,escrita,133.504274,6741.357209
Linux,Linux-6.12.111+deb13-amd64-x86_64-with-glibc2.41,3.13.5,900,78,leitura,110.931133,8113.141691
Linux,Linux-6.12.111+deb13-amd64-x86_64-with-glibc2.41,3.13.5,900,78,liberacao,5.05755,177951.775069
Linux,Linux-6.12.111+deb13-amd64-x86_64-with-glibc2.41,3.13.5,900,79,alocacao,179.089594,5025.417613
Linux,Linux-6.12.111+deb13-amd64-x86_64-with-glibc2.41,3.13.5,900,79,escrita,133.865716,6723.155315
Linux,Linux-6.12.111+deb13-amd64-x86_64-with-glibc2.41,3.13.5,900,79,leitura,111.192598,8094.063959
Linux,Linux-6.12.111+deb13-amd64-x86_64-with-glibc2.41,3.13.5,900,79,liberacao,4.883406,184297.598848
Linux,Linux-6.12.111+deb13-amd64-x86_64-with-glibc2.41,3.13.5,900,80,alocacao,174.289229,5163.83029
Linux,Linux-6.12.111+deb13-amd64-x86_64-with-glibc2.41,3.13.5,900,80,escrita,133.453771,6743.908346
Linux,Linux-6.12.111+deb13-amd64-x86_64-with-glibc2.41,3.13.5,900,80,leitura,110.15772,8170.103739
Linux,Linux-6.12.111+deb13-amd64-x86_64-with-glibc2.41,3.13.5,900,80,liberacao,4.717287,190787.628567
Linux,Linux-6.12.111+deb13-amd64-x86_64-with-glibc2.41,3.13.5,900,81,alocacao,182.980079,4918.568212
Linux,Linux-6.12.111+deb13-amd64-x86_64-with-glibc2.41,3.13.5,900,81,escrita,134.967961,6668.249215
Linux,Linux-6.12.111+deb13-amd64-x86_64-with-glibc2.41,3.13.5,900,81,leitura,110.07396,8176.320721
Linux,Linux-6.12.111+deb13-amd64-x86_64-with-glibc2.41,3.13.5,900,81,liberacao,4.983178,180607.636332
Linux,Linux-6.12.111+deb13-amd64-x86_64-with-glibc2.41,3.13.5,900,82,alocacao,175.227437,5136.181955
Linux,Linux-6.12.111+deb13-amd64-x86_64-with-glibc2.41,3.13.5,900,82,escrita,138.301799,6507.507542
Linux,Linux-6.12.111+deb13-amd64-x86_64-with-glibc2.41,3.13.5,900,82,leitura,113.005014,7964.248383
Linux,Linux-6.12.111+deb13-amd64-x86_64-with-glibc2.41,3.13.5,900,82,liberacao,4.841977,185874.488871
Linux,Linux-6.12.111+deb13-amd64-x86_64-with-glibc2.41,3.13.5,900,83,alocacao,175.092558,5140.138509
Linux,Linux-6.12.111+deb13-amd64-x86_64-with-glibc2.41,3.13.5,900,83,escrita,143.825255,6257.593633
Linux,Linux-6.12.111+deb13-amd64-x86_64-with-glibc2.41,3.13.5,900,83,leitura,112.623768,7991.208392
Linux,Linux-6.12.111+deb13-amd64-x86_64-with-glibc2.41,3.13.5,900,83,liberacao,4.805522,187284.544738
Linux,Linux-6.12.111+deb13-amd64-x86_64-with-glibc2.41,3.13.5,900,84,alocacao,175.745508,5121.041273
Linux,Linux-6.12.111+deb13-amd64-x86_64-with-glibc2.41,3.13.5,900,84,escrita,133.987881,6717.0254
Linux,Linux-6.12.111+deb13-amd64-x86_64-with-glibc2.41,3.13.5,900,84,leitura,106.182052,8476.008733
Linux,Linux-6.12.111+deb13-amd64-x86_64-with-glibc2.41,3.13.5,900,84,liberacao,4.489839,200452.622021
Linux,Linux-6.12.111+deb13-amd64-x86_64-with-glibc2.41,3.13.5,900,85,alocacao,171.770985,5239.534488
Linux,Linux-6.12.111+deb13-amd64-x86_64-with-glibc2.41,3.13.5,900,85,escrita,133.507455,6741.196587
Linux,Linux-6.12.111+deb13-amd64-x86_64-with-glibc2.41,3.13.5,900,85,leitura,111.45972,8074.665897
Linux,Linux-6.12.111+deb13-amd64-x86_64-with-glibc2.41,3.13.5,900,85,liberacao,5.122034,175711.445883
Linux,Linux-6.12.111+deb13-amd64-x86_64-with-glibc2.41,3.13.5,900,86,alocacao,174.71843,5151.145188
Linux,Linux-6.12.111+deb13-amd64-x86_64-with-glibc2.41,3.13.5,900,86,escrita,133.924851,6720.186681
Linux,Linux-6.12.111+deb13-amd64-x86_64-with-glibc2.41,3.13.5,900,86,leitura,110.72134,8128.514341
Linux,Linux-6.12.111+deb13-amd64-x86_64-with-glibc2.41,3.13.5,900,86,liberacao,5.0602,177858.582665
Linux,Linux-6.12.111+deb13-amd64-x86_64-with-glibc2.41,3.13.5,900,87,alocacao,173.040507,5201.094331
Linux,Linux-6.12.111+deb13-amd64-x86_64-with-glibc2.41,3.13.5,900,87,escrita,133.203336,6756.587538
Linux,Linux-6.12.111+deb13-amd64-x86_64-with-glibc2.41,3.13.5,900,87,leitura,109.51982,8217.690643
Linux,Linux-6.12.111+deb13-amd64-x86_64-with-glibc2.41,3.13.5,900,87,liberacao,4.884928,184240.177133
Linux,Linux-6.12.111+deb13-amd64-x86_64-with-glibc2.41,3.13.5,900,88,alocacao,184.535897,4877.099874
Linux,Linux-6.12.111+deb13-amd64-x86_64-with-glibc2.41,3.13.5,900,88,escrita,135.833027,6625.781814
Linux,Linux-6.12.111+deb13-amd64-x86_64-with-glibc2.41,3.13.5,900,88,leitura,109.124329,8247.473393
Linux,Linux-6.12.111+deb13-amd64-x86_64-with-glibc2.41,3.13.5,900,88,liberacao,4.690499,191877.239501
Linux,Linux-6.12.111+deb13-amd64-x86_64-with-glibc2.41,3.13.5,900,89,alocacao,174.657595,5152.939384
Linux,Linux-6.12.111+deb13-amd64-x86_64-with-glibc2.41,3.13.5,900,89,escrita,133.570947,6737.992207
Linux,Linux-6.12.111+deb13-amd64-x86_64-with-glibc2.41,3.13.5,900,89,leitura,109.661216,8207.09484
Linux,Linux-6.12.111+deb13-amd64-x86_64-with-glibc2.41,3.13.5,900,89,liberacao,4.831456,186279.249982
Linux,Linux-6.12.111+deb13-amd64-x86_64-with-glibc2.41,3.13.5,900,90,alocacao,174.115653,5168.978116
Linux,Linux-6.12.111+deb13-amd64-x86_64-with-glibc2.41,3.13.5,900,90,escrita,140.838667,6390.29053
Linux,Linux-6.12.111+deb13-amd64-x86_64-with-glibc2.41,3.13.5,900,90,leitura,112.449635,8003.583115
Linux,Linux-6.12.111+deb13-amd64-x86_64-with-glibc2.41,3.13.5,900,90,liberacao,4.66497,192927.285706
Linux,Linux-6.12.111+deb13-amd64-x86_64-with-glibc2.41,3.13.5,900,91,alocacao,173.457983,5188.576417
Linux,Linux-6.12.111+deb13-amd64-x86_64-with-glibc2.41,3.13.5,900,91,escrita,133.079992,6762.84982
Linux,Linux-6.12.111+deb13-amd64-x86_64-with-glibc2.41,3.13.5,900,91,leitura,107.035173,8408.45093
Linux,Linux-6.12.111+deb13-amd64-x86_64-with-glibc2.41,3.13.5,900,91,liberacao,4.823565,186583.989228
Linux,Linux-6.12.111+deb13-amd64-x86_64-with-glibc2.41,3.13.5,900,92,alocacao,171.241598,5255.732313
Linux,Linux-6.12.111+deb13-amd64-x86_64-with-glibc2.41,3.13.5,900,92,escrita,133.132882,6760.163128
Linux,Linux-6.12.111+deb13-amd64-x86_64-with-glibc2.41,3.13.5,900,92,leitura,108.84026,8268.99899
Linux,Linux-6.12.111+deb13-amd64-x86_64-with-glibc2.41,3.13.5,900,92,liberacao,4.895532,183841.102458
Linux,Linux-6.12.111+deb13-amd64-x86_64-with-glibc2.41,3.13.5,900,93,alocacao,175.640787,5124.094553
Linux,Linux-6.12.111+deb13-amd64-x86_64-with-glibc2.41,3.13.5,900,93,escrita,133.665964,6733.202478
Linux,Linux-6.12.111+deb13-amd64-x86_64-with-glibc2.41,3.13.5,900,93,leitura,109.082268,8250.653534
Linux,Linux-6.12.111+deb13-amd64-x86_64-with-glibc2.41,3.13.5,900,93,liberacao,4.652615,193439.60332
Linux,Linux-6.12.111+deb13-amd64-x86_64-with-glibc2.41,3.13.5,900,94,alocacao,182.285608,4937.306954
Linux,Linux-6.12.111+deb13-amd64-x86_64-with-glibc2.41,3.13.5,900,94,escrita,137.087003,6565.173797
Linux,Linux-6.12.111+deb13-amd64-x86_64-with-glibc2.41,3.13.5,900,94,leitura,110.267816,8161.946365
Linux,Linux-6.12.111+deb13-amd64-x86_64-with-glibc2.41,3.13.5,900,94,liberacao,4.935176,182364.316896
Linux,Linux-6.12.111+deb13-amd64-x86_64-with-glibc2.41,3.13.5,900,95,alocacao,183.253576,4911.227489
Linux,Linux-6.12.111+deb13-amd64-x86_64-with-glibc2.41,3.13.5,900,95,escrita,137.137149,6562.773155
Linux,Linux-6.12.111+deb13-amd64-x86_64-with-glibc2.41,3.13.5,900,95,leitura,111.118094,8099.490979
Linux,Linux-6.12.111+deb13-amd64-x86_64-with-glibc2.41,3.13.5,900,95,liberacao,4.775874,188447.182652
Linux,Linux-6.12.111+deb13-amd64-x86_64-with-glibc2.41,3.13.5,900,96,alocacao,172.750852,5209.815116
Linux,Linux-6.12.111+deb13-amd64-x86_64-with-glibc2.41,3.13.5,900,96,escrita,133.468394,6743.169473
Linux,Linux-6.12.111+deb13-amd64-x86_64-with-glibc2.41,3.13.5,900,96,leitura,108.70725,8279.116618
Linux,Linux-6.12.111+deb13-amd64-x86_64-with-glibc2.41,3.13.5,900,96,liberacao,5.110324,176114.07809
Linux,Linux-6.12.111+deb13-amd64-x86_64-with-glibc2.41,3.13.5,900,97,alocacao,171.790034,5238.953501
Linux,Linux-6.12.111+deb13-amd64-x86_64-with-glibc2.41,3.13.5,900,97,escrita,140.058746,6425.87504
Linux,Linux-6.12.111+deb13-amd64-x86_64-with-glibc2.41,3.13.5,900,97,leitura,111.178619,8095.081663
Linux,Linux-6.12.111+deb13-amd64-x86_64-with-glibc2.41,3.13.5,900,97,liberacao,5.009554,179656.711955
Linux,Linux-6.12.111+deb13-amd64-x86_64-with-glibc2.41,3.13.5,900,98,alocacao,173.531387,5186.381643
Linux,Linux-6.12.111+deb13-amd64-x86_64-with-glibc2.41,3.13.5,900,98,escrita,133.411902,6746.024804
Linux,Linux-6.12.111+deb13-amd64-x86_64-with-glibc2.41,3.13.5,900,98,leitura,108.083832,8326.869832
Linux,Linux-6.12.111+deb13-amd64-x86_64-with-glibc2.41,3.13.5,900,98,liberacao,4.583467,196357.909853
Linux,Linux-6.12.111+deb13-amd64-x86_64-with-glibc2.41,3.13.5,900,99,alocacao,171.836292,5237.543184
Linux,Linux-6.12.111+deb13-amd64-x86_64-with-glibc2.41,3.13.5,900,99,escrita,133.438937,6744.658045
Linux,Linux-6.12.111+deb13-amd64-x86_64-with-glibc2.41,3.13.5,900,99,leitura,108.343719,8306.895945
Linux,Linux-6.12.111+deb13-amd64-x86_64-with-glibc2.41,3.13.5,900,99,liberacao,4.845182,185751.536268
Linux,Linux-6.12.111+deb13-amd64-x86_64-with-glibc2.41,3.13.5,900,100,alocacao,174.769813,5149.630732
Linux,Linux-6.12.111+deb13-amd64-x86_64-with-glibc2.41,3.13.5,900,100,escrita,133.216288,6755.930626
Linux,Linux-6.12.111+deb13-amd64-x86_64-with-glibc2.41,3.13.5,900,100,leitura,108.243057,8314.621048
Linux,Linux-6.12.111+deb13-amd64-x86_64-with-glibc2.41,3.13.5,900,100,liberacao,4.796406,187640.495821
Linux,Linux-6.12.111+deb13-amd64-x86_64-with-glibc2.41,3.13.5,1000,1,alocacao,200.399158,4990.040926
Linux,Linux-6.12.111+deb13-amd64-x86_64-with-glibc2.41,3.13.5,1000,1,escrita,147.912579,6760.750213
Linux,Linux-6.12.111+deb13-amd64-x86_64-with-glibc2.41,3.13.5,1000,1,leitura,120.293157,8313.024822
Linux,Linux-6.12.111+deb13-amd64-x86_64-with-glibc2.41,3.13.5,1000,1,liberacao,5.196995,192418.888223
Linux,Linux-6.12.111+deb13-amd64-x86_64-with-glibc2.41,3.13.5,1000,2,alocacao,206.565851,4841.071238
Linux,Linux-6.12.111+deb13-amd64-x86_64-with-glibc2.41,3.13.5,1000,2,escrita,148.298016,6743.178547
Linux,Linux-6.12.111+deb13-amd64-x86_64-with-glibc2.41,3.13.5,1000,2,leitura,123.541443,8094.449731
Linux,Linux-6.12.111+deb13-amd64-x86_64-with-glibc2.41,3.13.5,1000,2,liberacao,5.410243,184834.581367
Linux,Linux-6.12.111+deb13-amd64-x86_64-with-glibc2.41,3.13.5,1000,3,alocacao,192.542984,5193.645487
Linux,Linux-6.12.111+deb13-amd64-x86_64-with-glibc2.41,3.13.5,1000,3,escrita,148.192165,6747.995078
Linux,Linux-6.12.111+deb13-amd64-x86_64-with-glibc2.41,3.13.5,1000,3,leitura,128.783894,7764.946135
Linux,Linux-6.12.111+deb13-amd64-x86_64-with-glibc2.41,3.13.5,1000,3,liberacao,5.640727,177282.112749
Linux,Linux-6.12.111+deb13-amd64-x86_64-with-glibc2.41,3.13.5,1000,4,alocacao,202.050565,4949.256143
Linux,Linux-6.12.111+deb13-amd64-x86_64-with-glibc2.41,3.13.5,1000,4,escrita,148.861256,6717.664669
Linux,Linux-6.12.111+deb13-amd64-x86_64-with-glibc2.41,3.13.5,1000,4,leitura,122.766026,8145.576041
Linux,Linux-6.12.111+deb13-amd64-x86_64-with-glibc2.41,3.13.5,1000,4,liberacao,5.664236,176546.31622
Linux,Linux-6.12.111+deb13-amd64-x86_64-with-glibc2.41,3.13.5,1000,5,alocacao,194.495803,5141.49912
Linux,Linux-6.12.111+deb13-amd64-x86_64-with-glibc2.41,3.13.5,1000,5,escrita,147.971188,6758.072389
Linux,Linux-6.12.111+deb13-amd64-x86_64-with-glibc2.41,3.13.5,1000,5,leitura,121.701957,8216.794739
Linux,Linux-6.12.111+deb13-amd64-x86_64-with-glibc2.41,3.13.5,1000,5,liberacao,5.631361,177576.965852
Linux,Linux-6.12.111+deb13-amd64-x86_64-with-glibc2.41,3.13.5,1000,6,alocacao,206.69724,4837.993966
Linux,Linux-6.12.111+deb13-amd64-x86_64-with-glibc2.41,3.13.5,1000,6,escrita,152.261295,6567.657263
Linux,Linux-6.12.111+deb13-amd64-x86_64-with-glibc2.41,3.13.5,1000,6,leitura,122.849361,8140.05048
Linux,Linux-6.12.111+deb13-amd64-x86_64-with-glibc2.41,3.13.5,1000,6,liberacao,5.496224,181943.094022
Linux,Linux-6.12.111+deb13-amd64-x86_64-with-glibc2.41,3.13.5,1000,7,alocacao,194.787996,5133.786581
Linux,Linux-6.12.111+deb13-amd64-x86_64-with-glibc2.41,3.13.5,1000,7,escrita,148.187546,6748.205413
Linux,Linux-6.12.111+deb13-amd64-x86_64-with-glibc2.41,3.13.5,1000,7,leitura,124.912244,8005.62033
Linux,Linux-6.12.111+deb13-amd64-x86_64-with-glibc2.41,3.13.5,1000,7,liberacao,5.635547,177445.064339
Linux,Linux-6.12.111+deb13-amd64-x86_64-with-glibc2.41,3.13.5,1000,8,alocacao,199.044249,5024.008506
Linux,Linux-6.12.111+deb13-amd64-x86_64-with-glibc2.41,3.13.5,1000,8,escrita,151.608375,6595.941682
Linux,Linux-6.12.111+deb13-amd64-x86_64-with-glibc2.41,3.13.5,1000,8,leitura,125.009108,7999.41713
Linux,Linux-6.12.111+deb13-amd64-x86_64-with-glibc2.41,3.13.5,1000,8,liberacao,5.43171,184104.085086
Linux,Linux-6.12.111+deb13-amd64-x86_64-with-glibc2.41,3.13.5,1000,9,alocacao,196.65043,5085.165591
Linux,Linux-6.12.111+deb13-amd64-x86_64-with-glibc2.41,3.13.5,1000,9,escrita,149.089738,6707.369759
Linux,Linux-6.12.111+deb13-amd64-x86_64-with-glibc2.41,3.13.5,1000,9,leitura,123.335862,8107.941873
Linux,Linux-6.12.111+deb13-amd64-x86_64-with-glibc2.41,3.13.5,1000,9,liberacao,5.530732,180807.89306
Linux,Linux-6.12.111+deb13-amd64-x86_64-with-glibc2.41,3.13.5,1000,10,alocacao,192.893614,5184.204802
Linux,Linux-6.12.111+deb13-amd64-x86_64-with-glibc2.41,3.13.5,1000,10,escrita,157.561782,6346.716744
Linux,Linux-6.12.111+deb13-amd64-x86_64-with-glibc2.41,3.13.5,1000,10,leitura,123.870247,8072.963639
Linux,Linux-6.12.111+deb13-amd64-x86_64-with-glibc2.41,3.13.5,1000,10,liberacao,5.386917,185634.937386
Linux,Linux-6.12.111+deb13-amd64-x86_64-with-glibc2.41,3.13.5,1000,11,alocacao,190.443459,5250.902316
Linux,Linux-6.12.111+deb13-amd64-x86_64-with-glibc2.41,3.13.5,1000,11,escrita,160.875618,6215.982337
Linux,Linux-6.12.111+deb13-amd64-x86_64-with-glibc2.41,3.13.5,1000,11,leitura,125.943691,7940.056322
Linux,Linux-6.12.111+deb13-amd64-x86_64-with-glibc2.41,3.13.5,1000,11,liberacao,5.216258,191708.308906
Linux,Linux-6.12.111+deb13-amd64-x86_64-with-glibc2.41,3.13.5,1000,12,alocacao,198.772406,5030.879387
Linux,Linux-6.12.111+deb13-amd64-x86_64-with-glibc2.41,3.13.5,1000,12,escrita,155.461421,6432.464039
Linux,Linux-6.12.111+deb13-amd64-x86_64-with-glibc2.41,3.13.5,1000,12,leitura,127.458003,7845.721543
Linux,Linux-6.12.111+deb13-amd64-x86_64-with-glibc2.41,3.13.5,1000,12,liberacao,5.683824,175937.889702
Linux,Linux-6.12.111+deb13-amd64-x86_64-with-glibc2.41,3.13.5,1000,13,alocacao,193.59695,5165.370632
Linux,Linux-6.12.111+deb13-amd64-x86_64-with-glibc2.41,3.13.5,1000,13,escrita,149.014053,6710.776466
Linux,Linux-6.12.111+deb13-amd64-x86_64-with-glibc2.41,3.13.5,1000,13,leitura,125.083029,7994.689671
Linux,Linux-6.12.111+deb13-amd64-x86_64-with-glibc2.41,3.13.5,1000,13,liberacao,5.554723,180026.978843
Linux,Linux-6.12.111+deb13-amd64-x86_64-with-glibc2.41,3.13.5,1000,14,alocacao,191.3357,5226.416189
Linux,Linux-6.12.111+deb13-amd64-x86_64-with-glibc2.41,3.13.5,1000,14,escrita,156.228115,6400.896535
Linux,Linux-6.12.111+deb13-amd64-x86_64-with-glibc2.41,3.13.5,1000,14,leitura,127.490408,7843.727349
Linux,Linux-6.12.111+deb13-amd64-x86_64-with-glibc2.41,3.13.5,1000,14,liberacao,5.466122,182945.056843
Linux,Linux-6.12.111+deb13-amd64-x86_64-with-glibc2.41,3.13.5,1000,15,alocacao,191.414909,5224.253457
Linux,Linux-6.12.111+deb13-amd64-x86_64-with-glibc2.41,3.13.5,1000,15,escrita,149.360758,6695.199016
Linux,Linux-6.12.111+deb13-amd64-x86_64-with-glibc2.41,3.13.5,1000,15,leitura,121.949927,8200.086909
Linux,Linux-6.12.111+deb13-amd64-x86_64-with-glibc2.41,3.13.5,1000,15,liberacao,5.374276,186071.575036
Linux,Linux-6.12.111+deb13-amd64-x86_64-with-glibc2.41,3.13.5,1000,16,alocacao,193.094177,5178.820074
Linux,Linux-6.12.111+deb13-amd64-x86_64-with-glibc2.41,3.13.5,1000,16,escrita,154.047204,6491.516717
Linux,Linux-6.12.111+deb13-amd64-x86_64-with-glibc2.41,3.13.5,1000,16,leitura,127.058247,7870.406082
Linux,Linux-6.12.111+deb13-amd64-x86_64-with-glibc2.41,3.13.5,1000,16,liberacao,5.50114,181780.503677
Linux,Linux-6.12.111+deb13-amd64-x86_64-with-glibc2.41,3.13.5,1000,17,alocacao,191.384071,5225.095248
Linux,Linux-6.12.111+deb13-amd64-x86_64-with-glibc2.41,3.13.5,1000,17,escrita,148.448251,6736.354206
Linux,Linux-6.12.111+deb13-amd64-x86_64-with-glibc2.41,3.13.5,1000,17,leitura,120.263282,8315.089888
Linux,Linux-6.12.111+deb13-amd64-x86_64-with-glibc2.41,3.13.5,1000,17,liberacao,5.084461,196677.681272
Linux,Linux-6.12.111+deb13-amd64-x86_64-with-glibc2.41,3.13.5,1000,18,alocacao,190.527026,5248.59922
Linux,Linux-6.12.111+deb13-amd64-x86_64-with-glibc2.41,3.13.5,1000,18,escrita,148.242758,6745.69209
Linux,Linux-6.12.111+deb13-amd64-x86_64-with-glibc2.41,3.13.5,1000,18,leitura,125.987483,7937.296438
Linux,Linux-6.12.111+deb13-amd64-x86_64-with-glibc2.41,3.13.5,1000,18,liberacao,5.465813,182955.399316
Linux,Linux-6.12.111+deb13-amd64-x86_64-with-glibc2.41,3.13.5,1000,19,alocacao,192.371857,5198.265565
Linux,Linux-6.12.111+deb13-amd64-x86_64-with-glibc2.41,3.13.5,1000,19,escrita,148.246975,6745.500203
Linux,Linux-6.12.111+deb13-amd64-x86_64-with-glibc2.41,3.13.5,1000,19,leitura,115.433442,8663.000797
Linux,Linux-6.12.111+deb13-amd64-x86_64-with-glibc2.41,3.13.5,1000,19,liberacao,5.120061,195310.173062
Linux,Linux-6.12.111+deb13-amd64-x86_64-with-glibc2.41,3.13.5,1000,20,alocacao,191.757473,5214.92062
Linux,Linux-6.12.111+deb13-amd64-x86_64-with-glibc2.41,3.13.5,1000,20,escrita,148.28854,6743.609452
Linux,Linux-6.12.111+deb13-amd64-x86_64-with-glibc2.41,3.13.5,1000,20,leitura,120.249442,8316.046905
Linux,Linux-6.12.111+deb13-amd64-x86_64-with-glibc2.41,3.13.5,1000,20,liberacao,5.324633,187806.37088
Linux,Linux-6.12.111+deb13-amd64-x86_64-with-glibc2.41,3.13.5,1000,21,alocacao,194.622074,5138.16331
Linux,Linux-6.12.111+deb13-amd64-x86_64-with-glibc2.41,3.13.5,1000,21,escrita,147.652612,6772.653639
Linux,Linux-6.12.111+deb13-amd64-x86_64-with-glibc2.41,3.13.5,1000,21,leitura,120.85049,8274.687178
Linux,Linux-6.12.111+deb13-amd64-x86_64-with-glibc2.41,3.13.5,1000,21,liberacao,5.228069,191275.21079
Linux,Linux-6.12.111+deb13-amd64-x86_64-with-glibc2.41,3.13.5,1000,22,alocacao,194.020835,5154.085642
Linux,Linux-6.12.111+deb13-amd64-x86_64-with-glibc2.41,3.13.5,1000,22,escrita,148.21155,6747.112489
Linux,Linux-6.12.111+deb13-amd64-x86_64-with-glibc2.41,3.13.5,1000,22,leitura,120.221161,8318.003184
Linux,Linux-6.12.111+deb13-amd64-x86_64-with-glibc2.41,3.13.5,1000,22,liberacao,5.197223,192410.446887
Linux,Linux-6.12.111+deb13-amd64-x86_64-with-glibc2.41,3.13.5,1000,23,alocacao,205.636815,4862.942465
Linux,Linux-6.12.111+deb13-amd64-x86_64-with-glibc2.41,3.13.5,1000,23,escrita,152.258047,6567.797366
Linux,Linux-6.12.111+deb13-amd64-x86_64-with-glibc2.41,3.13.5,1000,23,leitura,124.815886,8011.800677
Linux,Linux-6.12.111+deb13-amd64-x86_64-with-glibc2.41,3.13.5,1000,23,liberacao,5.642571,177224.17671
Linux,Linux-6.12.111+deb13-amd64-x86_64-with-glibc2.41,3.13.5,1000,24,alocacao,197.736304,5057.240273
Linux,Linux-6.12.111+deb13-amd64-x86_64-with-glibc2.41,3.13.5,1000,24,escrita,148.143634,6750.205682
Linux,Linux-6.12.111+deb13-amd64-x86_64-with-glibc2.41,3.13.5,1000,24,leitura,123.781652,8078.741751
Linux,Linux-6.12.111+deb13-amd64-x86_64-with-glibc2.41,3.13.5,1000,24,liberacao,5.124573,195138.209564
Linux,Linux-6.12.111+deb13-amd64-x86_64-with-glibc2.41,3.13.5,1000,25,alocacao,204.843525,4881.775004
Linux,Linux-6.12.111+deb13-amd64-x86_64-with-glibc2.41,3.13.5,1000,25,escrita,148.892972,6716.233725
Linux,Linux-6.12.111+deb13-amd64-x86_64-with-glibc2.41,3.13.5,1000,25,leitura,122.742071,8147.165775
Linux,Linux-6.12.111+deb13-amd64-x86_64-with-glibc2.41,3.13.5,1000,25,liberacao,5.520697,181136.548519
Linux,Linux-6.12.111+deb13-amd64-x86_64-with-glibc2.41,3.13.5,1000,26,alocacao,193.603223,5165.203267
Linux,Linux-6.12.111+deb13-amd64-x86_64-with-glibc2.41,3.13.5,1000,26,escrita,147.429514,6782.902371
Linux,Linux-6.12.111+deb13-amd64-x86_64-with-glibc2.41,3.13.5,1000,26,leitura,122.544983,8160.268789
Linux,Linux-6.12.111+deb13-amd64-x86_64-with-glibc2.41,3.13.5,1000,26,liberacao,5.264705,189944.165912
Linux,Linux-6.12.111+deb13-amd64-x86_64-with-glibc2.41,3.13.5,1000,27,alocacao,201.083165,4973.066741
Linux,Linux-6.12.111+deb13-amd64-x86_64-with-glibc2.41,3.13.5,1000,27,escrita,149.125229,6705.773441
Linux,Linux-6.12.111+deb13-amd64-x86_64-with-glibc2.41,3.13.5,1000,27,leitura,122.675427,8151.591761
Linux,Linux-6.12.111+deb13-amd64-x86_64-with-glibc2.41,3.13.5,1000,27,liberacao,5.359832,186573.01199
Linux,Linux-6.12.111+deb13-amd64-x86_64-with-glibc2.41,3.13.5,1000,28,alocacao,191.834324,5212.831464
Linux,Linux-6.12.111+deb13-amd64-x86_64-with-glibc2.41,3.13.5,1000,28,escrita,148.61967,6728.584446
Linux,Linux-6.12.111+deb13-amd64-x86_64-with-glibc2.41,3.13.5,1000,28,leitura,119.826459,8345.402245
Linux,Linux-6.12.111+deb13-amd64-x86_64-with-glibc2.41,3.13.5,1000,28,liberacao,5.273589,189624.181938
Linux,Linux-6.12.111+deb13-amd64-x86_64-with-glibc2.41,3.13.5,1000,29,alocacao,200.248597,4993.79279
Linux,Linux-6.12.111+deb13-amd64-x86_64-with-glibc2.41,3.13.5,1000,29,escrita,150.773842,6632.45021
Linux,Linux-6.12.111+deb13-amd64-x86_64-with-glibc2.41,3.13.5,1000,29,leitura,120.549564,8295.34315
Linux,Linux-6.12.111+deb13-amd64-x86_64-with-glibc2.41,3.13.5,1000,29,liberacao,5.317344,188063.815318
Linux,Linux-6.12.111+deb13-amd64-x86_64-with-glibc2.41,3.13.5,1000,30,alocacao,191.585429,5219.603627
Linux,Linux-6.12.111+deb13-amd64-x86_64-with-glibc2.41,3.13.5,1000,30,escrita,148.932534,6714.449645
Linux,Linux-6.12.111+deb13-amd64-x86_64-with-glibc2.41,3.13.5,1000,30,leitura,120.231139,8317.312872
Linux,Linux-6.12.111+deb13-amd64-x86_64-with-glibc2.41,3.13.5,1000,30,liberacao,5.604499,178428.080726
Linux,Linux-6.12.111+deb13-amd64-x86_64-with-glibc2.41,3.13.5,1000,31,alocacao,190.910489,5238.056878
Linux,Linux-6.12.111+deb13-amd64-x86_64-with-glibc2.41,3.13.5,1000,31,escrita,156.508736,6389.419693
Linux,Linux-6.12.111+deb13-amd64-x86_64-with-glibc2.41,3.13.5,1000,31,leitura,121.894079,8203.843929
Linux,Linux-6.12.111+deb13-amd64-x86_64-with-glibc2.41,3.13.5,1000,31,liberacao,5.244252,190684.96327
Linux,Linux-6.12.111+deb13-amd64-x86_64-with-glibc2.41,3.13.5,1000,32,alocacao,190.770203,5241.908769
Linux,Linux-6.12.111+deb13-amd64-x86_64-with-glibc2.41,3.13.5,1000,32,escrita,148.209717,6747.195935
Linux,Linux-6.12.111+deb13-amd64-x86_64-with-glibc2.41,3.13.5,1000,32,leitura,119.600885,8361.142144
Linux,Linux-6.12.111+deb13-amd64-x86_64-with-glibc2.41,3.13.5,1000,32,liberacao,5.455454,183302.801197
Linux,Linux-6.12.111+deb13-amd64-x86_64-with-glibc2.41,3.13.5,1000,33,alocacao,198.666598,5033.558787
Linux,Linux-6.12.111+deb13-amd64-x86_64-with-glibc2.41,3.13.5,1000,33,escrita,166.0695,6021.575304
Linux,Linux-6.12.111+deb13-amd64-x86_64-with-glibc2.41,3.13.5,1000,33,leitura,128.231314,7798.407182
Linux,Linux-6.12.111+deb13-amd64-x86_64-with-glibc2.41,3.13.5,1000,33,liberacao,4.845003,206398.221012
Linux,Linux-6.12.111+deb13-amd64-x86_64-with-glibc2.41,3.13.5,1000,34,alocacao,229.191508,4363.163403
Linux,Linux-6.12.111+deb13-amd64-x86_64-with-glibc2.41,3.13.5,1000,34,escrita,180.18674,5549.797949
Linux,Linux-6.12.111+deb13-amd64-x86_64-with-glibc2.41,3.13.5,1000,34,leitura,131.0822,7628.800859
Linux,Linux-6.12.111+deb13-amd64-x86_64-with-glibc2.41,3.13.5,1000,34,liberacao,5.9429,168268.017298
Linux,Linux-6.12.111+deb13-amd64-x86_64-with-glibc2.41,3.13.5,1000,35,alocacao,201.275724,4968.309045
Linux,Linux-6.12.111+deb13-amd64-x86_64-with-glibc2.41,3.13.5,1000,35,escrita,165.362849,6047.307518
Linux,Linux-6.12.111+deb13-amd64-x86_64-with-glibc2.41,3.13.5,1000,35,leitura,120.723376,8283.399894
Linux,Linux-6.12.111+deb13-amd64-x86_64-with-glibc2.41,3.13.5,1000,35,liberacao,5.110916,195659.643007
Linux,Linux-6.12.111+deb13-amd64-x86_64-with-glibc2.41,3.13.5,1000,36,alocacao,223.62491,4471.773739
Linux,Linux-6.12.111+deb13-amd64-x86_64-with-glibc2.41,3.13.5,1000,36,escrita,162.817773,6141.835634
Linux,Linux-6.12.111+deb13-amd64-x86_64-with-glibc2.41,3.13.5,1000,36,leitura,115.747801,8639.472987
Linux,Linux-6.12.111+deb13-amd64-x86_64-with-glibc2.41,3.13.5,1000,36,liberacao,4.728237,211495.32056
Linux,Linux-6.12.111+deb13-amd64-x86_64-with-glibc2.41,3.13.5,1000,37,alocacao,214.031711,4672.204858
Linux,Linux-6.12.111+deb13-amd64-x86_64-with-glibc2.41,3.13.5,1000,37,escrita,168.047679,5950.692125
Linux,Linux-6.12.111+deb13-amd64-x86_64-with-glibc2.41,3.13.5,1000,37,leitura,112.696679,8873.37594
Linux,Linux-6.12.111+deb13-amd64-x86_64-with-glibc2.41,3.13.5,1000,37,liberacao,4.847635,206286.158096
Linux,Linux-6.12.111+deb13-amd64-x86_64-with-glibc2.41,3.13.5,1000,38,alocacao,204.279429,4895.255508
Linux,Linux-6.12.111+deb13-amd64-x86_64-with-glibc2.41,3.13.5,1000,38,escrita,150.374661,6650.056554
Linux,Linux-6.12.111+deb13-amd64-x86_64-with-glibc2.41,3.13.5,1000,38,leitura,107.148372,9332.852953
Linux,Linux-6.12.111+deb13-amd64-x86_64-with-glibc2.41,3.13.5,1000,38,liberacao,4.620847,216410.541184
Linux,Linux-6.12.111+deb13-amd64-x86_64-with-glibc2.41,3.13.5,1000,39,alocacao,199.655757,5008.620913
Linux,Linux-6.12.111+deb13-amd64-x86_64-with-glibc2.41,3.13.5,1000,39,escrita,155.560393,6428.37152
Linux,Linux-6.12.111+deb13-amd64-x86_64-with-glibc2.41,3.13.5,1000,39,leitura,107.053918,9341.087357
Linux,Linux-6.12.111+deb13-amd64-x86_64-with-glibc2.41,3.13.5,1000,39,liberacao,4.204363,237848.159162
Linux,Linux-6.12.111+deb13-amd64-x86_64-with-glibc2.41,3.13.5,1000,40,alocacao,200.842689,4979.021168
Linux,Linux-6.12.111+deb13-amd64-x86_64-with-glibc2.41,3.13.5,1000,40,escrita,156.25491,6399.798893
Linux,Linux-6.12.111+deb13-amd64-x86_64-with-glibc2.41,3.13.5,1000,40,leitura,112.868924,8859.834617
Linux,Linux-6.12.111+deb13-amd64-x86_64-with-glibc2.41,3.13.5,1000,40,liberacao,5.420166,184496.194397
Linux,Linux-6.12.111+deb13-amd64-x86_64-with-glibc2.41,3.13.5,1000,41,alocacao,208.277427,4801.288428
Linux,Linux-6.12.111+deb13-amd64-x86_64-with-glibc2.41,3.13.5,1000,41,escrita,158.067107,6326.426914
Linux,Linux-6.12.111+deb13-amd64-x86_64-with-glibc2.41,3.13.5,1000,41,leitura,117.057991,8542.774325
Linux,Linux-6.12.111+deb13-amd64-x86_64-with-glibc2.41,3.13.5,1000,41,liberacao,4.728471,211484.854195
Linux,Linux-6.12.111+deb13-amd64-x86_64-with-glibc2.41,3.13.5,1000,42,alocacao,209.963588,4762.730574
Linux,Linux-6.12.111+deb13-amd64-x86_64-with-glibc2.41,3.13.5,1000,42,escrita,174.268699,5738.265137
Linux,Linux-6.12.111+deb13-amd64-x86_64-with-glibc2.41,3.13.5,1000,42,leitura,117.706822,8495.684303
Linux,Linux-6.12.111+deb13-amd64-x86_64-with-glibc2.41,3.13.5,1000,42,liberacao,4.783759,209040.631018
Linux,Linux-6.12.111+deb13-amd64-x86_64-with-glibc2.41,3.13.5,1000,43,alocacao,224.065608,4462.97854
Linux,Linux-6.12.111+deb13-amd64-x86_64-with-glibc2.41,3.13.5,1000,43,escrita,167.543809,5968.588192
Linux,Linux-6.12.111+deb13-amd64-x86_64-with-glibc2.41,3.13.5,1000,43,leitura,142.595347,7012.851548
Linux,Linux-6.12.111+deb13-amd64-x86_64-with-glibc2.41,3.13.5,1000,43,liberacao,5.418646,184547.947956
Linux,Linux-6.12.111+deb13-amd64-x86_64-with-glibc2.41,3.13.5,1000,44,alocacao,230.428959,4339.732316
Linux,Linux-6.12.111+deb13-amd64-x86_64-with-glibc2.41,3.13.5,1000,44,escrita,168.375818,5939.095126
Linux,Linux-6.12.111+deb13-amd64-x86_64-with-glibc2.41,3.13.5,1000,44,leitura,113.84769,8783.665264
Linux,Linux-6.12.111+deb13-amd64-x86_64-with-glibc2.41,3.13.5,1000,44,liberacao,4.915577,203434.917203
Linux,Linux-6.12.111+deb13-amd64-x86_64-with-glibc2.41,3.13.5,1000,45,alocacao,247.741818,4036.460247
Linux,Linux-6.12.111+deb13-amd64-x86_64-with-glibc2.41,3.13.5,1000,45,escrita,168.021897,5951.605224
Linux,Linux-6.12.111+deb13-amd64-x86_64-with-glibc2.41,3.13.5,1000,45,leitura,118.60999,8430.993039
Linux,Linux-6.12.111+deb13-amd64-x86_64-with-glibc2.41,3.13.5,1000,45,liberacao,4.905437,203855.436325
Linux,Linux-6.12.111+deb13-amd64-x86_64-with-glibc2.41,3.13.5,1000,46,alocacao,221.229071,4520.201597
Linux,Linux-6.12.111+deb13-amd64-x86_64-with-glibc2.41,3.13.5,1000,46,escrita,161.649526,6186.222903
Linux,Linux-6.12.111+deb13-amd64-x86_64-with-glibc2.41,3.13.5,1000,46,leitura,115.910435,8627.350937
Linux,Linux-6.12.111+deb13-amd64-x86_64-with-glibc2.41,3.13.5,1000,46,liberacao,4.66153,214521.841541
Linux,Linux-6.12.111+deb13-amd64-x86_64-with-glibc2.41,3.13.5,1000,47,alocacao,235.572683,4244.974363
Linux,Linux-6.12.111+deb13-amd64-x86_64-with-glibc2.41,3.13.5,1000,47,escrita,178.583277,5599.628458
Linux,Linux-6.12.111+deb13-amd64-x86_64-with-glibc2.41,3.13.5,1000,47,leitura,120.6307,8289.763717
Linux,Linux-6.12.111+deb13-amd64-x86_64-with-glibc2.41,3.13.5,1000,47,liberacao,4.769756,209654.330326
Linux,Linux-6.12.111+deb13-amd64-x86_64-with-glibc2.41,3.13.5,1000,48,alocacao,255.420825,3915.107548
Linux,Linux-6.12.111+deb13-amd64-x86_64-with-glibc2.41,3.13.5,1000,48,escrita,166.163449,6018.170699
Linux,Linux-6.12.111+deb13-amd64-x86_64-with-glibc2.41,3.13.5,1000,48,leitura,148.700201,6724.940473
Linux,Linux-6.12.111+deb13-amd64-x86_64-with-glibc2.41,3.13.5,1000,48,liberacao,6.089638,164213.373603
Linux,Linux-6.12.111+deb13-amd64-x86_64-with-glibc2.41,3.13.5,1000,49,alocacao,302.931413,3301.077264
Linux,Linux-6.12.111+deb13-amd64-x86_64-with-glibc2.41,3.13.5,1000,49,escrita,242.096152,4130.590229
Linux,Linux-6.12.111+deb13-amd64-x86_64-with-glibc2.41,3.13.5,1000,49,leitura,150.339581,6651.608268
Linux,Linux-6.12.111+deb13-amd64-x86_64-with-glibc2.41,3.13.5,1000,49,liberacao,4.977013,200923.726741
Linux,Linux-6.12.111+deb13-amd64-x86_64-with-glibc2.41,3.13.5,1000,50,alocacao,261.026554,3831.027858
Linux,Linux-6.12.111+deb13-amd64-x86_64-with-glibc2.41,3.13.5,1000,50,escrita,195.791889,5107.463875
Linux,Linux-6.12.111+deb13-amd64-x86_64-with-glibc2.41,3.13.5,1000,50,leitura,153.414921,6518.270801
Linux,Linux-6.12.111+deb13-amd64-x86_64-with-glibc2.41,3.13.5,1000,50,liberacao,6.427794,155574.369683
Linux,Linux-6.12.111+deb13-amd64-x86_64-with-glibc2.41,3.13.5,1000,51,alocacao,277.647658,3601.687143
Linux,Linux-6.12.111+deb13-amd64-x86_64-with-glibc2.41,3.13.5,1000,51,escrita,152.629592,6551.809429
Linux,Linux-6.12.111+deb13-amd64-x86_64-with-glibc2.41,3.13.5,1000,51,leitura,131.80673,7586.866012
Linux,Linux-6.12.111+deb13-amd64-x86_64-with-glibc2.41,3.13.5,1000,51,liberacao,5.899357,169509.999141
Linux,Linux-6.12.111+deb13-amd64-x86_64-with-glibc2.41,3.13.5,1000,52,alocacao,203.299319,4918.855631
Linux,Linux-6.12.111+deb13-amd64-x86_64-with-glibc2.41,3.13.5,1000,52,escrita,151.554679,6598.278632
Linux,Linux-6.12.111+deb13-amd64-x86_64-with-glibc2.41,3.13.5,1000,52,leitura,127.371876,7851.026705
Linux,Linux-6.12.111+deb13-amd64-x86_64-with-glibc2.41,3.13.5,1000,52,liberacao,5.528849,180869.472109
Linux,Linux-6.12.111+deb13-amd64-x86_64-with-glibc2.41,3.13.5,1000,53,alocacao,192.648153,5190.810212
Linux,Linux-6.12.111+deb13-amd64-x86_64-with-glibc2.41,3.13.5,1000,53,escrita,148.197945,6747.731893
Linux,Linux-6.12.111+deb13-amd64-x86_64-with-glibc2.41,3.13.5,1000,53,leitura,126.400989,7911.330504
Linux,Linux-6.12.111+deb13-amd64-x86_64-with-glibc2.41,3.13.5,1000,53,liberacao,5.68432,175922.537788
Linux,Linux-6.12.111+deb13-amd64-x86_64-with-glibc2.41,3.13.5,1000,54,alocacao,195.454974,5116.267852
Linux,Linux-6.12.111+deb13-amd64-x86_64-with-glibc2.41,3.13.5,1000,54,escrita,156.739245,6380.023076
Linux,Linux-6.12.111+deb13-amd64-x86_64-with-glibc2.41,3.13.5,1000,54,leitura,126.27078,7919.488578
Linux,Linux-6.12.111+deb13-amd64-x86_64-with-glibc2.41,3.13.5,1000,54,liberacao,5.437671,183902.262568
Linux,Linux-6.12.111+deb13-amd64-x86_64-with-glibc2.41,3.13.5,1000,55,alocacao,192.890989,5184.275353
Linux,Linux-6.12.111+deb13-amd64-x86_64-with-glibc2.41,3.13.5,1000,55,escrita,148.853612,6718.009638
Linux,Linux-6.12.111+deb13-amd64-x86_64-with-glibc2.41,3.13.5,1000,55,leitura,123.562796,8093.050921
Linux,Linux-6.12.111+deb13-amd64-x86_64-with-glibc2.41,3.13.5,1000,55,liberacao,5.691916,175687.764893
Linux,Linux-6.12.111+deb13-amd64-x86_64-with-glibc2.41,3.13.5,1000,56,alocacao,194.733227,5135.230466
Linux,Linux-6.12.111+deb13-amd64-x86_64-with-glibc2.41,3.13.5,1000,56,escrita,157.720271,6340.339093
Linux,Linux-6.12.111+deb13-amd64-x86_64-with-glibc2.41,3.13.5,1000,56,leitura,128.363107,7790.400399
Linux,Linux-6.12.111+deb13-amd64-x86_64-with-glibc2.41,3.13.5,1000,56,liberacao,5.433401,184046.787638
Linux,Linux-6.12.111+deb13-amd64-x86_64-with-glibc2.41,3.13.5,1000,57,alocacao,196.936343,5077.782926
Linux,Linux-6.12.111+deb13-amd64-x86_64-with-glibc2.41,3.13.5,1000,57,escrita,147.811471,6765.374793
Linux,Linux-6.12.111+deb13-amd64-x86_64-with-glibc2.41,3.13.5,1000,57,leitura,128.330463,7792.382078
Linux,Linux-6.12.111+deb13-amd64-x86_64-with-glibc2.41,3.13.5,1000,57,liberacao,5.563321,179748.750791
Linux,Linux-6.12.111+deb13-amd64-x86_64-with-glibc2.41,3.13.5,1000,58,alocacao,196.49149,5089.27893
Linux,Linux-6.12.111+deb13-amd64-x86_64-with-glibc2.41,3.13.5,1000,58,escrita,153.103556,6531.526936
Linux,Linux-6.12.111+deb13-amd64-x86_64-with-glibc2.41,3.13.5,1000,58,leitura,131.02985,7631.848773
Linux,Linux-6.12.111+deb13-amd64-x86_64-with-glibc2.41,3.13.5,1000,58,liberacao,5.653643,176877.103843
Linux,Linux-6.12.111+deb13-amd64-x86_64-with-glibc2.41,3.13.5,1000,59,alocacao,210.377486,4753.360348
Linux,Linux-6.12.111+deb13-amd64-x86_64-with-glibc2.41,3.13.5,1000,59,escrita,147.830434,6764.506962
Linux,Linux-6.12.111+deb13-amd64-x86_64-with-glibc2.41,3.13.5,1000,59,leitura,129.584925,7716.947014
Linux,Linux-6.12.111+deb13-amd64-x86_64-with-glibc2.41,3.13.5,1000,59,liberacao,5.51234,181411.16114
Linux,Linux-6.12.111+deb13-amd64-x86_64-with-glibc2.41,3.13.5,1000,60,alocacao,213.418331,4685.633119
Linux,Linux-6.12.111+deb13-amd64-x86_64-with-glibc2.41,3.13.5,1000,60,escrita,155.391142,6435.37326
Linux,Linux-6.12.111+deb13-amd64-x86_64-with-glibc2.41,3.13.5,1000,60,leitura,126.170609,7925.776121
Linux,Linux-6.12.111+deb13-amd64-x86_64-with-glibc2.41,3.13.5,1000,60,liberacao,5.595092,178728.070959
Linux,Linux-6.12.111+deb13-amd64-x86_64-with-glibc2.41,3.13.5,1000,61,alocacao,195.419953,5117.184733
Linux,Linux-6.12.111+deb13-amd64-x86_64-with-glibc2.41,3.13.5,1000,61,escrita,149.282517,6698.708061
Linux,Linux-6.12.111+deb13-amd64-x86_64-with-glibc2.41,3.13.5,1000,61,leitura,123.089473,8124.171593
Linux,Linux-6.12.111+deb13-amd64-x86_64-with-glibc2.41,3.13.5,1000,61,liberacao,5.388811,185569.692461
Linux,Linux-6.12.111+deb13-amd64-x86_64-with-glibc2.41,3.13.5,1000,62,alocacao,196.737328,5082.919496
Linux,Linux-6.12.111+deb13-amd64-x86_64-with-glibc2.41,3.13.5,1000,62,escrita,153.878986,6498.613137
Linux,Linux-6.12.111+deb13-amd64-x86_64-with-glibc2.41,3.13.5,1000,62,leitura,128.089465,7807.043304
Linux,Linux-6.12.111+deb13-amd64-x86_64-with-glibc2.41,3.13.5,1000,62,liberacao,5.837986,171291.94897
Linux,Linux-6.12.111+deb13-amd64-x86_64-with-glibc2.41,3.13.5,1000,63,alocacao,193.539447,5166.905329
Linux,Linux-6.12.111+deb13-amd64-x86_64-with-glibc2.41,3.13.5,1000,63,escrita,151.735006,6590.437015
Linux,Linux-6.12.111+deb13-amd64-x86_64-with-glibc2.41,3.13.5,1000,63,leitura,122.644139,8153.67133
Linux,Linux-6.12.111+deb13-amd64-x86_64-with-glibc2.41,3.13.5,1000,63,liberacao,5.341702,187206.249993
Linux,Linux-6.12.111+deb13-amd64-x86_64-with-glibc2.41,3.13.5,1000,64,alocacao,193.062032,5179.682352
Linux,Linux-6.12.111+deb13-amd64-x86_64-with-glibc2.41,3.13.5,1000,64,escrita,150.17358,6658.960917
Linux,Linux-6.12.111+deb13-amd64-x86_64-with-glibc2.41,3.13.5,1000,64,leitura,129.183022,7740.955309
Linux,Linux-6.12.111+deb13-amd64-x86_64-with-glibc2.41,3.13.5,1000,64,liberacao,5.408197,184904.506992
Linux,Linux-6.12.111+deb13-amd64-x86_64-with-glibc2.41,3.13.5,1000,65,alocacao,194.982983,5128.652689
Linux,Linux-6.12.111+deb13-amd64-x86_64-with-glibc2.41,3.13.5,1000,65,escrita,148.071504,6753.493907
Linux,Linux-6.12.111+deb13-amd64-x86_64-with-glibc2.41,3.13.5,1000,65,leitura,121.744746,8213.906824
Linux,Linux-6.12.111+deb13-amd64-x86_64-with-glibc2.41,3.13.5,1000,65,liberacao,5.558354,179909.376049
Linux,Linux-6.12.111+deb13-amd64-x86_64-with-glibc2.41,3.13.5,1000,66,alocacao,194.959038,5129.282593
Linux,Linux-6.12.111+deb13-amd64-x86_64-with-glibc2.41,3.13.5,1000,66,escrita,148.506383,6733.717298
Linux,Linux-6.12.111+deb13-amd64-x86_64-with-glibc2.41,3.13.5,1000,66,leitura,120.368629,8307.812495
Linux,Linux-6.12.111+deb13-amd64-x86_64-with-glibc2.41,3.13.5,1000,66,liberacao,5.493421,182035.929888
Linux,Linux-6.12.111+deb13-amd64-x86_64-with-glibc2.41,3.13.5,1000,67,alocacao,194.094294,5152.134972
Linux,Linux-6.12.111+deb13-amd64-x86_64-with-glibc2.41,3.13.5,1000,67,escrita,147.88223,6762.137682
Linux,Linux-6.12.111+deb13-amd64-x86_64-with-glibc2.41,3.13.5,1000,67,leitura,121.252189,8247.273787
Linux,Linux-6.12.111+deb13-amd64-x86_64-with-glibc2.41,3.13.5,1000,67,liberacao,5.318669,188016.964395
Linux,Linux-6.12.111+deb13-amd64-x86_64-with-glibc2.41,3.13.5,1000,68,alocacao,193.431946,5169.776868
Linux,Linux-6.12.111+deb13-amd64-x86_64-with-glibc2.41,3.13.5,1000,68,escrita,148.154876,6749.693476
Linux,Linux-6.12.111+deb13-amd64-x86_64-with-glibc2.41,3.13.5,1000,68,leitura,121.982937,8197.867871
Linux,Linux-6.12.111+deb13-amd64-x86_64-with-glibc2.41,3.13.5,1000,68,liberacao,5.00073,199970.804263
Linux,Linux-6.12.111+deb13-amd64-x86_64-with-glibc2.41,3.13.5,1000,69,alocacao,197.830324,5054.83679
Linux,Linux-6.12.111+deb13-amd64-x86_64-with-glibc2.41,3.13.5,1000,69,escrita,148.055246,6754.23551
Linux,Linux-6.12.111+deb13-amd64-x86_64-with-glibc2.41,3.13.5,1000,69,leitura,120.968151,8266.638712
Linux,Linux-6.12.111+deb13-amd64-x86_64-with-glibc2.41,3.13.5,1000,69,liberacao,5.389513,185545.52146
Linux,Linux-6.12.111+deb13-amd64-x86_64-with-glibc2.41,3.13.5,1000,70,alocacao,194.28514,5147.074038
Linux,Linux-6.12.111+deb13-amd64-x86_64-with-glibc2.41,3.13.5,1000,70,escrita,151.513872,6600.055736
Linux,Linux-6.12.111+deb13-amd64-x86_64-with-glibc2.41,3.13.5,1000,70,leitura,122.865199,8139.001183
Linux,Linux-6.12.111+deb13-amd64-x86_64-with-glibc2.41,3.13.5,1000,70,liberacao,5.585422,179037.501553
Linux,Linux-6.12.111+deb13-amd64-x86_64-with-glibc2.41,3.13.5,1000,71,alocacao,204.366769,4893.163428
Linux,Linux-6.12.111+deb13-amd64-x86_64-with-glibc2.41,3.13.5,1000,71,escrita,147.725024,6769.333813
Linux,Linux-6.12.111+deb13-amd64-x86_64-with-glibc2.41,3.13.5,1000,71,leitura,121.62379,8222.075632
Linux,Linux-6.12.111+deb13-amd64-x86_64-with-glibc2.41,3.13.5,1000,71,liberacao,5.421511,184450.423507
Linux,Linux-6.12.111+deb13-amd64-x86_64-with-glibc2.41,3.13.5,1000,72,alocacao,194.527143,5140.67078
Linux,Linux-6.12.111+deb13-amd64-x86_64-with-glibc2.41,3.13.5,1000,72,escrita,148.809703,6719.991908
Linux,Linux-6.12.111+deb13-amd64-x86_64-with-glibc2.41,3.13.5,1000,72,leitura,122.113351,8189.112753
Linux,Linux-6.12.111+deb13-amd64-x86_64-with-glibc2.41,3.13.5,1000,72,liberacao,5.170615,193400.591612
Linux,Linux-6.12.111+deb13-amd64-x86_64-with-glibc2.41,3.13.5,1000,73,alocacao,210.191711,4757.561539
Linux,Linux-6.12.111+deb13-amd64-x86_64-with-glibc2.41,3.13.5,1000,73,escrita,150.712471,6635.150982
Linux,Linux-6.12.111+deb13-amd64-x86_64-with-glibc2.41,3.13.5,1000,73,leitura,122.126716,8188.216573
Linux,Linux-6.12.111+deb13-amd64-x86_64-with-glibc2.41,3.13.5,1000,73,liberacao,5.245768,190629.856296
Linux,Linux-6.12.111+deb13-amd64-x86_64-with-glibc2.41,3.13.5,1000,74,alocacao,192.095783,5205.736349
Linux,Linux-6.12.111+deb13-amd64-x86_64-with-glibc2.41,3.13.5,1000,74,escrita,148.268782,6744.508092
Linux,Linux-6.12.111+deb13-amd64-x86_64-with-glibc2.41,3.13.5,1000,74,leitura,121.544442,8227.443259
Linux,Linux-6.12.111+deb13-amd64-x86_64-with-glibc2.41,3.13.5,1000,74,liberacao,5.662438,176602.375161
Linux,Linux-6.12.111+deb13-amd64-x86_64-with-glibc2.41,3.13.5,1000,75,alocacao,205.385682,4868.888572
Linux,Linux-6.12.111+deb13-amd64-x86_64-with-glibc2.41,3.13.5,1000,75,escrita,150.648867,6637.952345
Linux,Linux-6.12.111+deb13-amd64-x86_64-with-glibc2.41,3.13.5,1000,75,leitura,122.362426,8172.443394
Linux,Linux-6.12.111+deb13-amd64-x86_64-with-glibc2.41,3.13.5,1000,75,liberacao,5.402543,185098.01773
Linux,Linux-6.12.111+deb13-amd64-x86_64-with-glibc2.41,3.13.5,1000,76,alocacao,194.835767,5132.527848
Linux,Linux-6.12.111+deb13-amd64-x86_64-with-glibc2.41,3.13.5,1000,76,escrita,148.038312,6755.008122
Linux,Linux-6.12.111+deb13-amd64-x86_64-with-glibc2.41,3.13.5,1000,76,leitura,124.873467,8008.106318
Linux,Linux-6.12.111+deb13-amd64-x86_64-with-glibc2.41,3.13.5,1000,76,liberacao,5.343718,187135.623549
Linux,Linux-6.12.111+deb13-amd64-x86_64-with-glibc2.41,3.13.5,1000,77,alocacao,205.379519,4869.034677
Linux,Linux-6.12.111+deb13-amd64-x86_64-with-glibc2.41,3.13.5,1000,77,escrita,152.093505,6574.902722
Linux,Linux-6.12.111+deb13-amd64-x86_64-with-glibc2.41,3.13.5,1000,77,leitura,124.373793,8040.279032
Linux,Linux-6.12.111+deb13-amd64-x86_64-with-glibc2.41,3.13.5,1000,77,liberacao,5.532921,180736.359691
Linux,Linux-6.12.111+deb13-amd64-x86_64-with-glibc2.41,3.13.5,1000,78,alocacao,195.80068,5107.234561
Linux,Linux-6.12.111+deb13-amd64-x86_64-with-glibc2.41,3.13.5,1000,78,escrita,148.42487,6737.415367
Linux,Linux-6.12.111+deb13-amd64-x86_64-with-glibc2.41,3.13.5,1000,78,leitura,124.482888,8033.232648
Linux,Linux-6.12.111+deb13-amd64-x86_64-with-glibc2.41,3.13.5,1000,78,liberacao,5.282614,189300.221443
Linux,Linux-6.12.111+deb13-amd64-x86_64-with-glibc2.41,3.13.5,1000,79,alocacao,201.321296,4967.184396
Linux,Linux-6.12.111+deb13-amd64-x86_64-with-glibc2.41,3.13.5,1000,79,escrita,152.09722,6574.742129
Linux,Linux-6.12.111+deb13-amd64-x86_64-with-glibc2.41,3.13.5,1000,79,leitura,123.864427,8073.342962
Linux,Linux-6.12.111+deb13-amd64-x86_64-with-glibc2.41,3.13.5,1000,79,liberacao,5.410676,184819.789616
Linux,Linux-6.12.111+deb13-amd64-x86_64-with-glibc2.41,3.13.5,1000,80,alocacao,194.556779,5139.887724
Linux,Linux-6.12.111+deb13-amd64-x86_64-with-glibc2.41,3.13.5,1000,80,escrita,148.224747,6746.511768
Linux,Linux-6.12.111+deb13-amd64-x86_64-with-glibc2.41,3.13.5,1000,80,leitura,122.663184,8152.40537
Linux,Linux-6.12.111+deb13-amd64-x86_64-with-glibc2.41,3.13.5,1000,80,liberacao,5.018985,199243.472535
Linux,Linux-6.12.111+deb13-amd64-x86_64-with-glibc2.41,3.13.5,1000,81,alocacao,194.058121,5153.095345
Linux,Linux-6.12.111+deb13-amd64-x86_64-with-glibc2.41,3.13.5,1000,81,escrita,155.47468,6431.915473
Linux,Linux-6.12.111+deb13-amd64-x86_64-with-glibc2.41,3.13.5,1000,81,leitura,125.517196,7967.035847
Linux,Linux-6.12.111+deb13-amd64-x86_64-with-glibc2.41,3.13.5,1000,81,liberacao,5.668252,176421.231801
Linux,Linux-6.12.111+deb13-amd64-x86_64-with-glibc2.41,3.13.5,1000,82,alocacao,191.606112,5219.040194
Linux,Linux-6.12.111+deb13-amd64-x86_64-with-glibc2.41,3.13.5,1000,82,escrita,148.488725,6734.518059
Linux,Linux-6.12.111+deb13-amd64-x86_64-with-glibc2.41,3.13.5,1000,82,leitura,122.305936,8176.218037
Linux,Linux-6.12.111+deb13-amd64-x86_64-with-glibc2.41,3.13.5,1000,82,liberacao,5.606598,178361.280762
Linux,Linux-6.12.111+deb13-amd64-x86_64-with-glibc2.41,3.13.5,1000,83,alocacao,193.874349,5157.979924
Linux,Linux-6.12.111+deb13-amd64-x86_64-with-glibc2.41,3.13.5,1000,83,escrita,156.251396,6399.94282
Linux,Linux-6.12.111+deb13-amd64-x86_64-with-glibc2.41,3.13.5,1000,83,leitura,126.198783,7924.006684
Linux,Linux-6.12.111+deb13-amd64-x86_64-with-glibc2.41,3.13.5,1000,83,liberacao,5.526274,180953.749307
Linux,Linux-6.12.111+deb13-amd64-x86_64-with-glibc2.41,3.13.5,1000,84,alocacao,191.632683,5218.316544
Linux,Linux-6.12.111+deb13-amd64-x86_64-with-glibc2.41,3.13.5,1000,84,escrita,154.025857,6492.4164
Linux,Linux-6.12.111+deb13-amd64-x86_64-with-glibc2.41,3.13.5,1000,84,leitura,121.383879,8238.326277
Linux,Linux-6.12.111+deb13-amd64-x86_64-with-glibc2.41,3.13.5,1000,84,liberacao,5.375626,186024.846223
Linux,Linux-6.12.111+deb13-amd64-x86_64-with-glibc2.41,3.13.5,1000,85,alocacao,200.240734,4993.988885
Linux,Linux-6.12.111+deb13-amd64-x86_64-with-glibc2.41,3.13.5,1000,85,escrita,153.034248,6534.485013
Linux,Linux-6.12.111+deb13-amd64-x86_64-with-glibc2.41,3.13.5,1000,85,leitura,126.519483,7903.921011
Linux,Linux-6.12.111+deb13-amd64-x86_64-with-glibc2.41,3.13.5,1000,85,liberacao,5.64534,177137.249484
Linux,Linux-6.12.111+deb13-amd64-x86_64-with-glibc2.41,3.13.5,1000,86,alocacao,206.923451,4832.705018
Linux,Linux-6.12.111+deb13-amd64-x86_64-with-glibc2.41,3.13.5,1000,86,escrita,150.967259,6623.952814
Linux,Linux-6.12.111+deb13-amd64-x86_64-with-glibc2.41,3.13.5,1000,86,leitura,124.972039,8001.789904
Linux,Linux-6.12.111+deb13-amd64-x86_64-with-glibc2.41,3.13.5,1000,86,liberacao,5.651272,176951.312908
Linux,Linux-6.12.111+deb13-amd64-x86_64-with-glibc2.41,3.13.5,1000,87,alocacao,192.902434,5183.967767
Linux,Linux-6.12.111+deb13-amd64-x86_64-with-glibc2.41,3.13.5,1000,87,escrita,149.773719,6676.738794
Linux,Linux-6.12.111+deb13-amd64-x86_64-with-glibc2.41,3.13.5,1000,87,leitura,132.978278,7520.025188
Linux,Linux-6.12.111+deb13-amd64-x86_64-with-glibc2.41,3.13.5,1000,87,liberacao,5.731402,174477.379182
Linux,Linux-6.12.111+deb13-amd64-x86_64-with-glibc2.41,3.13.5,1000,88,alocacao,192.12581,5204.922753
Linux,Linux-6.12.111+deb13-amd64-x86_64-with-glibc2.41,3.13.5,1000,88,escrita,147.718847,6769.616879
Linux,Linux-6.12.111+deb13-amd64-x86_64-with-glibc2.41,3.13.5,1000,88,leitura,123.530522,8095.165339
Linux,Linux-6.12.111+deb13-amd64-x86_64-with-glibc2.41,3.13.5,1000,88,liberacao,5.471315,182771.41784
Linux,Linux-6.12.111+deb13-amd64-x86_64-with-glibc2.41,3.13.5,1000,89,alocacao,193.367378,5171.503127
Linux,Linux-6.12.111+deb13-amd64-x86_64-with-glibc2.41,3.13.5,1000,89,escrita,147.404631,6784.047375
Linux,Linux-6.12.111+deb13-amd64-x86_64-with-glibc2.41,3.13.5,1000,89,leitura,123.331936,8108.199972
Linux,Linux-6.12.111+deb13-amd64-x86_64-with-glibc2.41,3.13.5,1000,89,liberacao,5.506745,181595.479725
Linux,Linux-6.12.111+deb13-amd64-x86_64-with-glibc2.41,3.13.5,1000,90,alocacao,193.994981,5154.772535
Linux,Linux-6.12.111+deb13-amd64-x86_64-with-glibc2.41,3.13.5,1000,90,escrita,147.659845,6772.321886
Linux,Linux-6.12.111+deb13-amd64-x86_64-with-glibc2.41,3.13.5,1000,90,leitura,123.22989,8114.914328
Linux,Linux-6.12.111+deb13-amd64-x86_64-with-glibc2.41,3.13.5,1000,90,liberacao,5.18162,192989.837155
Linux,Linux-6.12.111+deb13-amd64-x86_64-with-glibc2.41,3.13.5,1000,91,alocacao,192.196348,5203.012494
Linux,Linux-6.12.111+deb13-amd64-x86_64-with-glibc2.41,3.13.5,1000,91,escrita,147.989855,6757.219946
Linux,Linux-6.12.111+deb13-amd64-x86_64-with-glibc2.41,3.13.5,1000,91,leitura,124.514411,8031.198895
Linux,Linux-6.12.111+deb13-amd64-x86_64-with-glibc2.41,3.13.5,1000,91,liberacao,5.205916,192089.153955
Linux,Linux-6.12.111+deb13-amd64-x86_64-with-glibc2.41,3.13.5,1000,92,alocacao,196.167571,5097.682532
Linux,Linux-6.12.111+deb13-amd64-x86_64-with-glibc2.41,3.13.5,1000,92,escrita,148.649342,6727.241349
Linux,Linux-6.12.111+deb13-amd64-x86_64-with-glibc2.41,3.13.5,1000,92,leitura,127.716205,7829.859962
Linux,Linux-6.12.111+deb13-amd64-x86_64-with-glibc2.41,3.13.5,1000,92,liberacao,5.397216,185280.707683
Linux,Linux-6.12.111+deb13-amd64-x86_64-with-glibc2.41,3.13.5,1000,93,alocacao,194.66809,5136.948742
Linux,Linux-6.12.111+deb13-amd64-x86_64-with-glibc2.41,3.13.5,1000,93,escrita,148.22072,6746.695064
Linux,Linux-6.12.111+deb13-amd64-x86_64-with-glibc2.41,3.13.5,1000,93,leitura,121.24247,8247.934903
Linux,Linux-6.12.111+deb13-amd64-x86_64-with-glibc2.41,3.13.5,1000,93,liberacao,5.107982,195772.028954
Linux,Linux-6.12.111+deb13-amd64-x86_64-with-glibc2.41,3.13.5,1000,94,alocacao,203.558039,4912.60382
Linux,Linux-6.12.111+deb13-amd64-x86_64-with-glibc2.41,3.13.5,1000,94,escrita,146.969521,6804.131858
Linux,Linux-6.12.111+deb13-amd64-x86_64-with-glibc2.41,3.13.5,1000,94,leitura,122.042995,8193.833657
Linux,Linux-6.12.111+deb13-amd64-x86_64-with-glibc2.41,3.13.5,1000,94,liberacao,5.498361,181872.379787
Linux,Linux-6.12.111+deb13-amd64-x86_64-with-glibc2.41,3.13.5,1000,95,alocacao,191.631066,5218.360576
Linux,Linux-6.12.111+deb13-amd64-x86_64-with-glibc2.41,3.13.5,1000,95,escrita,147.734907,6768.880966
Linux,Linux-6.12.111+deb13-amd64-x86_64-with-glibc2.41,3.13.5,1000,95,leitura,121.513446,8229.541939
Linux,Linux-6.12.111+deb13-amd64-x86_64-with-glibc2.41,3.13.5,1000,95,liberacao,5.258831,190156.32942
Linux,Linux-6.12.111+deb13-amd64-x86_64-with-glibc2.41,3.13.5,1000,96,alocacao,202.498054,4938.319062
Linux,Linux-6.12.111+deb13-amd64-x86_64-with-glibc2.41,3.13.5,1000,96,escrita,149.410217,6692.982716
Linux,Linux-6.12.111+deb13-amd64-x86_64-with-glibc2.41,3.13.5,1000,96,leitura,121.720714,8215.528542
Linux,Linux-6.12.111+deb13-amd64-x86_64-with-glibc2.41,3.13.5,1000,96,liberacao,5.634608,177474.635325
Linux,Linux-6.12.111+deb13-amd64-x86_64-with-glibc2.41,3.13.5,1000,97,alocacao,197.460706,5064.298717
Linux,Linux-6.12.111+deb13-amd64-x86_64-with-glibc2.41,3.13.5,1000,97,escrita,147.956826,6758.728387
Linux,Linux-6.12.111+deb13-amd64-x86_64-with-glibc2.41,3.13.5,1000,97,leitura,121.480444,8231.777618
Linux,Linux-6.12.111+deb13-amd64-x86_64-with-glibc2.41,3.13.5,1000,97,liberacao,5.283471,189269.516195
Linux,Linux-6.12.111+deb13-amd64-x86_64-with-glibc2.41,3.13.5,1000,98,alocacao,207.943787,4808.991961
Linux,Linux-6.12.111+deb13-amd64-x86_64-with-glibc2.41,3.13.5,1000,98,escrita,150.288523,6653.86804
Linux,Linux-6.12.111+deb13-amd64-x86_64-with-glibc2.41,3.13.5,1000,98,leitura,121.746605,8213.781403
Linux,Linux-6.12.111+deb13-amd64-x86_64-with-glibc2.41,3.13.5,1000,98,liberacao,5.442048,183754.351303
Linux,Linux-6.12.111+deb13-amd64-x86_64-with-glibc2.41,3.13.5,1000,99,alocacao,194.509904,5141.126387
Linux,Linux-6.12.111+deb13-amd64-x86_64-with-glibc2.41,3.13.5,1000,99,escrita,150.459996,6646.284904
Linux,Linux-6.12.111+deb13-amd64-x86_64-with-glibc2.41,3.13.5,1000,99,leitura,127.36056,7851.72427
Linux,Linux-6.12.111+deb13-amd64-x86_64-with-glibc2.41,3.13.5,1000,99,liberacao,5.648343,177043.072632
Linux,Linux-6.12.111+deb13-amd64-x86_64-with-glibc2.41,3.13.5,1000,100,alocacao,203.625989,4910.964484
Linux,Linux-6.12.111+deb13-amd64-x86_64-with-glibc2.41,3.13.5,1000,100,escrita,152.100876,6574.584094
Linux,Linux-6.12.111+deb13-amd64-x86_64-with-glibc2.41,3.13.5,1000,100,leitura,124.357477,8041.333936
Linux,Linux-6.12.111+deb13-amd64-x86_64-with-glibc2.41,3.13.5,1000,100,liberacao,5.532027,180765.567485
