sistema,versao_so,python,tamanho_mb,repeticao,operacao,tempo_ms,taxa_mb_s
Windows,Windows-11-10.0.26200-SP0,3.14.8,100,1,alocacao,33.3429,2999.139247
Windows,Windows-11-10.0.26200-SP0,3.14.8,100,1,escrita,16.0343,6236.630224
Windows,Windows-11-10.0.26200-SP0,3.14.8,100,1,leitura,10.223,9781.864423
Windows,Windows-11-10.0.26200-SP0,3.14.8,100,1,liberacao,6.4622,15474.606171
Windows,Windows-11-10.0.26200-SP0,3.14.8,100,2,alocacao,50.7491,1970.478294
Windows,Windows-11-10.0.26200-SP0,3.14.8,100,2,escrita,16.0457,6232.199281
Windows,Windows-11-10.0.26200-SP0,3.14.8,100,2,leitura,10.5732,9457.874626
Windows,Windows-11-10.0.26200-SP0,3.14.8,100,2,liberacao,7.4773,13373.811403
Windows,Windows-11-10.0.26200-SP0,3.14.8,100,3,alocacao,32.3667,3089.59517
Windows,Windows-11-10.0.26200-SP0,3.14.8,100,3,escrita,14.9343,6695.995125
Windows,Windows-11-10.0.26200-SP0,3.14.8,100,3,leitura,10.9237,9154.407389
Windows,Windows-11-10.0.26200-SP0,3.14.8,100,3,liberacao,6.4664,15464.555239
Windows,Windows-11-10.0.26200-SP0,3.14.8,100,4,alocacao,34.9895,2858.000257
Windows,Windows-11-10.0.26200-SP0,3.14.8,100,4,escrita,15.7505,6349.004793
Windows,Windows-11-10.0.26200-SP0,3.14.8,100,4,leitura,10.2515,9754.670048
Windows,Windows-11-10.0.26200-SP0,3.14.8,100,4,liberacao,6.1343,16301.778524
Windows,Windows-11-10.0.26200-SP0,3.14.8,100,5,alocacao,57.4585,1740.38654
Windows,Windows-11-10.0.26200-SP0,3.14.8,100,5,escrita,18.9014,5290.613394
Windows,Windows-11-10.0.26200-SP0,3.14.8,100,5,leitura,11.3195,8834.31247
Windows,Windows-11-10.0.26200-SP0,3.14.8,100,5,liberacao,6.4975,15390.534821
Windows,Windows-11-10.0.26200-SP0,3.14.8,100,6,alocacao,37.4198,2672.382001
Windows,Windows-11-10.0.26200-SP0,3.14.8,100,6,escrita,18.9769,5269.564576
Windows,Windows-11-10.0.26200-SP0,3.14.8,100,6,leitura,11.4967,8698.148164
Windows,Windows-11-10.0.26200-SP0,3.14.8,100,6,liberacao,6.4675,15461.92501
Windows,Windows-11-10.0.26200-SP0,3.14.8,100,7,alocacao,46.2976,2159.939176
Windows,Windows-11-10.0.26200-SP0,3.14.8,100,7,escrita,15.3889,6498.190254
Windows,Windows-11-10.0.26200-SP0,3.14.8,100,7,leitura,10.1107,9890.512032
Windows,Windows-11-10.0.26200-SP0,3.14.8,100,7,liberacao,6.407,15607.928828
Windows,Windows-11-10.0.26200-SP0,3.14.8,100,8,alocacao,32.7146,3056.739193
Windows,Windows-11-10.0.26200-SP0,3.14.8,100,8,escrita,15.1253,6611.439112
Windows,Windows-11-10.0.26200-SP0,3.14.8,100,8,leitura,9.7997,10204.394012
Windows,Windows-11-10.0.26200-SP0,3.14.8,100,8,liberacao,6.5537,15258.556235
Windows,Windows-11-10.0.26200-SP0,3.14.8,100,9,alocacao,48.1664,2076.136062
Windows,Windows-11-10.0.26200-SP0,3.14.8,100,9,escrita,15.4032,6492.157474
Windows,Windows-11-10.0.26200-SP0,3.14.8,100,9,leitura,10.0302,9969.890929
Windows,Windows-11-10.0.26200-SP0,3.14.8,100,9,liberacao,7.4879,13354.879205
Windows,Windows-11-10.0.26200-SP0,3.14.8,100,10,alocacao,30.8924,3237.04212
Windows,Windows-11-10.0.26200-SP0,3.14.8,100,10,escrita,15.7765,6338.541502
Windows,Windows-11-10.0.26200-SP0,3.14.8,100,10,leitura,10.2981,9710.529127
Windows,Windows-11-10.0.26200-SP0,3.14.8,100,10,liberacao,6.5824,15192.027224
Windows,Windows-11-10.0.26200-SP0,3.14.8,100,11,alocacao,37.6754,2654.251846
Windows,Windows-11-10.0.26200-SP0,3.14.8,100,11,escrita,15.7039,6367.84493
Windows,Windows-11-10.0.26200-SP0,3.14.8,100,11,leitura,9.7194,10288.700949
Windows,Windows-11-10.0.26200-SP0,3.14.8,100,11,liberacao,7.6598,13055.171153
Windows,Windows-11-10.0.26200-SP0,3.14.8,100,12,alocacao,44.3056,2257.051027
Windows,Windows-11-10.0.26200-SP0,3.14.8,100,12,escrita,15.4531,6471.193482
Windows,Windows-11-10.0.26200-SP0,3.14.8,100,12,leitura,10.1382,9863.683889
Windows,Windows-11-10.0.26200-SP0,3.14.8,100,12,liberacao,8.0066,12489.696001
Windows,Windows-11-10.0.26200-SP0,3.14.8,100,13,alocacao,33.1068,3020.527505
Windows,Windows-11-10.0.26200-SP0,3.14.8,100,13,escrita,15.2595,6553.294669
Windows,Windows-11-10.0.26200-SP0,3.14.8,100,13,leitura,10.4317,9586.165246
Windows,Windows-11-10.0.26200-SP0,3.14.8,100,13,liberacao,7.6844,13013.377752
Windows,Windows-11-10.0.26200-SP0,3.14.8,100,14,alocacao,31.3911,3185.616305
Windows,Windows-11-10.0.26200-SP0,3.14.8,100,14,escrita,16.3697,6108.847444
Windows,Windows-11-10.0.26200-SP0,3.14.8,100,14,leitura,14.5374,6878.809141
Windows,Windows-11-10.0.26200-SP0,3.14.8,100,14,liberacao,8.2505,12120.477547
Windows,Windows-11-10.0.26200-SP0,3.14.8,100,15,alocacao,32.6825,3059.741452
Windows,Windows-11-10.0.26200-SP0,3.14.8,100,15,escrita,15.4839,6458.321224
Windows,Windows-11-10.0.26200-SP0,3.14.8,100,15,leitura,10.6889,9355.49963
Windows,Windows-11-10.0.26200-SP0,3.14.8,100,15,liberacao,5.9934,16685.020189
Windows,Windows-11-10.0.26200-SP0,3.14.8,100,16,alocacao,33.824,2956.480605
Windows,Windows-11-10.0.26200-SP0,3.14.8,100,16,escrita,16.1489,6192.372236
Windows,Windows-11-10.0.26200-SP0,3.14.8,100,16,leitura,13.1719,7591.919161
Windows,Windows-11-10.0.26200-SP0,3.14.8,100,16,liberacao,23.2071,4309.026117
Windows,Windows-11-10.0.26200-SP0,3.14.8,100,17,alocacao,50.5332,1978.897042
Windows,Windows-11-10.0.26200-SP0,3.14.8,100,17,escrita,21.1852,4720.276419
Windows,Windows-11-10.0.26200-SP0,3.14.8,100,17,leitura,11.8187,8461.167472
Windows,Windows-11-10.0.26200-SP0,3.14.8,100,17,liberacao,8.8805,11260.627217
Windows,Windows-11-10.0.26200-SP0,3.14.8,100,18,alocacao,45.4707,2199.218398
Windows,Windows-11-10.0.26200-SP0,3.14.8,100,18,escrita,18.7316,5338.572252
Windows,Windows-11-10.0.26200-SP0,3.14.8,100,18,leitura,10.353,9659.036028
Windows,Windows-11-10.0.26200-SP0,3.14.8,100,18,liberacao,6.1356,16298.324532
Windows,Windows-11-10.0.26200-SP0,3.14.8,100,19,alocacao,66.679,1499.722551
Windows,Windows-11-10.0.26200-SP0,3.14.8,100,19,escrita,32.0089,3124.131101
Windows,Windows-11-10.0.26200-SP0,3.14.8,100,19,leitura,12.3735,8081.787691
Windows,Windows-11-10.0.26200-SP0,3.14.8,100,19,liberacao,11.0709,9032.689303
Windows,Windows-11-10.0.26200-SP0,3.14.8,100,20,alocacao,108.1523,924.622038
Windows,Windows-11-10.0.26200-SP0,3.14.8,100,20,escrita,22.6801,4409.151635
Windows,Windows-11-10.0.26200-SP0,3.14.8,100,20,leitura,11.4596,8726.308074
Windows,Windows-11-10.0.26200-SP0,3.14.8,100,20,liberacao,6.1732,16199.053975
Windows,Windows-11-10.0.26200-SP0,3.14.8,100,21,alocacao,303.0977,329.926621
Windows,Windows-11-10.0.26200-SP0,3.14.8,100,21,escrita,19.1897,5211.128887
Windows,Windows-11-10.0.26200-SP0,3.14.8,100,21,leitura,11.5872,8630.212648
Windows,Windows-11-10.0.26200-SP0,3.14.8,100,21,liberacao,9.8155,10187.96801
Windows,Windows-11-10.0.26200-SP0,3.14.8,100,22,alocacao,44.8883,2227.751998
Windows,Windows-11-10.0.26200-SP0,3.14.8,100,22,escrita,20.0387,4990.343685
Windows,Windows-11-10.0.26200-SP0,3.14.8,100,22,leitura,11.4681,8719.840253
Windows,Windows-11-10.0.26200-SP0,3.14.8,100,22,liberacao,6.9466,14395.531627
Windows,Windows-11-10.0.26200-SP0,3.14.8,100,23,alocacao,48.8599,2046.668127
Windows,Windows-11-10.0.26200-SP0,3.14.8,100,23,escrita,19.4584,5139.168688
Windows,Windows-11-10.0.26200-SP0,3.14.8,100,23,leitura,11.6148,8609.704859
Windows,Windows-11-10.0.26200-SP0,3.14.8,100,23,liberacao,9.1808,10892.296968
Windows,Windows-11-10.0.26200-SP0,3.14.8,100,24,alocacao,46.8582,2134.098194
Windows,Windows-11-10.0.26200-SP0,3.14.8,100,24,escrita,20.5348,4869.782029
Windows,Windows-11-10.0.26200-SP0,3.14.8,100,24,leitura,11.3148,8837.982112
Windows,Windows-11-10.0.26200-SP0,3.14.8,100,24,liberacao,6.6758,14979.478115
Windows,Windows-11-10.0.26200-SP0,3.14.8,100,25,alocacao,64.0725,1560.731983
Windows,Windows-11-10.0.26200-SP0,3.14.8,100,25,escrita,17.7776,5625.056251
Windows,Windows-11-10.0.26200-SP0,3.14.8,100,25,leitura,11.3605,8802.429471
Windows,Windows-11-10.0.26200-SP0,3.14.8,100,25,liberacao,6.945,14398.848092
Windows,Windows-11-10.0.26200-SP0,3.14.8,100,26,alocacao,43.6382,2291.57023
Windows,Windows-11-10.0.26200-SP0,3.14.8,100,26,escrita,18.2134,5490.463066
Windows,Windows-11-10.0.26200-SP0,3.14.8,100,26,leitura,11.659,8577.064928
Windows,Windows-11-10.0.26200-SP0,3.14.8,100,26,liberacao,7.1499,13986.209597
Windows,Windows-11-10.0.26200-SP0,3.14.8,100,27,alocacao,41.0612,2435.389126
Windows,Windows-11-10.0.26200-SP0,3.14.8,100,27,escrita,18.1575,5507.366102
Windows,Windows-11-10.0.26200-SP0,3.14.8,100,27,leitura,11.5403,8665.285998
Windows,Windows-11-10.0.26200-SP0,3.14.8,100,27,liberacao,7.2572,13779.41906
Windows,Windows-11-10.0.26200-SP0,3.14.8,100,28,alocacao,41.5401,2407.312452
Windows,Windows-11-10.0.26200-SP0,3.14.8,100,28,escrita,17.0545,5863.555073
Windows,Windows-11-10.0.26200-SP0,3.14.8,100,28,leitura,11.3299,8826.203232
Windows,Windows-11-10.0.26200-SP0,3.14.8,100,28,liberacao,6.7572,14799.029184
Windows,Windows-11-10.0.26200-SP0,3.14.8,100,29,alocacao,41.3534,2418.180851
Windows,Windows-11-10.0.26200-SP0,3.14.8,100,29,escrita,18.0988,5525.228192
Windows,Windows-11-10.0.26200-SP0,3.14.8,100,29,leitura,12.7354,7852.128712
Windows,Windows-11-10.0.26200-SP0,3.14.8,100,29,liberacao,6.7911,14725.154982
Windows,Windows-11-10.0.26200-SP0,3.14.8,100,30,alocacao,47.5945,2101.083108
Windows,Windows-11-10.0.26200-SP0,3.14.8,100,30,escrita,17.5337,5703.302783
Windows,Windows-11-10.0.26200-SP0,3.14.8,100,30,leitura,11.607,8615.490652
Windows,Windows-11-10.0.26200-SP0,3.14.8,100,30,liberacao,7.4543,13415.075862
Windows,Windows-11-10.0.26200-SP0,3.14.8,100,31,alocacao,48.2879,2070.912175
Windows,Windows-11-10.0.26200-SP0,3.14.8,100,31,escrita,18.1931,5496.589366
Windows,Windows-11-10.0.26200-SP0,3.14.8,100,31,leitura,11.9523,8366.590531
Windows,Windows-11-10.0.26200-SP0,3.14.8,100,31,liberacao,7.0152,14254.76109
Windows,Windows-11-10.0.26200-SP0,3.14.8,100,32,alocacao,42.2177,2368.67475
Windows,Windows-11-10.0.26200-SP0,3.14.8,100,32,escrita,19.2955,5182.555518
Windows,Windows-11-10.0.26200-SP0,3.14.8,100,32,leitura,12.522,7985.944737
Windows,Windows-11-10.0.26200-SP0,3.14.8,100,32,liberacao,6.9145,14462.361704
Windows,Windows-11-10.0.26200-SP0,3.14.8,100,33,alocacao,43.3897,2304.694432
Windows,Windows-11-10.0.26200-SP0,3.14.8,100,33,escrita,18.2186,5488.895963
Windows,Windows-11-10.0.26200-SP0,3.14.8,100,33,leitura,11.6324,8596.678244
Windows,Windows-11-10.0.26200-SP0,3.14.8,100,33,liberacao,7.2643,13765.951296
Windows,Windows-11-10.0.26200-SP0,3.14.8,100,34,alocacao,41.9652,2382.926806
Windows,Windows-11-10.0.26200-SP0,3.14.8,100,34,escrita,18.1629,5505.728711
Windows,Windows-11-10.0.26200-SP0,3.14.8,100,34,leitura,11.6443,8587.892789
Windows,Windows-11-10.0.26200-SP0,3.14.8,100,34,liberacao,6.9466,14395.531627
Windows,Windows-11-10.0.26200-SP0,3.14.8,100,35,alocacao,40.4263,2473.637211
Windows,Windows-11-10.0.26200-SP0,3.14.8,100,35,escrita,17.8026,5617.157044
Windows,Windows-11-10.0.26200-SP0,3.14.8,100,35,leitura,10.7766,9279.364549
Windows,Windows-11-10.0.26200-SP0,3.14.8,100,35,liberacao,8.3642,11955.716028
Windows,Windows-11-10.0.26200-SP0,3.14.8,100,36,alocacao,45.642,2190.964463
Windows,Windows-11-10.0.26200-SP0,3.14.8,100,36,escrita,18.9103,5288.123404
Windows,Windows-11-10.0.26200-SP0,3.14.8,100,36,leitura,12.5803,7948.936035
Windows,Windows-11-10.0.26200-SP0,3.14.8,100,36,liberacao,7.0695,14145.271943
Windows,Windows-11-10.0.26200-SP0,3.14.8,100,37,alocacao,42.338,2361.944353
Windows,Windows-11-10.0.26200-SP0,3.14.8,100,37,escrita,17.4233,5739.440864
Windows,Windows-11-10.0.26200-SP0,3.14.8,100,37,leitura,11.3754,8790.899661
Windows,Windows-11-10.0.26200-SP0,3.14.8,100,37,liberacao,6.9499,14388.69624
Windows,Windows-11-10.0.26200-SP0,3.14.8,100,38,alocacao,39.5458,2528.713542
Windows,Windows-11-10.0.26200-SP0,3.14.8,100,38,escrita,17.8147,5613.341791
Windows,Windows-11-10.0.26200-SP0,3.14.8,100,38,leitura,10.461,9559.315553
Windows,Windows-11-10.0.26200-SP0,3.14.8,100,38,liberacao,6.0704,16473.37902
Windows,Windows-11-10.0.26200-SP0,3.14.8,100,39,alocacao,36.4931,2740.244046
Windows,Windows-11-10.0.26200-SP0,3.14.8,100,39,escrita,16.8538,5933.380009
Windows,Windows-11-10.0.26200-SP0,3.14.8,100,39,leitura,13.4861,7415.042155
Windows,Windows-11-10.0.26200-SP0,3.14.8,100,39,liberacao,6.6241,15096.390453
Windows,Windows-11-10.0.26200-SP0,3.14.8,100,40,alocacao,41.6482,2401.064152
Windows,Windows-11-10.0.26200-SP0,3.14.8,100,40,escrita,17.7312,5639.776214
Windows,Windows-11-10.0.26200-SP0,3.14.8,100,40,leitura,11.0383,9059.366026
Windows,Windows-11-10.0.26200-SP0,3.14.8,100,40,liberacao,7.3843,13542.245033
Windows,Windows-11-10.0.26200-SP0,3.14.8,100,41,alocacao,43.599,2293.630588
Windows,Windows-11-10.0.26200-SP0,3.14.8,100,41,escrita,17.6695,5659.469708
Windows,Windows-11-10.0.26200-SP0,3.14.8,100,41,leitura,11.2745,8869.57293
Windows,Windows-11-10.0.26200-SP0,3.14.8,100,41,liberacao,6.7656,14780.655079
Windows,Windows-11-10.0.26200-SP0,3.14.8,100,42,alocacao,39.5944,2525.609682
Windows,Windows-11-10.0.26200-SP0,3.14.8,100,42,escrita,106.8061,936.276112
Windows,Windows-11-10.0.26200-SP0,3.14.8,100,42,leitura,124.5132,803.127701
Windows,Windows-11-10.0.26200-SP0,3.14.8,100,42,liberacao,12.8884,7758.914993
Windows,Windows-11-10.0.26200-SP0,3.14.8,100,43,alocacao,71.956,1389.738173
Windows,Windows-11-10.0.26200-SP0,3.14.8,100,43,escrita,24.1718,4137.052268
Windows,Windows-11-10.0.26200-SP0,3.14.8,100,43,leitura,12.2442,8167.132193
Windows,Windows-11-10.0.26200-SP0,3.14.8,100,43,liberacao,7.0734,14137.472785
Windows,Windows-11-10.0.26200-SP0,3.14.8,100,44,alocacao,41.4012,2415.388926
Windows,Windows-11-10.0.26200-SP0,3.14.8,100,44,escrita,17.4602,5727.311256
Windows,Windows-11-10.0.26200-SP0,3.14.8,100,44,leitura,11.818,8461.668641
Windows,Windows-11-10.0.26200-SP0,3.14.8,100,44,liberacao,8.2733,12087.07529
Windows,Windows-11-10.0.26200-SP0,3.14.8,100,45,alocacao,41.4417,2413.028423
Windows,Windows-11-10.0.26200-SP0,3.14.8,100,45,escrita,20.5386,4868.881034
Windows,Windows-11-10.0.26200-SP0,3.14.8,100,45,leitura,11.8469,8441.026766
Windows,Windows-11-10.0.26200-SP0,3.14.8,100,45,liberacao,9.1059,10981.890862
Windows,Windows-11-10.0.26200-SP0,3.14.8,100,46,alocacao,57.238,1747.091093
Windows,Windows-11-10.0.26200-SP0,3.14.8,100,46,escrita,18.163,5505.698398
Windows,Windows-11-10.0.26200-SP0,3.14.8,100,46,leitura,11.9153,8392.570896
Windows,Windows-11-10.0.26200-SP0,3.14.8,100,46,liberacao,7.3662,13575.520621
Windows,Windows-11-10.0.26200-SP0,3.14.8,100,47,alocacao,48.7314,2052.064993
Windows,Windows-11-10.0.26200-SP0,3.14.8,100,47,escrita,19.8176,5046.0197
Windows,Windows-11-10.0.26200-SP0,3.14.8,100,47,leitura,13.4756,7420.819852
Windows,Windows-11-10.0.26200-SP0,3.14.8,100,47,liberacao,7.6744,13030.334619
Windows,Windows-11-10.0.26200-SP0,3.14.8,100,48,alocacao,40.6474,2460.181955
Windows,Windows-11-10.0.26200-SP0,3.14.8,100,48,escrita,18.7995,5319.290407
Windows,Windows-11-10.0.26200-SP0,3.14.8,100,48,leitura,11.898,8404.773912
Windows,Windows-11-10.0.26200-SP0,3.14.8,100,48,liberacao,6.7686,14774.103951
Windows,Windows-11-10.0.26200-SP0,3.14.8,100,49,alocacao,60.6148,1649.762104
Windows,Windows-11-10.0.26200-SP0,3.14.8,100,49,escrita,17.9991,5555.833347
Windows,Windows-11-10.0.26200-SP0,3.14.8,100,49,leitura,16.2149,6167.167235
Windows,Windows-11-10.0.26200-SP0,3.14.8,100,49,liberacao,6.6337,15074.543618
Windows,Windows-11-10.0.26200-SP0,3.14.8,100,50,alocacao,35.0448,2853.490389
Windows,Windows-11-10.0.26200-SP0,3.14.8,100,50,escrita,17.3148,5775.406011
Windows,Windows-11-10.0.26200-SP0,3.14.8,100,50,leitura,11.5508,8657.409011
Windows,Windows-11-10.0.26200-SP0,3.14.8,100,50,liberacao,7.5745,13202.191564
Windows,Windows-11-10.0.26200-SP0,3.14.8,100,51,alocacao,35.7037,2800.830166
Windows,Windows-11-10.0.26200-SP0,3.14.8,100,51,escrita,17.6439,5667.681182
Windows,Windows-11-10.0.26200-SP0,3.14.8,100,51,leitura,11.805,8470.98687
Windows,Windows-11-10.0.26200-SP0,3.14.8,100,51,liberacao,13.0303,7674.420389
Windows,Windows-11-10.0.26200-SP0,3.14.8,100,52,alocacao,45.9488,2176.335399
Windows,Windows-11-10.0.26200-SP0,3.14.8,100,52,escrita,18.5795,5382.276165
Windows,Windows-11-10.0.26200-SP0,3.14.8,100,52,leitura,14.8619,6728.61478
Windows,Windows-11-10.0.26200-SP0,3.14.8,100,52,liberacao,8.4135,11885.659951
Windows,Windows-11-10.0.26200-SP0,3.14.8,100,53,alocacao,42.6286,2345.842932
Windows,Windows-11-10.0.26200-SP0,3.14.8,100,53,escrita,18.3483,5450.096194
Windows,Windows-11-10.0.26200-SP0,3.14.8,100,53,leitura,11.58,8635.578584
Windows,Windows-11-10.0.26200-SP0,3.14.8,100,53,liberacao,7.057,14170.327335
Windows,Windows-11-10.0.26200-SP0,3.14.8,100,54,alocacao,45.5306,2196.325109
Windows,Windows-11-10.0.26200-SP0,3.14.8,100,54,escrita,22.3745,4469.373617
Windows,Windows-11-10.0.26200-SP0,3.14.8,100,54,leitura,12.2945,8133.718329
Windows,Windows-11-10.0.26200-SP0,3.14.8,100,54,liberacao,7.2011,13886.767299
Windows,Windows-11-10.0.26200-SP0,3.14.8,100,55,alocacao,42.1347,2373.340738
Windows,Windows-11-10.0.26200-SP0,3.14.8,100,55,escrita,18.0366,5544.282182
Windows,Windows-11-10.0.26200-SP0,3.14.8,100,55,leitura,11.3903,8779.400016
Windows,Windows-11-10.0.26200-SP0,3.14.8,100,55,liberacao,6.6689,14994.976683
Windows,Windows-11-10.0.26200-SP0,3.14.8,100,56,alocacao,43.9703,2274.2624
Windows,Windows-11-10.0.26200-SP0,3.14.8,100,56,escrita,18.5537,5389.760533
Windows,Windows-11-10.0.26200-SP0,3.14.8,100,56,leitura,10.9653,9119.677528
Windows,Windows-11-10.0.26200-SP0,3.14.8,100,56,liberacao,6.8563,14585.126088
Windows,Windows-11-10.0.26200-SP0,3.14.8,100,57,alocacao,40.2215,2486.232488
Windows,Windows-11-10.0.26200-SP0,3.14.8,100,57,escrita,30.9443,3231.61293
Windows,Windows-11-10.0.26200-SP0,3.14.8,100,57,leitura,11.3512,8809.641271
Windows,Windows-11-10.0.26200-SP0,3.14.8,100,57,liberacao,7.3729,13563.184093
Windows,Windows-11-10.0.26200-SP0,3.14.8,100,58,alocacao,45.9251,2177.458514
Windows,Windows-11-10.0.26200-SP0,3.14.8,100,58,escrita,23.9713,4171.655271
Windows,Windows-11-10.0.26200-SP0,3.14.8,100,58,leitura,11.5669,8645.358739
Windows,Windows-11-10.0.26200-SP0,3.14.8,100,58,liberacao,8.7289,11456.19723
Windows,Windows-11-10.0.26200-SP0,3.14.8,100,59,alocacao,53.7791,1859.458414
Windows,Windows-11-10.0.26200-SP0,3.14.8,100,59,escrita,22.666,4411.894467
Windows,Windows-11-10.0.26200-SP0,3.14.8,100,59,leitura,12.7027,7872.3421
Windows,Windows-11-10.0.26200-SP0,3.14.8,100,59,liberacao,6.8709,14554.134102
Windows,Windows-11-10.0.26200-SP0,3.14.8,100,60,alocacao,59.7621,1673.301306
Windows,Windows-11-10.0.26200-SP0,3.14.8,100,60,escrita,20.0023,4999.425066
Windows,Windows-11-10.0.26200-SP0,3.14.8,100,60,leitura,12.4144,8055.161748
Windows,Windows-11-10.0.26200-SP0,3.14.8,100,60,liberacao,7.1471,13991.688937
Windows,Windows-11-10.0.26200-SP0,3.14.8,100,61,alocacao,42.8851,2331.812214
Windows,Windows-11-10.0.26200-SP0,3.14.8,100,61,escrita,18.2151,5489.950645
Windows,Windows-11-10.0.26200-SP0,3.14.8,100,61,leitura,12.5914,7941.928618
Windows,Windows-11-10.0.26200-SP0,3.14.8,100,61,liberacao,7.3239,13653.927552
Windows,Windows-11-10.0.26200-SP0,3.14.8,100,62,alocacao,44.3372,2255.442382
Windows,Windows-11-10.0.26200-SP0,3.14.8,100,62,escrita,29.7572,3360.531233
Windows,Windows-11-10.0.26200-SP0,3.14.8,100,62,leitura,12.7002,7873.89175
Windows,Windows-11-10.0.26200-SP0,3.14.8,100,62,liberacao,9.4319,10602.317667
Windows,Windows-11-10.0.26200-SP0,3.14.8,100,63,alocacao,40.9982,2439.131474
Windows,Windows-11-10.0.26200-SP0,3.14.8,100,63,escrita,18.683,5352.459455
Windows,Windows-11-10.0.26200-SP0,3.14.8,100,63,leitura,16.9261,5908.035519
Windows,Windows-11-10.0.26200-SP0,3.14.8,100,63,liberacao,9.5491,10472.191097
Windows,Windows-11-10.0.26200-SP0,3.14.8,100,64,alocacao,44.6459,2239.847332
Windows,Windows-11-10.0.26200-SP0,3.14.8,100,64,escrita,17.9685,5565.294821
Windows,Windows-11-10.0.26200-SP0,3.14.8,100,64,leitura,12.5528,7966.350137
Windows,Windows-11-10.0.26200-SP0,3.14.8,100,64,liberacao,7.6055,13148.379462
Windows,Windows-11-10.0.26200-SP0,3.14.8,100,65,alocacao,37.2014,2688.070879
Windows,Windows-11-10.0.26200-SP0,3.14.8,100,65,escrita,30.7151,3255.727639
Windows,Windows-11-10.0.26200-SP0,3.14.8,100,65,leitura,11.3818,8785.956527
Windows,Windows-11-10.0.26200-SP0,3.14.8,100,65,liberacao,8.3945,11912.561796
Windows,Windows-11-10.0.26200-SP0,3.14.8,100,66,alocacao,40.3563,2477.927858
Windows,Windows-11-10.0.26200-SP0,3.14.8,100,66,escrita,18.2272,5486.30618
Windows,Windows-11-10.0.26200-SP0,3.14.8,100,66,leitura,11.0471,9052.149433
Windows,Windows-11-10.0.26200-SP0,3.14.8,100,66,liberacao,6.5547,15256.228355
Windows,Windows-11-10.0.26200-SP0,3.14.8,100,67,alocacao,40.6619,2459.304656
Windows,Windows-11-10.0.26200-SP0,3.14.8,100,67,escrita,18.7592,5330.717728
Windows,Windows-11-10.0.26200-SP0,3.14.8,100,67,leitura,15.5937,6412.846214
Windows,Windows-11-10.0.26200-SP0,3.14.8,100,67,liberacao,6.6725,14986.886474
Windows,Windows-11-10.0.26200-SP0,3.14.8,100,68,alocacao,48.8809,2045.788846
Windows,Windows-11-10.0.26200-SP0,3.14.8,100,68,escrita,18.9743,5270.286651
Windows,Windows-11-10.0.26200-SP0,3.14.8,100,68,leitura,11.489,8703.977718
Windows,Windows-11-10.0.26200-SP0,3.14.8,100,68,liberacao,7.0204,14244.20261
Windows,Windows-11-10.0.26200-SP0,3.14.8,100,69,alocacao,53.6187,1865.020972
Windows,Windows-11-10.0.26200-SP0,3.14.8,100,69,escrita,17.4635,5726.228992
Windows,Windows-11-10.0.26200-SP0,3.14.8,100,69,leitura,12.3905,8070.699326
Windows,Windows-11-10.0.26200-SP0,3.14.8,100,69,liberacao,7.1233,14038.437241
Windows,Windows-11-10.0.26200-SP0,3.14.8,100,70,alocacao,42.9286,2329.449365
Windows,Windows-11-10.0.26200-SP0,3.14.8,100,70,escrita,24.0825,4152.392816
Windows,Windows-11-10.0.26200-SP0,3.14.8,100,70,leitura,10.7582,9295.235262
Windows,Windows-11-10.0.26200-SP0,3.14.8,100,70,liberacao,6.942,14405.070585
Windows,Windows-11-10.0.26200-SP0,3.14.8,100,71,alocacao,39.8833,2507.315092
Windows,Windows-11-10.0.26200-SP0,3.14.8,100,71,escrita,24.8715,4020.666224
Windows,Windows-11-10.0.26200-SP0,3.14.8,100,71,leitura,12.3537,8094.740847
Windows,Windows-11-10.0.26200-SP0,3.14.8,100,71,liberacao,6.7013,14922.477728
Windows,Windows-11-10.0.26200-SP0,3.14.8,100,72,alocacao,43.1049,2319.921865
Windows,Windows-11-10.0.26200-SP0,3.14.8,100,72,escrita,19.3604,5165.182538
Windows,Windows-11-10.0.26200-SP0,3.14.8,100,72,leitura,13.4797,7418.562728
Windows,Windows-11-10.0.26200-SP0,3.14.8,100,72,liberacao,6.9666,14354.204346
Windows,Windows-11-10.0.26200-SP0,3.14.8,100,73,alocacao,39.6119,2524.493902
Windows,Windows-11-10.0.26200-SP0,3.14.8,100,73,escrita,17.9086,5583.909407
Windows,Windows-11-10.0.26200-SP0,3.14.8,100,73,leitura,11.908,8397.715821
Windows,Windows-11-10.0.26200-SP0,3.14.8,100,73,liberacao,6.6187,15108.707148
Windows,Windows-11-10.0.26200-SP0,3.14.8,100,74,alocacao,42.2874,2364.770594
Windows,Windows-11-10.0.26200-SP0,3.14.8,100,74,escrita,17.6301,5672.117572
Windows,Windows-11-10.0.26200-SP0,3.14.8,100,74,leitura,24.6555,4055.890166
Windows,Windows-11-10.0.26200-SP0,3.14.8,100,74,liberacao,8.6471,11564.570781
Windows,Windows-11-10.0.26200-SP0,3.14.8,100,75,alocacao,40.7921,2451.455061
Windows,Windows-11-10.0.26200-SP0,3.14.8,100,75,escrita,27.5306,3632.321853
Windows,Windows-11-10.0.26200-SP0,3.14.8,100,75,leitura,11.2587,8882.020127
Windows,Windows-11-10.0.26200-SP0,3.14.8,100,75,liberacao,7.0671,14150.075703
Windows,Windows-11-10.0.26200-SP0,3.14.8,100,76,alocacao,40.4345,2473.135565
Windows,Windows-11-10.0.26200-SP0,3.14.8,100,76,escrita,20.92,4780.114723
Windows,Windows-11-10.0.26200-SP0,3.14.8,100,76,leitura,11.6766,8564.136821
Windows,Windows-11-10.0.26200-SP0,3.14.8,100,76,liberacao,6.5469,15274.40468
Windows,Windows-11-10.0.26200-SP0,3.14.8,100,77,alocacao,54.2607,1842.954477
Windows,Windows-11-10.0.26200-SP0,3.14.8,100,77,escrita,19.3223,5175.367322
Windows,Windows-11-10.0.26200-SP0,3.14.8,100,77,leitura,12.0225,8317.737575
Windows,Windows-11-10.0.26200-SP0,3.14.8,100,77,liberacao,6.7096,14904.018123
Windows,Windows-11-10.0.26200-SP0,3.14.8,100,78,alocacao,36.2159,2761.218139
Windows,Windows-11-10.0.26200-SP0,3.14.8,100,78,escrita,19.397,5155.436408
Windows,Windows-11-10.0.26200-SP0,3.14.8,100,78,leitura,11.8797,8417.720986
Windows,Windows-11-10.0.26200-SP0,3.14.8,100,78,liberacao,8.6011,11626.419877
Windows,Windows-11-10.0.26200-SP0,3.14.8,100,79,alocacao,41.6647,2400.113285
Windows,Windows-11-10.0.26200-SP0,3.14.8,100,79,escrita,32.0557,3119.569998
Windows,Windows-11-10.0.26200-SP0,3.14.8,100,79,leitura,13.3626,7483.573556
Windows,Windows-11-10.0.26200-SP0,3.14.8,100,79,liberacao,6.8442,14610.911429
Windows,Windows-11-10.0.26200-SP0,3.14.8,100,80,alocacao,40.3474,2478.474449
Windows,Windows-11-10.0.26200-SP0,3.14.8,100,80,escrita,18.4648,5415.709891
Windows,Windows-11-10.0.26200-SP0,3.14.8,100,80,leitura,11.6762,8564.430208
Windows,Windows-11-10.0.26200-SP0,3.14.8,100,80,liberacao,6.8852,14523.90635
Windows,Windows-11-10.0.26200-SP0,3.14.8,100,81,alocacao,51.3216,1948.497319
Windows,Windows-11-10.0.26200-SP0,3.14.8,100,81,escrita,19.79,5053.0571
Windows,Windows-11-10.0.26200-SP0,3.14.8,100,81,leitura,11.686,8557.247989
Windows,Windows-11-10.0.26200-SP0,3.14.8,100,81,liberacao,6.9786,14329.521681
Windows,Windows-11-10.0.26200-SP0,3.14.8,100,82,alocacao,43.7683,2284.758604
Windows,Windows-11-10.0.26200-SP0,3.14.8,100,82,escrita,17.4038,5745.871591
Windows,Windows-11-10.0.26200-SP0,3.14.8,100,82,leitura,11.5765,8638.189435
Windows,Windows-11-10.0.26200-SP0,3.14.8,100,82,liberacao,6.4403,15527.226993
Windows,Windows-11-10.0.26200-SP0,3.14.8,100,83,alocacao,41.3799,2416.63223
Windows,Windows-11-10.0.26200-SP0,3.14.8,100,83,escrita,28.8819,3462.37609
Windows,Windows-11-10.0.26200-SP0,3.14.8,100,83,leitura,11.7181,8533.806675
Windows,Windows-11-10.0.26200-SP0,3.14.8,100,83,liberacao,7.4546,13414.535991
Windows,Windows-11-10.0.26200-SP0,3.14.8,100,84,alocacao,37.336,2678.380116
Windows,Windows-11-10.0.26200-SP0,3.14.8,100,84,escrita,16.9238,5908.838441
Windows,Windows-11-10.0.26200-SP0,3.14.8,100,84,leitura,11.5176,8682.364381
Windows,Windows-11-10.0.26200-SP0,3.14.8,100,84,liberacao,6.3615,15719.562996
Windows,Windows-11-10.0.26200-SP0,3.14.8,100,85,alocacao,36.304,2754.517409
Windows,Windows-11-10.0.26200-SP0,3.14.8,100,85,escrita,21.0457,4751.564453
Windows,Windows-11-10.0.26200-SP0,3.14.8,100,85,leitura,17.3719,5756.422729
Windows,Windows-11-10.0.26200-SP0,3.14.8,100,85,liberacao,8.6498,11560.960947
Windows,Windows-11-10.0.26200-SP0,3.14.8,100,86,alocacao,53.9463,1853.695249
Windows,Windows-11-10.0.26200-SP0,3.14.8,100,86,escrita,18.5681,5385.580646
Windows,Windows-11-10.0.26200-SP0,3.14.8,100,86,leitura,12.1635,8221.317877
Windows,Windows-11-10.0.26200-SP0,3.14.8,100,86,liberacao,6.7708,14769.30348
Windows,Windows-11-10.0.26200-SP0,3.14.8,100,87,alocacao,36.2304,2760.113054
Windows,Windows-11-10.0.26200-SP0,3.14.8,100,87,escrita,20.6345,4846.252635
Windows,Windows-11-10.0.26200-SP0,3.14.8,100,87,leitura,16.5866,6028.963139
Windows,Windows-11-10.0.26200-SP0,3.14.8,100,87,liberacao,6.8458,14607.496567
Windows,Windows-11-10.0.26200-SP0,3.14.8,100,88,alocacao,54.7365,1826.934495
Windows,Windows-11-10.0.26200-SP0,3.14.8,100,88,escrita,20.5857,4857.741053
Windows,Windows-11-10.0.26200-SP0,3.14.8,100,88,leitura,12.3858,8073.761889
Windows,Windows-11-10.0.26200-SP0,3.14.8,100,88,liberacao,7.1661,13954.591758
Windows,Windows-11-10.0.26200-SP0,3.14.8,100,89,alocacao,35.9211,2783.879113
Windows,Windows-11-10.0.26200-SP0,3.14.8,100,89,escrita,25.0061,3999.024238
Windows,Windows-11-10.0.26200-SP0,3.14.8,100,89,leitura,13.0745,7648.476041
Windows,Windows-11-10.0.26200-SP0,3.14.8,100,89,liberacao,6.4437,15519.034095
Windows,Windows-11-10.0.26200-SP0,3.14.8,100,90,alocacao,39.9826,2501.087973
Windows,Windows-11-10.0.26200-SP0,3.14.8,100,90,escrita,17.1546,5829.340235
Windows,Windows-11-10.0.26200-SP0,3.14.8,100,90,leitura,15.195,6581.112208
Windows,Windows-11-10.0.26200-SP0,3.14.8,100,90,liberacao,8.668,11536.686664
Windows,Windows-11-10.0.26200-SP0,3.14.8,100,91,alocacao,47.3264,2112.985564
Windows,Windows-11-10.0.26200-SP0,3.14.8,100,91,escrita,22.3846,4467.357022
Windows,Windows-11-10.0.26200-SP0,3.14.8,100,91,leitura,12.9093,7746.353404
Windows,Windows-11-10.0.26200-SP0,3.14.8,100,91,liberacao,15.5269,6440.435631
Windows,Windows-11-10.0.26200-SP0,3.14.8,100,92,alocacao,46.6565,2143.324081
Windows,Windows-11-10.0.26200-SP0,3.14.8,100,92,escrita,18.118,5519.372999
Windows,Windows-11-10.0.26200-SP0,3.14.8,100,92,leitura,11.2107,8920.049595
Windows,Windows-11-10.0.26200-SP0,3.14.8,100,92,liberacao,9.1458,10933.980625
Windows,Windows-11-10.0.26200-SP0,3.14.8,100,93,alocacao,41.6747,2399.537369
Windows,Windows-11-10.0.26200-SP0,3.14.8,100,93,escrita,18.2998,5464.540596
Windows,Windows-11-10.0.26200-SP0,3.14.8,100,93,leitura,11.9822,8345.712807
Windows,Windows-11-10.0.26200-SP0,3.14.8,100,93,liberacao,6.6595,15016.142353
Windows,Windows-11-10.0.26200-SP0,3.14.8,100,94,alocacao,35.4771,2818.719681
Windows,Windows-11-10.0.26200-SP0,3.14.8,100,94,escrita,16.7746,5961.394012
Windows,Windows-11-10.0.26200-SP0,3.14.8,100,94,leitura,11.9253,8385.533278
Windows,Windows-11-10.0.26200-SP0,3.14.8,100,94,liberacao,6.5678,15225.798593
Windows,Windows-11-10.0.26200-SP0,3.14.8,100,95,alocacao,43.0112,2324.97582
Windows,Windows-11-10.0.26200-SP0,3.14.8,100,95,escrita,17.0231,5874.370708
Windows,Windows-11-10.0.26200-SP0,3.14.8,100,95,leitura,12.5753,7952.09657
Windows,Windows-11-10.0.26200-SP0,3.14.8,100,95,liberacao,9.747,10259.567046
Windows,Windows-11-10.0.26200-SP0,3.14.8,100,96,alocacao,34.605,2889.755816
Windows,Windows-11-10.0.26200-SP0,3.14.8,100,96,escrita,17.4201,5740.495175
Windows,Windows-11-10.0.26200-SP0,3.14.8,100,96,leitura,11.8083,8468.61953
Windows,Windows-11-10.0.26200-SP0,3.14.8,100,96,liberacao,6.6627,15008.930314
Windows,Windows-11-10.0.26200-SP0,3.14.8,100,97,alocacao,42.3681,2360.266332
Windows,Windows-11-10.0.26200-SP0,3.14.8,100,97,escrita,17.7666,5628.538944
Windows,Windows-11-10.0.26200-SP0,3.14.8,100,97,leitura,22.731,4399.278518
Windows,Windows-11-10.0.26200-SP0,3.14.8,100,97,liberacao,6.9328,14424.186476
Windows,Windows-11-10.0.26200-SP0,3.14.8,100,98,alocacao,40.8892,2445.633566
Windows,Windows-11-10.0.26200-SP0,3.14.8,100,98,escrita,18.302,5463.883729
Windows,Windows-11-10.0.26200-SP0,3.14.8,100,98,leitura,14.6451,6828.222409
Windows,Windows-11-10.0.26200-SP0,3.14.8,100,98,liberacao,9.5041,10521.774813
Windows,Windows-11-10.0.26200-SP0,3.14.8,100,99,alocacao,38.6345,2588.360144
Windows,Windows-11-10.0.26200-SP0,3.14.8,100,99,escrita,19.9783,5005.430893
Windows,Windows-11-10.0.26200-SP0,3.14.8,100,99,leitura,11.3541,8807.391163
Windows,Windows-11-10.0.26200-SP0,3.14.8,100,99,liberacao,7.6831,13015.579649
Windows,Windows-11-10.0.26200-SP0,3.14.8,100,100,alocacao,43.9485,2275.390514
Windows,Windows-11-10.0.26200-SP0,3.14.8,100,100,escrita,22.7106,4403.23021
Windows,Windows-11-10.0.26200-SP0,3.14.8,100,100,leitura,16.9059,5915.09473
Windows,Windows-11-10.0.26200-SP0,3.14.8,100,100,liberacao,6.6313,15079.999397
Windows,Windows-11-10.0.26200-SP0,3.14.8,200,1,alocacao,79.5886,2512.922705
Windows,Windows-11-10.0.26200-SP0,3.14.8,200,1,escrita,42.2297,4736.003334
Windows,Windows-11-10.0.26200-SP0,3.14.8,200,1,leitura,25.1023,7967.39741
Windows,Windows-11-10.0.26200-SP0,3.14.8,200,1,liberacao,21.4643,9317.797459
Windows,Windows-11-10.0.26200-SP0,3.14.8,200,2,alocacao,91.1011,2195.363173
Windows,Windows-11-10.0.26200-SP0,3.14.8,200,2,escrita,45.4521,4400.236733
Windows,Windows-11-10.0.26200-SP0,3.14.8,200,2,leitura,30.0256,6660.982628
Windows,Windows-11-10.0.26200-SP0,3.14.8,200,2,liberacao,14.4952,13797.670953
Windows,Windows-11-10.0.26200-SP0,3.14.8,200,3,alocacao,77.3099,2586.990799
Windows,Windows-11-10.0.26200-SP0,3.14.8,200,3,escrita,35.3492,5657.83667
Windows,Windows-11-10.0.26200-SP0,3.14.8,200,3,leitura,26.7172,7485.814382
Windows,Windows-11-10.0.26200-SP0,3.14.8,200,3,liberacao,15.3243,13051.167101
Windows,Windows-11-10.0.26200-SP0,3.14.8,200,4,alocacao,95.5482,2093.184382
Windows,Windows-11-10.0.26200-SP0,3.14.8,200,4,escrita,36.1418,5533.758695
Windows,Windows-11-10.0.26200-SP0,3.14.8,200,4,leitura,27.8277,7187.083374
Windows,Windows-11-10.0.26200-SP0,3.14.8,200,4,liberacao,14.1335,14150.776524
Windows,Windows-11-10.0.26200-SP0,3.14.8,200,5,alocacao,80.3197,2490.049141
Windows,Windows-11-10.0.26200-SP0,3.14.8,200,5,escrita,39.3769,5079.119992
Windows,Windows-11-10.0.26200-SP0,3.14.8,200,5,leitura,25.1748,7944.452389
Windows,Windows-11-10.0.26200-SP0,3.14.8,200,5,liberacao,17.5879,11371.454238
Windows,Windows-11-10.0.26200-SP0,3.14.8,200,6,alocacao,92.2908,2167.063239
Windows,Windows-11-10.0.26200-SP0,3.14.8,200,6,escrita,38.855,5147.342684
Windows,Windows-11-10.0.26200-SP0,3.14.8,200,6,leitura,23.5032,8509.47956
Windows,Windows-11-10.0.26200-SP0,3.14.8,200,6,liberacao,13.8748,14414.622193
Windows,Windows-11-10.0.26200-SP0,3.14.8,200,7,alocacao,80.4638,2485.589793
Windows,Windows-11-10.0.26200-SP0,3.14.8,200,7,escrita,36.1637,5530.407563
Windows,Windows-11-10.0.26200-SP0,3.14.8,200,7,leitura,44.6604,4478.240231
Windows,Windows-11-10.0.26200-SP0,3.14.8,200,7,liberacao,20.8383,9597.711905
Windows,Windows-11-10.0.26200-SP0,3.14.8,200,8,alocacao,92.546,2161.087459
Windows,Windows-11-10.0.26200-SP0,3.14.8,200,8,escrita,34.7957,5747.836658
Windows,Windows-11-10.0.26200-SP0,3.14.8,200,8,leitura,25.8844,7726.661619
Windows,Windows-11-10.0.26200-SP0,3.14.8,200,8,liberacao,13.4461,14874.201441
Windows,Windows-11-10.0.26200-SP0,3.14.8,200,9,alocacao,88.8315,2251.453595
Windows,Windows-11-10.0.26200-SP0,3.14.8,200,9,escrita,37.9361,5272.023218
Windows,Windows-11-10.0.26200-SP0,3.14.8,200,9,leitura,23.8106,8399.620337
Windows,Windows-11-10.0.26200-SP0,3.14.8,200,9,liberacao,13.7285,14568.233966
Windows,Windows-11-10.0.26200-SP0,3.14.8,200,10,alocacao,82.7025,2418.306581
Windows,Windows-11-10.0.26200-SP0,3.14.8,200,10,escrita,40.9234,4887.179462
Windows,Windows-11-10.0.26200-SP0,3.14.8,200,10,leitura,31.5958,6329.955247
Windows,Windows-11-10.0.26200-SP0,3.14.8,200,10,liberacao,20.9236,9558.584565
Windows,Windows-11-10.0.26200-SP0,3.14.8,200,11,alocacao,67.6497,2956.406311
Windows,Windows-11-10.0.26200-SP0,3.14.8,200,11,escrita,40.1072,4986.635816
Windows,Windows-11-10.0.26200-SP0,3.14.8,200,11,leitura,25.4906,7846.029517
Windows,Windows-11-10.0.26200-SP0,3.14.8,200,11,liberacao,16.2011,12344.840782
Windows,Windows-11-10.0.26200-SP0,3.14.8,200,12,alocacao,81.0903,2466.386239
Windows,Windows-11-10.0.26200-SP0,3.14.8,200,12,escrita,44.5965,4484.656868
Windows,Windows-11-10.0.26200-SP0,3.14.8,200,12,leitura,25.1791,7943.095663
Windows,Windows-11-10.0.26200-SP0,3.14.8,200,12,liberacao,14.476,13815.971263
Windows,Windows-11-10.0.26200-SP0,3.14.8,200,13,alocacao,77.6783,2574.72164
Windows,Windows-11-10.0.26200-SP0,3.14.8,200,13,escrita,53.148,3763.076692
Windows,Windows-11-10.0.26200-SP0,3.14.8,200,13,leitura,24.4162,8191.282837
Windows,Windows-11-10.0.26200-SP0,3.14.8,200,13,liberacao,17.1558,11657.864979
Windows,Windows-11-10.0.26200-SP0,3.14.8,200,14,alocacao,86.334,2316.584428
Windows,Windows-11-10.0.26200-SP0,3.14.8,200,14,escrita,36.7862,5436.821417
Windows,Windows-11-10.0.26200-SP0,3.14.8,200,14,leitura,23.8327,8391.831391
Windows,Windows-11-10.0.26200-SP0,3.14.8,200,14,liberacao,21.0676,9493.250299
Windows,Windows-11-10.0.26200-SP0,3.14.8,200,15,alocacao,78.0367,2562.896688
Windows,Windows-11-10.0.26200-SP0,3.14.8,200,15,escrita,39.677,5040.703682
Windows,Windows-11-10.0.26200-SP0,3.14.8,200,15,leitura,23.5961,8475.976962
Windows,Windows-11-10.0.26200-SP0,3.14.8,200,15,liberacao,26.5873,7522.388509
Windows,Windows-11-10.0.26200-SP0,3.14.8,200,16,alocacao,86.3994,2314.83089
Windows,Windows-11-10.0.26200-SP0,3.14.8,200,16,escrita,36.5395,5473.528647
Windows,Windows-11-10.0.26200-SP0,3.14.8,200,16,leitura,24.9707,8009.387002
Windows,Windows-11-10.0.26200-SP0,3.14.8,200,16,liberacao,14.3763,13911.785369
Windows,Windows-11-10.0.26200-SP0,3.14.8,200,17,alocacao,75.9864,2632.049946
Windows,Windows-11-10.0.26200-SP0,3.14.8,200,17,escrita,38.1303,5245.172474
Windows,Windows-11-10.0.26200-SP0,3.14.8,200,17,leitura,22.7013,8810.068146
Windows,Windows-11-10.0.26200-SP0,3.14.8,200,17,liberacao,16.15,12383.900929
Windows,Windows-11-10.0.26200-SP0,3.14.8,200,18,alocacao,84.8982,2355.762549
Windows,Windows-11-10.0.26200-SP0,3.14.8,200,18,escrita,38.3188,5219.370126
Windows,Windows-11-10.0.26200-SP0,3.14.8,200,18,leitura,23.6767,8447.123121
Windows,Windows-11-10.0.26200-SP0,3.14.8,200,18,liberacao,14.9365,13390.017742
Windows,Windows-11-10.0.26200-SP0,3.14.8,200,19,alocacao,93.8725,2130.549415
Windows,Windows-11-10.0.26200-SP0,3.14.8,200,19,escrita,41.4972,4819.602286
Windows,Windows-11-10.0.26200-SP0,3.14.8,200,19,leitura,24.4865,8167.765912
Windows,Windows-11-10.0.26200-SP0,3.14.8,200,19,liberacao,14.6761,13627.598613
Windows,Windows-11-10.0.26200-SP0,3.14.8,200,20,alocacao,86.2139,2319.811539
Windows,Windows-11-10.0.26200-SP0,3.14.8,200,20,escrita,43.2686,4622.289605
Windows,Windows-11-10.0.26200-SP0,3.14.8,200,20,leitura,23.8317,8392.18352
Windows,Windows-11-10.0.26200-SP0,3.14.8,200,20,liberacao,24.0399,8319.502161
Windows,Windows-11-10.0.26200-SP0,3.14.8,200,21,alocacao,72.3842,2763.033922
Windows,Windows-11-10.0.26200-SP0,3.14.8,200,21,escrita,35.1381,5691.82739
Windows,Windows-11-10.0.26200-SP0,3.14.8,200,21,leitura,22.2884,8973.277579
Windows,Windows-11-10.0.26200-SP0,3.14.8,200,21,liberacao,22.2787,8977.184486
Windows,Windows-11-10.0.26200-SP0,3.14.8,200,22,alocacao,73.9066,2706.118263
Windows,Windows-11-10.0.26200-SP0,3.14.8,200,22,escrita,43.3369,4615.004765
Windows,Windows-11-10.0.26200-SP0,3.14.8,200,22,leitura,30.5281,6551.341223
Windows,Windows-11-10.0.26200-SP0,3.14.8,200,22,liberacao,21.8807,9140.475396
Windows,Windows-11-10.0.26200-SP0,3.14.8,200,23,alocacao,73.7821,2710.68457
Windows,Windows-11-10.0.26200-SP0,3.14.8,200,23,escrita,38.0277,5259.324124
Windows,Windows-11-10.0.26200-SP0,3.14.8,200,23,leitura,24.093,8301.166314
Windows,Windows-11-10.0.26200-SP0,3.14.8,200,23,liberacao,16.7771,11921.011379
Windows,Windows-11-10.0.26200-SP0,3.14.8,200,24,alocacao,76.4985,2614.430348
Windows,Windows-11-10.0.26200-SP0,3.14.8,200,24,escrita,36.8273,5430.753816
Windows,Windows-11-10.0.26200-SP0,3.14.8,200,24,leitura,26.7011,7490.328114
Windows,Windows-11-10.0.26200-SP0,3.14.8,200,24,liberacao,17.6894,11306.205976
Windows,Windows-11-10.0.26200-SP0,3.14.8,200,25,alocacao,94.1956,2123.241425
Windows,Windows-11-10.0.26200-SP0,3.14.8,200,25,escrita,42.083,4752.512891
Windows,Windows-11-10.0.26200-SP0,3.14.8,200,25,leitura,24.868,8042.464211
Windows,Windows-11-10.0.26200-SP0,3.14.8,200,25,liberacao,21.7174,9209.205522
Windows,Windows-11-10.0.26200-SP0,3.14.8,200,26,alocacao,84.684,2361.721222
Windows,Windows-11-10.0.26200-SP0,3.14.8,200,26,escrita,35.9601,5561.719795
Windows,Windows-11-10.0.26200-SP0,3.14.8,200,26,leitura,23.8704,8378.577653
Windows,Windows-11-10.0.26200-SP0,3.14.8,200,26,liberacao,14.0558,14229.001551
Windows,Windows-11-10.0.26200-SP0,3.14.8,200,27,alocacao,86.2094,2319.932629
Windows,Windows-11-10.0.26200-SP0,3.14.8,200,27,escrita,34.416,5811.250581
Windows,Windows-11-10.0.26200-SP0,3.14.8,200,27,leitura,27.4891,7275.61106
Windows,Windows-11-10.0.26200-SP0,3.14.8,200,27,liberacao,13.5424,14768.431002
Windows,Windows-11-10.0.26200-SP0,3.14.8,200,28,alocacao,98.9611,2020.996129
Windows,Windows-11-10.0.26200-SP0,3.14.8,200,28,escrita,40.6834,4916.00997
Windows,Windows-11-10.0.26200-SP0,3.14.8,200,28,leitura,25.7936,7753.861423
Windows,Windows-11-10.0.26200-SP0,3.14.8,200,28,liberacao,22.0431,9073.133997
Windows,Windows-11-10.0.26200-SP0,3.14.8,200,29,alocacao,75.0614,2664.485341
Windows,Windows-11-10.0.26200-SP0,3.14.8,200,29,escrita,36.9722,5409.469818
Windows,Windows-11-10.0.26200-SP0,3.14.8,200,29,leitura,26.9481,7421.673513
Windows,Windows-11-10.0.26200-SP0,3.14.8,200,29,liberacao,19.5561,10226.987999
Windows,Windows-11-10.0.26200-SP0,3.14.8,200,30,alocacao,86.4405,2313.730254
Windows,Windows-11-10.0.26200-SP0,3.14.8,200,30,escrita,41.6862,4797.750814
Windows,Windows-11-10.0.26200-SP0,3.14.8,200,30,leitura,28.9315,6912.880424
Windows,Windows-11-10.0.26200-SP0,3.14.8,200,30,liberacao,20.0258,9987.11662
Windows,Windows-11-10.0.26200-SP0,3.14.8,200,31,alocacao,84.1103,2377.830064
Windows,Windows-11-10.0.26200-SP0,3.14.8,200,31,escrita,36.2759,5513.30222
Windows,Windows-11-10.0.26200-SP0,3.14.8,200,31,leitura,31.4435,6360.615071
Windows,Windows-11-10.0.26200-SP0,3.14.8,200,31,liberacao,13.5247,14787.758693
Windows,Windows-11-10.0.26200-SP0,3.14.8,200,32,alocacao,86.8979,2301.551591
Windows,Windows-11-10.0.26200-SP0,3.14.8,200,32,escrita,38.2555,5228.00643
Windows,Windows-11-10.0.26200-SP0,3.14.8,200,32,leitura,24.6041,8128.726513
Windows,Windows-11-10.0.26200-SP0,3.14.8,200,32,liberacao,18.0515,11079.411683
Windows,Windows-11-10.0.26200-SP0,3.14.8,200,33,alocacao,76.7209,2606.851588
Windows,Windows-11-10.0.26200-SP0,3.14.8,200,33,escrita,37.7146,5302.986111
Windows,Windows-11-10.0.26200-SP0,3.14.8,200,33,leitura,22.8731,8743.895668
Windows,Windows-11-10.0.26200-SP0,3.14.8,200,33,liberacao,13.9315,14355.955927
Windows,Windows-11-10.0.26200-SP0,3.14.8,200,34,alocacao,83.0245,2408.927485
Windows,Windows-11-10.0.26200-SP0,3.14.8,200,34,escrita,43.6011,4587.040235
Windows,Windows-11-10.0.26200-SP0,3.14.8,200,34,leitura,24.1968,8265.555776
Windows,Windows-11-10.0.26200-SP0,3.14.8,200,34,liberacao,21.0746,9490.097084
Windows,Windows-11-10.0.26200-SP0,3.14.8,200,35,alocacao,78.7514,2539.637391
Windows,Windows-11-10.0.26200-SP0,3.14.8,200,35,escrita,44.6952,4474.753441
Windows,Windows-11-10.0.26200-SP0,3.14.8,200,35,leitura,26.1212,7656.616082
Windows,Windows-11-10.0.26200-SP0,3.14.8,200,35,liberacao,15.5784,12838.288913
Windows,Windows-11-10.0.26200-SP0,3.14.8,200,36,alocacao,87.8646,2276.229562
Windows,Windows-11-10.0.26200-SP0,3.14.8,200,36,escrita,37.8325,5286.460054
Windows,Windows-11-10.0.26200-SP0,3.14.8,200,36,leitura,25.4082,7871.474563
Windows,Windows-11-10.0.26200-SP0,3.14.8,200,36,liberacao,14.358,13929.516646
Windows,Windows-11-10.0.26200-SP0,3.14.8,200,37,alocacao,93.9617,2128.526836
Windows,Windows-11-10.0.26200-SP0,3.14.8,200,37,escrita,37.5878,5320.87539
Windows,Windows-11-10.0.26200-SP0,3.14.8,200,37,leitura,23.0924,8660.858118
Windows,Windows-11-10.0.26200-SP0,3.14.8,200,37,liberacao,23.046,8678.295583
Windows,Windows-11-10.0.26200-SP0,3.14.8,200,38,alocacao,75.987,2632.029163
Windows,Windows-11-10.0.26200-SP0,3.14.8,200,38,escrita,36.9583,5411.504317
Windows,Windows-11-10.0.26200-SP0,3.14.8,200,38,leitura,23.4958,8512.15962
Windows,Windows-11-10.0.26200-SP0,3.14.8,200,38,liberacao,14.8511,13467.015911
Windows,Windows-11-10.0.26200-SP0,3.14.8,200,39,alocacao,91.1337,2194.577856
Windows,Windows-11-10.0.26200-SP0,3.14.8,200,39,escrita,35.883,5573.669983
Windows,Windows-11-10.0.26200-SP0,3.14.8,200,39,leitura,23.5819,8481.080829
Windows,Windows-11-10.0.26200-SP0,3.14.8,200,39,liberacao,18.611,10746.332814
Windows,Windows-11-10.0.26200-SP0,3.14.8,200,40,alocacao,81.55,2452.483139
Windows,Windows-11-10.0.26200-SP0,3.14.8,200,40,escrita,36.3913,5495.819056
Windows,Windows-11-10.0.26200-SP0,3.14.8,200,40,leitura,27.8616,7178.338645
Windows,Windows-11-10.0.26200-SP0,3.14.8,200,40,liberacao,20.2915,9856.343789
Windows,Windows-11-10.0.26200-SP0,3.14.8,200,41,alocacao,74.7819,2674.44395
Windows,Windows-11-10.0.26200-SP0,3.14.8,200,41,escrita,33.7705,5922.32866
Windows,Windows-11-10.0.26200-SP0,3.14.8,200,41,leitura,23.9517,8350.137986
Windows,Windows-11-10.0.26200-SP0,3.14.8,200,41,liberacao,16.714,11966.016513
Windows,Windows-11-10.0.26200-SP0,3.14.8,200,42,alocacao,80.2682,2491.646754
Windows,Windows-11-10.0.26200-SP0,3.14.8,200,42,escrita,39.8953,5013.121846
Windows,Windows-11-10.0.26200-SP0,3.14.8,200,42,leitura,22.9522,8713.761644
Windows,Windows-11-10.0.26200-SP0,3.14.8,200,42,liberacao,22.1936,9011.60695
Windows,Windows-11-10.0.26200-SP0,3.14.8,200,43,alocacao,84.3104,2372.186587
Windows,Windows-11-10.0.26200-SP0,3.14.8,200,43,escrita,39.4731,5066.741654
Windows,Windows-11-10.0.26200-SP0,3.14.8,200,43,leitura,21.707,9213.617727
Windows,Windows-11-10.0.26200-SP0,3.14.8,200,43,liberacao,13.247,15097.757983
Windows,Windows-11-10.0.26200-SP0,3.14.8,200,44,alocacao,90.4439,2211.315523
Windows,Windows-11-10.0.26200-SP0,3.14.8,200,44,escrita,34.5895,5782.101505
Windows,Windows-11-10.0.26200-SP0,3.14.8,200,44,leitura,22.4578,8905.591821
Windows,Windows-11-10.0.26200-SP0,3.14.8,200,44,liberacao,14.4085,13880.695423
Windows,Windows-11-10.0.26200-SP0,3.14.8,200,45,alocacao,82.2686,2431.061183
Windows,Windows-11-10.0.26200-SP0,3.14.8,200,45,escrita,36.7798,5437.76747
Windows,Windows-11-10.0.26200-SP0,3.14.8,200,45,leitura,26.196,7634.753397
Windows,Windows-11-10.0.26200-SP0,3.14.8,200,45,liberacao,18.1735,11005.034803
Windows,Windows-11-10.0.26200-SP0,3.14.8,200,46,alocacao,88.3771,2263.029676
Windows,Windows-11-10.0.26200-SP0,3.14.8,200,46,escrita,36.6545,5456.355973
Windows,Windows-11-10.0.26200-SP0,3.14.8,200,46,leitura,22.2004,9008.846687
Windows,Windows-11-10.0.26200-SP0,3.14.8,200,46,liberacao,16.3511,12231.592982
Windows,Windows-11-10.0.26200-SP0,3.14.8,200,47,alocacao,84.2115,2374.972539
Windows,Windows-11-10.0.26200-SP0,3.14.8,200,47,escrita,41.2054,4853.732763
Windows,Windows-11-10.0.26200-SP0,3.14.8,200,47,leitura,23.5247,8501.702466
Windows,Windows-11-10.0.26200-SP0,3.14.8,200,47,liberacao,15.6935,12744.129735
Windows,Windows-11-10.0.26200-SP0,3.14.8,200,48,alocacao,80.304,2490.535963
Windows,Windows-11-10.0.26200-SP0,3.14.8,200,48,escrita,37.2582,5367.945848
Windows,Windows-11-10.0.26200-SP0,3.14.8,200,48,leitura,23.0581,8673.741549
Windows,Windows-11-10.0.26200-SP0,3.14.8,200,48,liberacao,21.5401,9285.007962
Windows,Windows-11-10.0.26200-SP0,3.14.8,200,49,alocacao,96.1898,2079.222537
Windows,Windows-11-10.0.26200-SP0,3.14.8,200,49,escrita,38.4591,5200.329701
Windows,Windows-11-10.0.26200-SP0,3.14.8,200,49,leitura,23.0444,8678.898127
Windows,Windows-11-10.0.26200-SP0,3.14.8,200,49,liberacao,16.8784,11849.464404
Windows,Windows-11-10.0.26200-SP0,3.14.8,200,50,alocacao,80.0728,2497.727068
Windows,Windows-11-10.0.26200-SP0,3.14.8,200,50,escrita,44.0525,4540.037455
Windows,Windows-11-10.0.26200-SP0,3.14.8,200,50,leitura,22.2619,8983.959141
Windows,Windows-11-10.0.26200-SP0,3.14.8,200,50,liberacao,14.4995,13793.579089
Windows,Windows-11-10.0.26200-SP0,3.14.8,200,51,alocacao,79.2737,2522.904822
Windows,Windows-11-10.0.26200-SP0,3.14.8,200,51,escrita,33.1798,6027.76388
Windows,Windows-11-10.0.26200-SP0,3.14.8,200,51,leitura,25.1442,7954.120632
Windows,Windows-11-10.0.26200-SP0,3.14.8,200,51,liberacao,20.7879,9620.981436
Windows,Windows-11-10.0.26200-SP0,3.14.8,200,52,alocacao,85.0143,2352.545395
Windows,Windows-11-10.0.26200-SP0,3.14.8,200,52,escrita,108.5356,1842.713359
Windows,Windows-11-10.0.26200-SP0,3.14.8,200,52,leitura,23.774,8412.551527
Windows,Windows-11-10.0.26200-SP0,3.14.8,200,52,liberacao,13.449,14870.994126
Windows,Windows-11-10.0.26200-SP0,3.14.8,200,53,alocacao,84.7388,2360.193914
Windows,Windows-11-10.0.26200-SP0,3.14.8,200,53,escrita,36.5828,5467.050089
Windows,Windows-11-10.0.26200-SP0,3.14.8,200,53,leitura,24.6223,8122.718024
Windows,Windows-11-10.0.26200-SP0,3.14.8,200,53,liberacao,13.6889,14610.377751
Windows,Windows-11-10.0.26200-SP0,3.14.8,200,54,alocacao,99.5204,2009.638225
Windows,Windows-11-10.0.26200-SP0,3.14.8,200,54,escrita,59.5291,3359.70139
Windows,Windows-11-10.0.26200-SP0,3.14.8,200,54,leitura,22.0333,9077.169557
Windows,Windows-11-10.0.26200-SP0,3.14.8,200,54,liberacao,13.4443,14876.192885
Windows,Windows-11-10.0.26200-SP0,3.14.8,200,55,alocacao,111.0499,1800.992167
Windows,Windows-11-10.0.26200-SP0,3.14.8,200,55,escrita,45.0505,4439.462381
Windows,Windows-11-10.0.26200-SP0,3.14.8,200,55,leitura,30.1154,6641.12049
Windows,Windows-11-10.0.26200-SP0,3.14.8,200,55,liberacao,13.0416,15335.541651
Windows,Windows-11-10.0.26200-SP0,3.14.8,200,56,alocacao,126.8556,1576.595751
Windows,Windows-11-10.0.26200-SP0,3.14.8,200,56,escrita,85.7294,2332.921961
Windows,Windows-11-10.0.26200-SP0,3.14.8,200,56,leitura,28.074,7124.029351
Windows,Windows-11-10.0.26200-SP0,3.14.8,200,56,liberacao,20.0156,9992.206079
Windows,Windows-11-10.0.26200-SP0,3.14.8,200,57,alocacao,116.1015,1722.630629
Windows,Windows-11-10.0.26200-SP0,3.14.8,200,57,escrita,40.788,4903.402962
Windows,Windows-11-10.0.26200-SP0,3.14.8,200,57,leitura,25.8826,7727.198968
Windows,Windows-11-10.0.26200-SP0,3.14.8,200,57,liberacao,13.9455,14341.543867
Windows,Windows-11-10.0.26200-SP0,3.14.8,200,58,alocacao,97.9024,2042.850839
Windows,Windows-11-10.0.26200-SP0,3.14.8,200,58,escrita,39.8391,5020.193729
Windows,Windows-11-10.0.26200-SP0,3.14.8,200,58,leitura,25.2673,7915.368876
Windows,Windows-11-10.0.26200-SP0,3.14.8,200,58,liberacao,19.3553,10333.087061
Windows,Windows-11-10.0.26200-SP0,3.14.8,200,59,alocacao,98.1722,2037.236611
Windows,Windows-11-10.0.26200-SP0,3.14.8,200,59,escrita,38.9949,5128.875827
Windows,Windows-11-10.0.26200-SP0,3.14.8,200,59,leitura,23.2252,8611.335963
Windows,Windows-11-10.0.26200-SP0,3.14.8,200,59,liberacao,12.3653,16174.294194
Windows,Windows-11-10.0.26200-SP0,3.14.8,200,60,alocacao,88.8231,2251.666515
Windows,Windows-11-10.0.26200-SP0,3.14.8,200,60,escrita,36.7032,5449.116153
Windows,Windows-11-10.0.26200-SP0,3.14.8,200,60,leitura,27.0708,7388.03434
Windows,Windows-11-10.0.26200-SP0,3.14.8,200,60,liberacao,17.029,11744.670856
Windows,Windows-11-10.0.26200-SP0,3.14.8,200,61,alocacao,99.6594,2006.835281
Windows,Windows-11-10.0.26200-SP0,3.14.8,200,61,escrita,37.4858,5335.353654
Windows,Windows-11-10.0.26200-SP0,3.14.8,200,61,leitura,22.0434,9073.010516
Windows,Windows-11-10.0.26200-SP0,3.14.8,200,61,liberacao,12.238,16342.539631
Windows,Windows-11-10.0.26200-SP0,3.14.8,200,62,alocacao,82.3801,2427.770784
Windows,Windows-11-10.0.26200-SP0,3.14.8,200,62,escrita,33.857,5907.197921
Windows,Windows-11-10.0.26200-SP0,3.14.8,200,62,leitura,23.5947,8476.479887
Windows,Windows-11-10.0.26200-SP0,3.14.8,200,62,liberacao,13.4582,14860.828343
Windows,Windows-11-10.0.26200-SP0,3.14.8,200,63,alocacao,83.2312,2402.945049
Windows,Windows-11-10.0.26200-SP0,3.14.8,200,63,escrita,36.3254,5505.789337
Windows,Windows-11-10.0.26200-SP0,3.14.8,200,63,leitura,25.6415,7799.855703
Windows,Windows-11-10.0.26200-SP0,3.14.8,200,63,liberacao,14.958,13370.771494
Windows,Windows-11-10.0.26200-SP0,3.14.8,200,64,alocacao,76.1376,2626.823015
Windows,Windows-11-10.0.26200-SP0,3.14.8,200,64,escrita,37.697,5305.461973
Windows,Windows-11-10.0.26200-SP0,3.14.8,200,64,leitura,24.9105,8028.7429
Windows,Windows-11-10.0.26200-SP0,3.14.8,200,64,liberacao,13.562,14747.08745
Windows,Windows-11-10.0.26200-SP0,3.14.8,200,65,alocacao,71.5784,2794.139014
Windows,Windows-11-10.0.26200-SP0,3.14.8,200,65,escrita,33.0008,6060.45914
Windows,Windows-11-10.0.26200-SP0,3.14.8,200,65,leitura,21.8385,9158.138151
Windows,Windows-11-10.0.26200-SP0,3.14.8,200,65,liberacao,12.7724,15658.76421
Windows,Windows-11-10.0.26200-SP0,3.14.8,200,66,alocacao,71.0337,2815.565006
Windows,Windows-11-10.0.26200-SP0,3.14.8,200,66,escrita,32.0622,6237.87513
Windows,Windows-11-10.0.26200-SP0,3.14.8,200,66,leitura,26.7399,7479.459534
Windows,Windows-11-10.0.26200-SP0,3.14.8,200,66,liberacao,22.2456,8990.54195
Windows,Windows-11-10.0.26200-SP0,3.14.8,200,67,alocacao,73.0932,2736.232645
Windows,Windows-11-10.0.26200-SP0,3.14.8,200,67,escrita,35.8179,5583.800279
Windows,Windows-11-10.0.26200-SP0,3.14.8,200,67,leitura,27.0691,7388.498325
Windows,Windows-11-10.0.26200-SP0,3.14.8,200,67,liberacao,14.6548,13647.405628
Windows,Windows-11-10.0.26200-SP0,3.14.8,200,68,alocacao,69.7791,2866.187727
Windows,Windows-11-10.0.26200-SP0,3.14.8,200,68,escrita,38.6727,5171.606844
Windows,Windows-11-10.0.26200-SP0,3.14.8,200,68,leitura,23.5293,8500.040375
Windows,Windows-11-10.0.26200-SP0,3.14.8,200,68,liberacao,13.3596,14970.508099
Windows,Windows-11-10.0.26200-SP0,3.14.8,200,69,alocacao,69.6964,2869.588673
Windows,Windows-11-10.0.26200-SP0,3.14.8,200,69,escrita,36.6814,5452.354599
Windows,Windows-11-10.0.26200-SP0,3.14.8,200,69,leitura,22.1774,9018.189689
Windows,Windows-11-10.0.26200-SP0,3.14.8,200,69,liberacao,13.9411,14346.070253
Windows,Windows-11-10.0.26200-SP0,3.14.8,200,70,alocacao,72.077,2774.810272
Windows,Windows-11-10.0.26200-SP0,3.14.8,200,70,escrita,37.1995,5376.41635
Windows,Windows-11-10.0.26200-SP0,3.14.8,200,70,leitura,24.4072,8194.30332
Windows,Windows-11-10.0.26200-SP0,3.14.8,200,70,liberacao,14.8385,13478.451326
Windows,Windows-11-10.0.26200-SP0,3.14.8,200,71,alocacao,82.357,2428.451741
Windows,Windows-11-10.0.26200-SP0,3.14.8,200,71,escrita,34.3438,5823.467409
Windows,Windows-11-10.0.26200-SP0,3.14.8,200,71,leitura,22.4045,8926.778103
Windows,Windows-11-10.0.26200-SP0,3.14.8,200,71,liberacao,15.6361,12790.913335
Windows,Windows-11-10.0.26200-SP0,3.14.8,200,72,alocacao,74.399,2688.208175
Windows,Windows-11-10.0.26200-SP0,3.14.8,200,72,escrita,39.5662,5054.819518
Windows,Windows-11-10.0.26200-SP0,3.14.8,200,72,leitura,24.0413,8319.01769
Windows,Windows-11-10.0.26200-SP0,3.14.8,200,72,liberacao,13.473,14844.503822
Windows,Windows-11-10.0.26200-SP0,3.14.8,200,73,alocacao,67.2481,2974.061721
Windows,Windows-11-10.0.26200-SP0,3.14.8,200,73,escrita,32.6899,6118.097639
Windows,Windows-11-10.0.26200-SP0,3.14.8,200,73,leitura,21.9563,9109.002883
Windows,Windows-11-10.0.26200-SP0,3.14.8,200,73,liberacao,17.0575,11725.047633
Windows,Windows-11-10.0.26200-SP0,3.14.8,200,74,alocacao,52.9676,3775.893188
Windows,Windows-11-10.0.26200-SP0,3.14.8,200,74,escrita,30.043,6657.124788
Windows,Windows-11-10.0.26200-SP0,3.14.8,200,74,leitura,20.3913,9808.104437
Windows,Windows-11-10.0.26200-SP0,3.14.8,200,74,liberacao,16.2218,12329.088017
Windows,Windows-11-10.0.26200-SP0,3.14.8,200,75,alocacao,63.463,3151.442573
Windows,Windows-11-10.0.26200-SP0,3.14.8,200,75,escrita,36.03,5550.929781
Windows,Windows-11-10.0.26200-SP0,3.14.8,200,75,leitura,21.6147,9252.962104
Windows,Windows-11-10.0.26200-SP0,3.14.8,200,75,liberacao,14.8635,13455.78094
Windows,Windows-11-10.0.26200-SP0,3.14.8,200,76,alocacao,65.8491,3037.247282
Windows,Windows-11-10.0.26200-SP0,3.14.8,200,76,escrita,35.7618,5592.559659
Windows,Windows-11-10.0.26200-SP0,3.14.8,200,76,leitura,25.493,7845.290864
Windows,Windows-11-10.0.26200-SP0,3.14.8,200,76,liberacao,15.4719,12926.660591
Windows,Windows-11-10.0.26200-SP0,3.14.8,200,77,alocacao,60.5637,3302.308148
Windows,Windows-11-10.0.26200-SP0,3.14.8,200,77,escrita,33.4855,5972.734467
Windows,Windows-11-10.0.26200-SP0,3.14.8,200,77,leitura,21.6631,9232.289008
Windows,Windows-11-10.0.26200-SP0,3.14.8,200,77,liberacao,15.6336,12792.958756
Windows,Windows-11-10.0.26200-SP0,3.14.8,200,78,alocacao,56.577,3535.005391
Windows,Windows-11-10.0.26200-SP0,3.14.8,200,78,escrita,31.6164,6325.830898
Windows,Windows-11-10.0.26200-SP0,3.14.8,200,78,leitura,21.2577,9408.355561
Windows,Windows-11-10.0.26200-SP0,3.14.8,200,78,liberacao,17.2798,11574.208035
Windows,Windows-11-10.0.26200-SP0,3.14.8,200,79,alocacao,59.6211,3354.517109
Windows,Windows-11-10.0.26200-SP0,3.14.8,200,79,escrita,31.6229,6324.530641
Windows,Windows-11-10.0.26200-SP0,3.14.8,200,79,leitura,22.614,8844.078889
Windows,Windows-11-10.0.26200-SP0,3.14.8,200,79,liberacao,14.3813,13906.948607
Windows,Windows-11-10.0.26200-SP0,3.14.8,200,80,alocacao,64.992,3077.301822
Windows,Windows-11-10.0.26200-SP0,3.14.8,200,80,escrita,33.5346,5963.989432
Windows,Windows-11-10.0.26200-SP0,3.14.8,200,80,leitura,21.2719,9402.075038
Windows,Windows-11-10.0.26200-SP0,3.14.8,200,80,liberacao,16.7116,11967.734986
Windows,Windows-11-10.0.26200-SP0,3.14.8,200,81,alocacao,55.7369,3588.287113
Windows,Windows-11-10.0.26200-SP0,3.14.8,200,81,escrita,31.4415,6361.019671
Windows,Windows-11-10.0.26200-SP0,3.14.8,200,81,leitura,20.4951,9758.430064
Windows,Windows-11-10.0.26200-SP0,3.14.8,200,81,liberacao,14.1166,14167.717439
Windows,Windows-11-10.0.26200-SP0,3.14.8,200,82,alocacao,58.5418,3416.362326
Windows,Windows-11-10.0.26200-SP0,3.14.8,200,82,escrita,30.0958,6645.445544
Windows,Windows-11-10.0.26200-SP0,3.14.8,200,82,leitura,21.459,9320.098793
Windows,Windows-11-10.0.26200-SP0,3.14.8,200,82,liberacao,19.9095,10045.455687
Windows,Windows-11-10.0.26200-SP0,3.14.8,200,83,alocacao,68.4351,2922.476916
Windows,Windows-11-10.0.26200-SP0,3.14.8,200,83,escrita,32.2365,6204.147473
Windows,Windows-11-10.0.26200-SP0,3.14.8,200,83,leitura,20.8807,9578.222952
Windows,Windows-11-10.0.26200-SP0,3.14.8,200,83,liberacao,14.7147,13591.850327
Windows,Windows-11-10.0.26200-SP0,3.14.8,200,84,alocacao,57.5068,3477.849576
Windows,Windows-11-10.0.26200-SP0,3.14.8,200,84,escrita,30.8757,6477.585933
Windows,Windows-11-10.0.26200-SP0,3.14.8,200,84,leitura,20.4058,9801.134971
Windows,Windows-11-10.0.26200-SP0,3.14.8,200,84,liberacao,12.9769,15412.001325
Windows,Windows-11-10.0.26200-SP0,3.14.8,200,85,alocacao,61.5156,3251.207824
Windows,Windows-11-10.0.26200-SP0,3.14.8,200,85,escrita,29.3001,6825.91527
Windows,Windows-11-10.0.26200-SP0,3.14.8,200,85,leitura,19.3769,10321.568466
Windows,Windows-11-10.0.26200-SP0,3.14.8,200,85,liberacao,14.8462,13471.46071
Windows,Windows-11-10.0.26200-SP0,3.14.8,200,86,alocacao,52.9102,3779.989492
Windows,Windows-11-10.0.26200-SP0,3.14.8,200,86,escrita,31.3794,6373.608163
Windows,Windows-11-10.0.26200-SP0,3.14.8,200,86,leitura,22.0107,9086.489753
Windows,Windows-11-10.0.26200-SP0,3.14.8,200,86,liberacao,13.0558,15318.862115
Windows,Windows-11-10.0.26200-SP0,3.14.8,200,87,alocacao,66.7075,2998.163625
Windows,Windows-11-10.0.26200-SP0,3.14.8,200,87,escrita,32.5975,6135.439834
Windows,Windows-11-10.0.26200-SP0,3.14.8,200,87,leitura,24.3792,8203.714642
Windows,Windows-11-10.0.26200-SP0,3.14.8,200,87,liberacao,14.1182,14166.111827
Windows,Windows-11-10.0.26200-SP0,3.14.8,200,88,alocacao,64.6213,3094.954759
Windows,Windows-11-10.0.26200-SP0,3.14.8,200,88,escrita,30.77,6499.837504
Windows,Windows-11-10.0.26200-SP0,3.14.8,200,88,leitura,21.0635,9495.098156
Windows,Windows-11-10.0.26200-SP0,3.14.8,200,88,liberacao,13.4283,14893.918069
Windows,Windows-11-10.0.26200-SP0,3.14.8,200,89,alocacao,62.547,3197.595408
Windows,Windows-11-10.0.26200-SP0,3.14.8,200,89,escrita,29.9445,6679.022859
Windows,Windows-11-10.0.26200-SP0,3.14.8,200,89,leitura,19.6681,10168.750413
Windows,Windows-11-10.0.26200-SP0,3.14.8,200,89,liberacao,14.2905,13995.311571
Windows,Windows-11-10.0.26200-SP0,3.14.8,200,90,alocacao,58.6247,3411.531317
Windows,Windows-11-10.0.26200-SP0,3.14.8,200,90,escrita,32.9419,6071.29522
Windows,Windows-11-10.0.26200-SP0,3.14.8,200,90,leitura,21.0141,9517.419257
Windows,Windows-11-10.0.26200-SP0,3.14.8,200,90,liberacao,13.0586,15315.577474
Windows,Windows-11-10.0.26200-SP0,3.14.8,200,91,alocacao,64.7717,3087.768269
Windows,Windows-11-10.0.26200-SP0,3.14.8,200,91,escrita,31.2278,6404.549792
Windows,Windows-11-10.0.26200-SP0,3.14.8,200,91,leitura,25.9754,7699.592692
Windows,Windows-11-10.0.26200-SP0,3.14.8,200,91,liberacao,12.9351,15461.805475
Windows,Windows-11-10.0.26200-SP0,3.14.8,200,92,alocacao,68.4502,2921.832223
Windows,Windows-11-10.0.26200-SP0,3.14.8,200,92,escrita,30.9868,6454.361212
Windows,Windows-11-10.0.26200-SP0,3.14.8,200,92,leitura,20.806,9612.611747
Windows,Windows-11-10.0.26200-SP0,3.14.8,200,92,liberacao,13.1591,15198.607808
Windows,Windows-11-10.0.26200-SP0,3.14.8,200,93,alocacao,62.5605,3196.905396
Windows,Windows-11-10.0.26200-SP0,3.14.8,200,93,escrita,30.4496,6568.230781
Windows,Windows-11-10.0.26200-SP0,3.14.8,200,93,leitura,19.8797,10060.513992
Windows,Windows-11-10.0.26200-SP0,3.14.8,200,93,liberacao,15.1142,13232.589221
Windows,Windows-11-10.0.26200-SP0,3.14.8,200,94,alocacao,53.3697,3747.444711
Windows,Windows-11-10.0.26200-SP0,3.14.8,200,94,escrita,34.8992,5730.790391
Windows,Windows-11-10.0.26200-SP0,3.14.8,200,94,leitura,22.5225,8880.00888
Windows,Windows-11-10.0.26200-SP0,3.14.8,200,94,liberacao,16.3571,12227.106272
Windows,Windows-11-10.0.26200-SP0,3.14.8,200,95,alocacao,76.2245,2623.828297
Windows,Windows-11-10.0.26200-SP0,3.14.8,200,95,escrita,37.1701,5380.668871
Windows,Windows-11-10.0.26200-SP0,3.14.8,200,95,leitura,26.3054,7603.001665
Windows,Windows-11-10.0.26200-SP0,3.14.8,200,95,liberacao,16.8719,11854.029481
Windows,Windows-11-10.0.26200-SP0,3.14.8,200,96,alocacao,73.7989,2710.067494
Windows,Windows-11-10.0.26200-SP0,3.14.8,200,96,escrita,31.2336,6403.360484
Windows,Windows-11-10.0.26200-SP0,3.14.8,200,96,leitura,21.4775,9312.070772
Windows,Windows-11-10.0.26200-SP0,3.14.8,200,96,liberacao,13.955,14331.780724
Windows,Windows-11-10.0.26200-SP0,3.14.8,200,97,alocacao,62.5322,3198.352209
Windows,Windows-11-10.0.26200-SP0,3.14.8,200,97,escrita,32.6586,6123.961223
Windows,Windows-11-10.0.26200-SP0,3.14.8,200,97,leitura,25.4416,7861.140809
Windows,Windows-11-10.0.26200-SP0,3.14.8,200,97,liberacao,16.2136,12335.323432
Windows,Windows-11-10.0.26200-SP0,3.14.8,200,98,alocacao,52.9001,3780.71119
Windows,Windows-11-10.0.26200-SP0,3.14.8,200,98,escrita,31.2081,6408.592641
Windows,Windows-11-10.0.26200-SP0,3.14.8,200,98,leitura,20.768,9630.200308
Windows,Windows-11-10.0.26200-SP0,3.14.8,200,98,liberacao,13.171,15184.875864
Windows,Windows-11-10.0.26200-SP0,3.14.8,200,99,alocacao,61.4986,3252.106552
Windows,Windows-11-10.0.26200-SP0,3.14.8,200,99,escrita,30.9824,6455.277835
Windows,Windows-11-10.0.26200-SP0,3.14.8,200,99,leitura,20.7889,9620.518642
Windows,Windows-11-10.0.26200-SP0,3.14.8,200,99,liberacao,14.0059,14279.696414
Windows,Windows-11-10.0.26200-SP0,3.14.8,200,100,alocacao,67.7477,2952.12974
Windows,Windows-11-10.0.26200-SP0,3.14.8,200,100,escrita,30.5401,6548.767031
Windows,Windows-11-10.0.26200-SP0,3.14.8,200,100,leitura,21.1928,9437.16734
Windows,Windows-11-10.0.26200-SP0,3.14.8,200,100,liberacao,13.6893,14609.950838
Windows,Windows-11-10.0.26200-SP0,3.14.8,300,1,alocacao,107.2896,2796.170365
Windows,Windows-11-10.0.26200-SP0,3.14.8,300,1,escrita,46.5934,6438.680156
Windows,Windows-11-10.0.26200-SP0,3.14.8,300,1,leitura,36.1853,8290.659467
Windows,Windows-11-10.0.26200-SP0,3.14.8,300,1,liberacao,27.7252,10820.481006
Windows,Windows-11-10.0.26200-SP0,3.14.8,300,2,alocacao,92.3646,3247.997609
Windows,Windows-11-10.0.26200-SP0,3.14.8,300,2,escrita,44.7347,6706.203462
Windows,Windows-11-10.0.26200-SP0,3.14.8,300,2,leitura,34.8618,8605.407638
Windows,Windows-11-10.0.26200-SP0,3.14.8,300,2,liberacao,34.8945,8597.343421
Windows,Windows-11-10.0.26200-SP0,3.14.8,300,3,alocacao,92.5984,3239.7968
Windows,Windows-11-10.0.26200-SP0,3.14.8,300,3,escrita,48.8485,6141.437301
Windows,Windows-11-10.0.26200-SP0,3.14.8,300,3,leitura,36.9939,8109.445071
Windows,Windows-11-10.0.26200-SP0,3.14.8,300,3,liberacao,27.4455,10930.753675
Windows,Windows-11-10.0.26200-SP0,3.14.8,300,4,alocacao,93.915,3194.377895
Windows,Windows-11-10.0.26200-SP0,3.14.8,300,4,escrita,48.1681,6228.188365
Windows,Windows-11-10.0.26200-SP0,3.14.8,300,4,leitura,34.8108,8618.015099
Windows,Windows-11-10.0.26200-SP0,3.14.8,300,4,liberacao,27.4816,10916.39497
Windows,Windows-11-10.0.26200-SP0,3.14.8,300,5,alocacao,96.2215,3117.806311
Windows,Windows-11-10.0.26200-SP0,3.14.8,300,5,escrita,56.2488,5333.447114
Windows,Windows-11-10.0.26200-SP0,3.14.8,300,5,leitura,35.2471,8511.338521
Windows,Windows-11-10.0.26200-SP0,3.14.8,300,5,liberacao,27.6938,10832.749568
Windows,Windows-11-10.0.26200-SP0,3.14.8,300,6,alocacao,95.1133,3154.133018
Windows,Windows-11-10.0.26200-SP0,3.14.8,300,6,escrita,49.6116,6046.972885
Windows,Windows-11-10.0.26200-SP0,3.14.8,300,6,leitura,34.6771,8651.242463
Windows,Windows-11-10.0.26200-SP0,3.14.8,300,6,liberacao,25.9305,11569.387401
Windows,Windows-11-10.0.26200-SP0,3.14.8,300,7,alocacao,93.92,3194.207836
Windows,Windows-11-10.0.26200-SP0,3.14.8,300,7,escrita,45.3054,6621.727211
Windows,Windows-11-10.0.26200-SP0,3.14.8,300,7,leitura,33.2211,9030.405375
Windows,Windows-11-10.0.26200-SP0,3.14.8,300,7,liberacao,29.9714,10009.54243
Windows,Windows-11-10.0.26200-SP0,3.14.8,300,8,alocacao,93.8114,3197.905585
Windows,Windows-11-10.0.26200-SP0,3.14.8,300,8,escrita,49.5126,6059.063753
Windows,Windows-11-10.0.26200-SP0,3.14.8,300,8,leitura,34.3843,8724.912242
Windows,Windows-11-10.0.26200-SP0,3.14.8,300,8,liberacao,28.711,10448.956846
Windows,Windows-11-10.0.26200-SP0,3.14.8,300,9,alocacao,99.5022,3015.008713
Windows,Windows-11-10.0.26200-SP0,3.14.8,300,9,escrita,46.557,6443.714157
Windows,Windows-11-10.0.26200-SP0,3.14.8,300,9,leitura,34.4387,8711.130211
Windows,Windows-11-10.0.26200-SP0,3.14.8,300,9,liberacao,26.1892,11455.103631
Windows,Windows-11-10.0.26200-SP0,3.14.8,300,10,alocacao,97.4636,3078.072224
Windows,Windows-11-10.0.26200-SP0,3.14.8,300,10,escrita,50.6481,5923.223181
Windows,Windows-11-10.0.26200-SP0,3.14.8,300,10,leitura,38.496,7793.017456
Windows,Windows-11-10.0.26200-SP0,3.14.8,300,10,liberacao,30.8784,9715.529302
Windows,Windows-11-10.0.26200-SP0,3.14.8,300,11,alocacao,97.6482,3072.253252
Windows,Windows-11-10.0.26200-SP0,3.14.8,300,11,escrita,54.6684,5487.63088
Windows,Windows-11-10.0.26200-SP0,3.14.8,300,11,leitura,34.427,8714.090685
Windows,Windows-11-10.0.26200-SP0,3.14.8,300,11,liberacao,26.6758,11246.148194
Windows,Windows-11-10.0.26200-SP0,3.14.8,300,12,alocacao,96.0511,3123.337473
Windows,Windows-11-10.0.26200-SP0,3.14.8,300,12,escrita,49.2022,6097.288333
Windows,Windows-11-10.0.26200-SP0,3.14.8,300,12,leitura,35.0571,8557.467674
Windows,Windows-11-10.0.26200-SP0,3.14.8,300,12,liberacao,26.7172,11228.721573
Windows,Windows-11-10.0.26200-SP0,3.14.8,300,13,alocacao,105.5221,2843.006347
Windows,Windows-11-10.0.26200-SP0,3.14.8,300,13,escrita,47.1045,6368.818266
Windows,Windows-11-10.0.26200-SP0,3.14.8,300,13,leitura,33.9172,8845.069758
Windows,Windows-11-10.0.26200-SP0,3.14.8,300,13,liberacao,30.5195,9829.78096
Windows,Windows-11-10.0.26200-SP0,3.14.8,300,14,alocacao,83.3085,3601.07312
Windows,Windows-11-10.0.26200-SP0,3.14.8,300,14,escrita,44.7929,6697.490004
Windows,Windows-11-10.0.26200-SP0,3.14.8,300,14,leitura,32.3951,9260.659791
Windows,Windows-11-10.0.26200-SP0,3.14.8,300,14,liberacao,25.2966,11859.30125
Windows,Windows-11-10.0.26200-SP0,3.14.8,300,15,alocacao,92.1984,3253.852561
Windows,Windows-11-10.0.26200-SP0,3.14.8,300,15,escrita,49.1645,6101.963815
Windows,Windows-11-10.0.26200-SP0,3.14.8,300,15,leitura,36.2527,8275.245706
Windows,Windows-11-10.0.26200-SP0,3.14.8,300,15,liberacao,31.3934,9556.148745
Windows,Windows-11-10.0.26200-SP0,3.14.8,300,16,alocacao,85.5665,3506.045006
Windows,Windows-11-10.0.26200-SP0,3.14.8,300,16,escrita,48.9339,6130.719195
Windows,Windows-11-10.0.26200-SP0,3.14.8,300,16,leitura,36.4381,8233.140586
Windows,Windows-11-10.0.26200-SP0,3.14.8,300,16,liberacao,25.9102,11578.451729
Windows,Windows-11-10.0.26200-SP0,3.14.8,300,17,alocacao,91.6967,3271.655359
Windows,Windows-11-10.0.26200-SP0,3.14.8,300,17,escrita,48.4755,6188.693257
Windows,Windows-11-10.0.26200-SP0,3.14.8,300,17,leitura,34.1915,8774.110525
Windows,Windows-11-10.0.26200-SP0,3.14.8,300,17,liberacao,39.6264,7570.710435
Windows,Windows-11-10.0.26200-SP0,3.14.8,300,18,alocacao,86.3292,3475.069849
Windows,Windows-11-10.0.26200-SP0,3.14.8,300,18,escrita,60.7378,4939.263523
Windows,Windows-11-10.0.26200-SP0,3.14.8,300,18,leitura,47.4009,6328.993753
Windows,Windows-11-10.0.26200-SP0,3.14.8,300,18,liberacao,35.847,8368.901163
Windows,Windows-11-10.0.26200-SP0,3.14.8,300,19,alocacao,92.2398,3252.392134
Windows,Windows-11-10.0.26200-SP0,3.14.8,300,19,escrita,47.9185,6260.630028
Windows,Windows-11-10.0.26200-SP0,3.14.8,300,19,leitura,35.7995,8380.005307
Windows,Windows-11-10.0.26200-SP0,3.14.8,300,19,liberacao,31.5223,9517.072041
Windows,Windows-11-10.0.26200-SP0,3.14.8,300,20,alocacao,87.4186,3431.76395
Windows,Windows-11-10.0.26200-SP0,3.14.8,300,20,escrita,46.2458,6487.075583
Windows,Windows-11-10.0.26200-SP0,3.14.8,300,20,leitura,34.9773,8576.991363
Windows,Windows-11-10.0.26200-SP0,3.14.8,300,20,liberacao,26.7052,11233.767206
Windows,Windows-11-10.0.26200-SP0,3.14.8,300,21,alocacao,93.8556,3196.399576
Windows,Windows-11-10.0.26200-SP0,3.14.8,300,21,escrita,46.2807,6482.183718
Windows,Windows-11-10.0.26200-SP0,3.14.8,300,21,leitura,34.2041,8770.878345
Windows,Windows-11-10.0.26200-SP0,3.14.8,300,21,liberacao,26.329,11394.280071
Windows,Windows-11-10.0.26200-SP0,3.14.8,300,22,alocacao,96.1505,3120.10858
Windows,Windows-11-10.0.26200-SP0,3.14.8,300,22,escrita,54.8216,5472.295592
Windows,Windows-11-10.0.26200-SP0,3.14.8,300,22,leitura,33.9017,8849.113761
Windows,Windows-11-10.0.26200-SP0,3.14.8,300,22,liberacao,30.6532,9786.906424
Windows,Windows-11-10.0.26200-SP0,3.14.8,300,23,alocacao,86.4494,3470.238081
Windows,Windows-11-10.0.26200-SP0,3.14.8,300,23,escrita,45.8668,6540.678661
Windows,Windows-11-10.0.26200-SP0,3.14.8,300,23,leitura,36.0048,8332.22237
Windows,Windows-11-10.0.26200-SP0,3.14.8,300,23,liberacao,26.1503,11472.143723
Windows,Windows-11-10.0.26200-SP0,3.14.8,300,24,alocacao,96.482,3109.38828
Windows,Windows-11-10.0.26200-SP0,3.14.8,300,24,escrita,48.0344,6245.524041
Windows,Windows-11-10.0.26200-SP0,3.14.8,300,24,leitura,35.0778,8552.417769
Windows,Windows-11-10.0.26200-SP0,3.14.8,300,24,liberacao,26.3663,11378.160758
Windows,Windows-11-10.0.26200-SP0,3.14.8,300,25,alocacao,95.9785,3125.700027
Windows,Windows-11-10.0.26200-SP0,3.14.8,300,25,escrita,47.1205,6366.655702
Windows,Windows-11-10.0.26200-SP0,3.14.8,300,25,leitura,36.0353,8325.170042
Windows,Windows-11-10.0.26200-SP0,3.14.8,300,25,liberacao,24.5011,12244.348213
Windows,Windows-11-10.0.26200-SP0,3.14.8,300,26,alocacao,95.7175,3134.223104
Windows,Windows-11-10.0.26200-SP0,3.14.8,300,26,escrita,52.0674,5761.762638
Windows,Windows-11-10.0.26200-SP0,3.14.8,300,26,leitura,36.3349,8256.524719
Windows,Windows-11-10.0.26200-SP0,3.14.8,300,26,liberacao,26.7083,11232.463317
Windows,Windows-11-10.0.26200-SP0,3.14.8,300,27,alocacao,101.1509,2965.86585
Windows,Windows-11-10.0.26200-SP0,3.14.8,300,27,escrita,46.4442,6459.36414
Windows,Windows-11-10.0.26200-SP0,3.14.8,300,27,leitura,34.0351,8814.429809
Windows,Windows-11-10.0.26200-SP0,3.14.8,300,27,liberacao,26.377,11373.545134
Windows,Windows-11-10.0.26200-SP0,3.14.8,300,28,alocacao,94.1623,3185.988448
Windows,Windows-11-10.0.26200-SP0,3.14.8,300,28,escrita,51.5389,5820.846002
Windows,Windows-11-10.0.26200-SP0,3.14.8,300,28,leitura,32.875,9125.475285
Windows,Windows-11-10.0.26200-SP0,3.14.8,300,28,liberacao,29.6805,10107.646435
Windows,Windows-11-10.0.26200-SP0,3.14.8,300,29,alocacao,88.1601,3402.899951
Windows,Windows-11-10.0.26200-SP0,3.14.8,300,29,escrita,46.4862,6453.528144
Windows,Windows-11-10.0.26200-SP0,3.14.8,300,29,leitura,35.4676,8458.424026
Windows,Windows-11-10.0.26200-SP0,3.14.8,300,29,liberacao,28.8906,10384.000332
Windows,Windows-11-10.0.26200-SP0,3.14.8,300,30,alocacao,99.1066,3027.043608
Windows,Windows-11-10.0.26200-SP0,3.14.8,300,30,escrita,45.224,6633.645852
Windows,Windows-11-10.0.26200-SP0,3.14.8,300,30,leitura,34.7364,8636.473555
Windows,Windows-11-10.0.26200-SP0,3.14.8,300,30,liberacao,30.0845,9971.912447
Windows,Windows-11-10.0.26200-SP0,3.14.8,300,31,alocacao,89.4911,3352.288663
Windows,Windows-11-10.0.26200-SP0,3.14.8,300,31,escrita,47.7105,6287.924042
Windows,Windows-11-10.0.26200-SP0,3.14.8,300,31,leitura,39.0489,7682.6748
Windows,Windows-11-10.0.26200-SP0,3.14.8,300,31,liberacao,33.5029,8954.448719
Windows,Windows-11-10.0.26200-SP0,3.14.8,300,32,alocacao,93.8809,3195.538177
Windows,Windows-11-10.0.26200-SP0,3.14.8,300,32,escrita,46.8368,6405.219827
Windows,Windows-11-10.0.26200-SP0,3.14.8,300,32,leitura,35.2105,8520.18574
Windows,Windows-11-10.0.26200-SP0,3.14.8,300,32,liberacao,27.0202,11102.804568
Windows,Windows-11-10.0.26200-SP0,3.14.8,300,33,alocacao,93.336,3214.19388
Windows,Windows-11-10.0.26200-SP0,3.14.8,300,33,escrita,47.8152,6274.155499
Windows,Windows-11-10.0.26200-SP0,3.14.8,300,33,leitura,35.8398,8370.582425
Windows,Windows-11-10.0.26200-SP0,3.14.8,300,33,liberacao,25.7578,11646.957426
Windows,Windows-11-10.0.26200-SP0,3.14.8,300,34,alocacao,102.7373,2920.068953
Windows,Windows-11-10.0.26200-SP0,3.14.8,300,34,escrita,47.8672,6267.33964
Windows,Windows-11-10.0.26200-SP0,3.14.8,300,34,leitura,34.68,8650.519031
Windows,Windows-11-10.0.26200-SP0,3.14.8,300,34,liberacao,24.5167,12236.557122
Windows,Windows-11-10.0.26200-SP0,3.14.8,300,35,alocacao,94.6929,3168.136154
Windows,Windows-11-10.0.26200-SP0,3.14.8,300,35,escrita,45.0163,6664.252726
Windows,Windows-11-10.0.26200-SP0,3.14.8,300,35,leitura,32.5094,9228.10018
Windows,Windows-11-10.0.26200-SP0,3.14.8,300,35,liberacao,25.9041,11581.178269
Windows,Windows-11-10.0.26200-SP0,3.14.8,300,36,alocacao,92.9487,3227.58683
Windows,Windows-11-10.0.26200-SP0,3.14.8,300,36,escrita,45.7092,6563.230159
Windows,Windows-11-10.0.26200-SP0,3.14.8,300,36,leitura,33.621,8922.994557
Windows,Windows-11-10.0.26200-SP0,3.14.8,300,36,liberacao,30.3151,9896.0584
Windows,Windows-11-10.0.26200-SP0,3.14.8,300,37,alocacao,104.252,2877.642635
Windows,Windows-11-10.0.26200-SP0,3.14.8,300,37,escrita,46.2558,6485.673148
Windows,Windows-11-10.0.26200-SP0,3.14.8,300,37,leitura,33.1613,9046.689967
Windows,Windows-11-10.0.26200-SP0,3.14.8,300,37,liberacao,25.916,11575.860472
Windows,Windows-11-10.0.26200-SP0,3.14.8,300,38,alocacao,99.4923,3015.308722
Windows,Windows-11-10.0.26200-SP0,3.14.8,300,38,escrita,45.4882,6595.116975
Windows,Windows-11-10.0.26200-SP0,3.14.8,300,38,leitura,32.8464,9133.421014
Windows,Windows-11-10.0.26200-SP0,3.14.8,300,38,liberacao,25.1298,11938.017812
Windows,Windows-11-10.0.26200-SP0,3.14.8,300,39,alocacao,99.531,3014.136299
Windows,Windows-11-10.0.26200-SP0,3.14.8,300,39,escrita,55.8636,5370.223186
Windows,Windows-11-10.0.26200-SP0,3.14.8,300,39,leitura,39.7924,7539.128075
Windows,Windows-11-10.0.26200-SP0,3.14.8,300,39,liberacao,27.2563,11006.62966
Windows,Windows-11-10.0.26200-SP0,3.14.8,300,40,alocacao,94.2596,3182.699693
Windows,Windows-11-10.0.26200-SP0,3.14.8,300,40,escrita,45.8988,6536.118591
Windows,Windows-11-10.0.26200-SP0,3.14.8,300,40,leitura,35.5724,8433.504627
Windows,Windows-11-10.0.26200-SP0,3.14.8,300,40,liberacao,23.996,12502.083681
Windows,Windows-11-10.0.26200-SP0,3.14.8,300,41,alocacao,92.2412,3252.342771
Windows,Windows-11-10.0.26200-SP0,3.14.8,300,41,escrita,45.9883,6523.398343
Windows,Windows-11-10.0.26200-SP0,3.14.8,300,41,leitura,38.261,7840.882361
Windows,Windows-11-10.0.26200-SP0,3.14.8,300,41,liberacao,28.9571,10360.153468
Windows,Windows-11-10.0.26200-SP0,3.14.8,300,42,alocacao,88.5592,3387.564477
Windows,Windows-11-10.0.26200-SP0,3.14.8,300,42,escrita,48.8907,6136.13632
Windows,Windows-11-10.0.26200-SP0,3.14.8,300,42,leitura,33.9275,8842.384496
Windows,Windows-11-10.0.26200-SP0,3.14.8,300,42,liberacao,26.0811,11502.58233
Windows,Windows-11-10.0.26200-SP0,3.14.8,300,43,alocacao,94.9333,3160.113469
Windows,Windows-11-10.0.26200-SP0,3.14.8,300,43,escrita,44.6768,6714.894531
Windows,Windows-11-10.0.26200-SP0,3.14.8,300,43,leitura,32.4483,9245.476651
Windows,Windows-11-10.0.26200-SP0,3.14.8,300,43,liberacao,25.3235,11846.703655
Windows,Windows-11-10.0.26200-SP0,3.14.8,300,44,alocacao,97.3351,3082.135838
Windows,Windows-11-10.0.26200-SP0,3.14.8,300,44,escrita,46.6179,6435.296313
Windows,Windows-11-10.0.26200-SP0,3.14.8,300,44,leitura,35.4696,8457.947087
Windows,Windows-11-10.0.26200-SP0,3.14.8,300,44,liberacao,27.5731,10880.169441
Windows,Windows-11-10.0.26200-SP0,3.14.8,300,45,alocacao,95.6588,3136.146387
Windows,Windows-11-10.0.26200-SP0,3.14.8,300,45,escrita,46.4643,6456.569883
Windows,Windows-11-10.0.26200-SP0,3.14.8,300,45,leitura,32.8353,9136.508575
Windows,Windows-11-10.0.26200-SP0,3.14.8,300,45,liberacao,29.0883,10313.424985
Windows,Windows-11-10.0.26200-SP0,3.14.8,300,46,alocacao,81.6155,3675.772372
Windows,Windows-11-10.0.26200-SP0,3.14.8,300,46,escrita,48.405,6197.706848
Windows,Windows-11-10.0.26200-SP0,3.14.8,300,46,leitura,38.1471,7864.293747
Windows,Windows-11-10.0.26200-SP0,3.14.8,300,46,liberacao,30.3786,9875.372795
Windows,Windows-11-10.0.26200-SP0,3.14.8,300,47,alocacao,86.0696,3485.551228
Windows,Windows-11-10.0.26200-SP0,3.14.8,300,47,escrita,51.8776,5782.842691
Windows,Windows-11-10.0.26200-SP0,3.14.8,300,47,leitura,35.3306,8491.222906
Windows,Windows-11-10.0.26200-SP0,3.14.8,300,47,liberacao,27.2138,11023.818798
Windows,Windows-11-10.0.26200-SP0,3.14.8,300,48,alocacao,97.0915,3089.868835
Windows,Windows-11-10.0.26200-SP0,3.14.8,300,48,escrita,44.7249,6707.672907
Windows,Windows-11-10.0.26200-SP0,3.14.8,300,48,leitura,33.3588,8993.129249
Windows,Windows-11-10.0.26200-SP0,3.14.8,300,48,liberacao,30.2196,9927.33193
Windows,Windows-11-10.0.26200-SP0,3.14.8,300,49,alocacao,90.0389,3331.893215
Windows,Windows-11-10.0.26200-SP0,3.14.8,300,49,escrita,46.5499,6444.696981
Windows,Windows-11-10.0.26200-SP0,3.14.8,300,49,leitura,33.8365,8866.165236
Windows,Windows-11-10.0.26200-SP0,3.14.8,300,49,liberacao,26.3524,11384.162353
Windows,Windows-11-10.0.26200-SP0,3.14.8,300,50,alocacao,97.9578,3062.543258
Windows,Windows-11-10.0.26200-SP0,3.14.8,300,50,escrita,48.2434,6218.467189
Windows,Windows-11-10.0.26200-SP0,3.14.8,300,50,leitura,34.4409,8710.573765
Windows,Windows-11-10.0.26200-SP0,3.14.8,300,50,liberacao,27.2294,11017.50314
Windows,Windows-11-10.0.26200-SP0,3.14.8,300,51,alocacao,91.788,3268.401098
Windows,Windows-11-10.0.26200-SP0,3.14.8,300,51,escrita,56.0795,5349.548409
Windows,Windows-11-10.0.26200-SP0,3.14.8,300,51,leitura,34.6908,8647.825937
Windows,Windows-11-10.0.26200-SP0,3.14.8,300,51,liberacao,26.3702,11376.477994
Windows,Windows-11-10.0.26200-SP0,3.14.8,300,52,alocacao,94.6147,3170.75465
Windows,Windows-11-10.0.26200-SP0,3.14.8,300,52,escrita,50.6083,5927.881395
Windows,Windows-11-10.0.26200-SP0,3.14.8,300,52,leitura,34.3273,8739.399836
Windows,Windows-11-10.0.26200-SP0,3.14.8,300,52,liberacao,30.5486,9820.417302
Windows,Windows-11-10.0.26200-SP0,3.14.8,300,53,alocacao,94.086,3188.572157
Windows,Windows-11-10.0.26200-SP0,3.14.8,300,53,escrita,46.7861,6412.160877
Windows,Windows-11-10.0.26200-SP0,3.14.8,300,53,leitura,34.2689,8754.293251
Windows,Windows-11-10.0.26200-SP0,3.14.8,300,53,liberacao,29.4948,10171.28443
Windows,Windows-11-10.0.26200-SP0,3.14.8,300,54,alocacao,93.8361,3197.063817
Windows,Windows-11-10.0.26200-SP0,3.14.8,300,54,escrita,45.9447,6529.588832
Windows,Windows-11-10.0.26200-SP0,3.14.8,300,54,leitura,34.8619,8605.382954
Windows,Windows-11-10.0.26200-SP0,3.14.8,300,54,liberacao,27.5737,10879.932689
Windows,Windows-11-10.0.26200-SP0,3.14.8,300,55,alocacao,96.1015,3121.699453
Windows,Windows-11-10.0.26200-SP0,3.14.8,300,55,escrita,49.1637,6102.063108
Windows,Windows-11-10.0.26200-SP0,3.14.8,300,55,leitura,35.7752,8385.697355
Windows,Windows-11-10.0.26200-SP0,3.14.8,300,55,liberacao,27.6526,10848.889435
Windows,Windows-11-10.0.26200-SP0,3.14.8,300,56,alocacao,99.523,3014.378586
Windows,Windows-11-10.0.26200-SP0,3.14.8,300,56,escrita,48.2281,6220.439951
Windows,Windows-11-10.0.26200-SP0,3.14.8,300,56,leitura,35.0913,8549.127562
Windows,Windows-11-10.0.26200-SP0,3.14.8,300,56,liberacao,26.8979,11153.28706
Windows,Windows-11-10.0.26200-SP0,3.14.8,300,57,alocacao,95.1834,3151.810085
Windows,Windows-11-10.0.26200-SP0,3.14.8,300,57,escrita,46.2364,6488.394425
Windows,Windows-11-10.0.26200-SP0,3.14.8,300,57,leitura,35.3242,8492.761336
Windows,Windows-11-10.0.26200-SP0,3.14.8,300,57,liberacao,26.6277,11266.463119
Windows,Windows-11-10.0.26200-SP0,3.14.8,300,58,alocacao,106.233,2823.981249
Windows,Windows-11-10.0.26200-SP0,3.14.8,300,58,escrita,47.9596,6255.264848
Windows,Windows-11-10.0.26200-SP0,3.14.8,300,58,leitura,35.3767,8480.157844
Windows,Windows-11-10.0.26200-SP0,3.14.8,300,58,liberacao,29.3258,10229.899952
Windows,Windows-11-10.0.26200-SP0,3.14.8,300,59,alocacao,85.494,3509.018177
Windows,Windows-11-10.0.26200-SP0,3.14.8,300,59,escrita,44.6674,6716.307643
Windows,Windows-11-10.0.26200-SP0,3.14.8,300,59,leitura,33.0201,9085.375271
Windows,Windows-11-10.0.26200-SP0,3.14.8,300,59,liberacao,31.0671,9656.517667
Windows,Windows-11-10.0.26200-SP0,3.14.8,300,60,alocacao,80.5575,3724.04804
Windows,Windows-11-10.0.26200-SP0,3.14.8,300,60,escrita,46.4791,6454.513964
Windows,Windows-11-10.0.26200-SP0,3.14.8,300,60,leitura,36.246,8276.775368
Windows,Windows-11-10.0.26200-SP0,3.14.8,300,60,liberacao,32.9058,9116.933793
Windows,Windows-11-10.0.26200-SP0,3.14.8,300,61,alocacao,92.0395,3259.470119
Windows,Windows-11-10.0.26200-SP0,3.14.8,300,61,escrita,46.5164,6449.338298
Windows,Windows-11-10.0.26200-SP0,3.14.8,300,61,leitura,34.6709,8652.789515
Windows,Windows-11-10.0.26200-SP0,3.14.8,300,61,liberacao,30.1434,9952.427397
Windows,Windows-11-10.0.26200-SP0,3.14.8,300,62,alocacao,84.1932,3563.233135
Windows,Windows-11-10.0.26200-SP0,3.14.8,300,62,escrita,45.1161,6649.510928
Windows,Windows-11-10.0.26200-SP0,3.14.8,300,62,leitura,33.1195,9058.107761
Windows,Windows-11-10.0.26200-SP0,3.14.8,300,62,liberacao,29.819,10060.699554
Windows,Windows-11-10.0.26200-SP0,3.14.8,300,63,alocacao,83.0561,3612.016456
Windows,Windows-11-10.0.26200-SP0,3.14.8,300,63,escrita,49.0069,6121.58696
Windows,Windows-11-10.0.26200-SP0,3.14.8,300,63,leitura,40.7406,7363.661802
Windows,Windows-11-10.0.26200-SP0,3.14.8,300,63,liberacao,24.8979,12049.208969
Windows,Windows-11-10.0.26200-SP0,3.14.8,300,64,alocacao,97.2378,3085.219945
Windows,Windows-11-10.0.26200-SP0,3.14.8,300,64,escrita,46.1292,6503.472855
Windows,Windows-11-10.0.26200-SP0,3.14.8,300,64,leitura,34.4745,8702.084149
Windows,Windows-11-10.0.26200-SP0,3.14.8,300,64,liberacao,30.1567,9948.038081
Windows,Windows-11-10.0.26200-SP0,3.14.8,300,65,alocacao,87.6138,3424.118118
Windows,Windows-11-10.0.26200-SP0,3.14.8,300,65,escrita,46.9977,6383.291097
Windows,Windows-11-10.0.26200-SP0,3.14.8,300,65,leitura,34.4561,8706.731174
Windows,Windows-11-10.0.26200-SP0,3.14.8,300,65,liberacao,28.4908,10529.714855
Windows,Windows-11-10.0.26200-SP0,3.14.8,300,66,alocacao,99.5153,3014.611824
Windows,Windows-11-10.0.26200-SP0,3.14.8,300,66,escrita,51.0986,5871.002337
Windows,Windows-11-10.0.26200-SP0,3.14.8,300,66,leitura,34.8616,8605.457007
Windows,Windows-11-10.0.26200-SP0,3.14.8,300,66,liberacao,27.8225,10782.63995
Windows,Windows-11-10.0.26200-SP0,3.14.8,300,67,alocacao,87.3137,3435.886923
Windows,Windows-11-10.0.26200-SP0,3.14.8,300,67,escrita,46.4816,6454.16681
Windows,Windows-11-10.0.26200-SP0,3.14.8,300,67,leitura,32.5733,9209.997145
Windows,Windows-11-10.0.26200-SP0,3.14.8,300,67,liberacao,25.6073,11715.409278
Windows,Windows-11-10.0.26200-SP0,3.14.8,300,68,alocacao,95.5217,3140.647622
Windows,Windows-11-10.0.26200-SP0,3.14.8,300,68,escrita,50.0617,5992.605125
Windows,Windows-11-10.0.26200-SP0,3.14.8,300,68,leitura,36.8345,8144.538408
Windows,Windows-11-10.0.26200-SP0,3.14.8,300,68,liberacao,27.6703,10841.949672
Windows,Windows-11-10.0.26200-SP0,3.14.8,300,69,alocacao,98.2213,3054.32732
Windows,Windows-11-10.0.26200-SP0,3.14.8,300,69,escrita,46.5714,6441.721743
Windows,Windows-11-10.0.26200-SP0,3.14.8,300,69,leitura,34.5512,8682.766445
Windows,Windows-11-10.0.26200-SP0,3.14.8,300,69,liberacao,29.9175,10027.575834
Windows,Windows-11-10.0.26200-SP0,3.14.8,300,70,alocacao,81.6808,3672.833763
Windows,Windows-11-10.0.26200-SP0,3.14.8,300,70,escrita,44.8295,6692.021994
Windows,Windows-11-10.0.26200-SP0,3.14.8,300,70,leitura,33.096,9064.539521
Windows,Windows-11-10.0.26200-SP0,3.14.8,300,70,liberacao,25.4536,11786.152057
Windows,Windows-11-10.0.26200-SP0,3.14.8,300,71,alocacao,99.4388,3016.931017
Windows,Windows-11-10.0.26200-SP0,3.14.8,300,71,escrita,47.7675,6280.420788
Windows,Windows-11-10.0.26200-SP0,3.14.8,300,71,leitura,36.3419,8254.934387
Windows,Windows-11-10.0.26200-SP0,3.14.8,300,71,liberacao,31.0643,9657.388063
Windows,Windows-11-10.0.26200-SP0,3.14.8,300,72,alocacao,88.057,3406.884177
Windows,Windows-11-10.0.26200-SP0,3.14.8,300,72,escrita,46.2138,6491.567454
Windows,Windows-11-10.0.26200-SP0,3.14.8,300,72,leitura,32.9373,9108.214699
Windows,Windows-11-10.0.26200-SP0,3.14.8,300,72,liberacao,30.1973,9934.663033
Windows,Windows-11-10.0.26200-SP0,3.14.8,300,73,alocacao,84.123,3566.206626
Windows,Windows-11-10.0.26200-SP0,3.14.8,300,73,escrita,46.8891,6398.075459
Windows,Windows-11-10.0.26200-SP0,3.14.8,300,73,leitura,33.7506,8888.730867
Windows,Windows-11-10.0.26200-SP0,3.14.8,300,73,liberacao,27.0639,11084.876902
Windows,Windows-11-10.0.26200-SP0,3.14.8,300,74,alocacao,93.2967,3215.547817
Windows,Windows-11-10.0.26200-SP0,3.14.8,300,74,escrita,56.1296,5344.773524
Windows,Windows-11-10.0.26200-SP0,3.14.8,300,74,leitura,36.5068,8217.647123
Windows,Windows-11-10.0.26200-SP0,3.14.8,300,74,liberacao,25.0281,11986.527143
Windows,Windows-11-10.0.26200-SP0,3.14.8,300,75,alocacao,99.0986,3027.287974
Windows,Windows-11-10.0.26200-SP0,3.14.8,300,75,escrita,60.0262,4997.81762
Windows,Windows-11-10.0.26200-SP0,3.14.8,300,75,leitura,35.9555,8343.647008
Windows,Windows-11-10.0.26200-SP0,3.14.8,300,75,liberacao,26.5369,11305.01302
Windows,Windows-11-10.0.26200-SP0,3.14.8,300,76,alocacao,92.739,3234.885
Windows,Windows-11-10.0.26200-SP0,3.14.8,300,76,escrita,44.7431,6704.94445
Windows,Windows-11-10.0.26200-SP0,3.14.8,300,76,leitura,32.1904,9319.548685
Windows,Windows-11-10.0.26200-SP0,3.14.8,300,76,liberacao,28.3665,10575.855322
Windows,Windows-11-10.0.26200-SP0,3.14.8,300,77,alocacao,91.3203,3285.140325
Windows,Windows-11-10.0.26200-SP0,3.14.8,300,77,escrita,46.3459,6473.0645
Windows,Windows-11-10.0.26200-SP0,3.14.8,300,77,leitura,34.0473,8811.271378
Windows,Windows-11-10.0.26200-SP0,3.14.8,300,77,liberacao,32.5898,9205.334184
Windows,Windows-11-10.0.26200-SP0,3.14.8,300,78,alocacao,87.3378,3434.938824
Windows,Windows-11-10.0.26200-SP0,3.14.8,300,78,escrita,46.7744,6413.764794
Windows,Windows-11-10.0.26200-SP0,3.14.8,300,78,leitura,32.4973,9231.536158
Windows,Windows-11-10.0.26200-SP0,3.14.8,300,78,liberacao,27.98,10721.944246
Windows,Windows-11-10.0.26200-SP0,3.14.8,300,79,alocacao,86.9476,3450.354006
Windows,Windows-11-10.0.26200-SP0,3.14.8,300,79,escrita,44.4725,6745.741751
Windows,Windows-11-10.0.26200-SP0,3.14.8,300,79,leitura,33.1301,9055.209613
Windows,Windows-11-10.0.26200-SP0,3.14.8,300,79,liberacao,29.2008,10273.691132
Windows,Windows-11-10.0.26200-SP0,3.14.8,300,80,alocacao,85.0848,3525.894167
Windows,Windows-11-10.0.26200-SP0,3.14.8,300,80,escrita,51.1042,5870.358992
Windows,Windows-11-10.0.26200-SP0,3.14.8,300,80,leitura,35.2617,8507.814428
Windows,Windows-11-10.0.26200-SP0,3.14.8,300,80,liberacao,30.9994,9677.606663
Windows,Windows-11-10.0.26200-SP0,3.14.8,300,81,alocacao,106.8769,2806.967642
Windows,Windows-11-10.0.26200-SP0,3.14.8,300,81,escrita,47.3996,6329.167335
Windows,Windows-11-10.0.26200-SP0,3.14.8,300,81,leitura,34.8864,8599.339571
Windows,Windows-11-10.0.26200-SP0,3.14.8,300,81,liberacao,25.8072,11624.662885
Windows,Windows-11-10.0.26200-SP0,3.14.8,300,82,alocacao,93.2005,3218.866852
Windows,Windows-11-10.0.26200-SP0,3.14.8,300,82,escrita,57.8342,5187.242151
Windows,Windows-11-10.0.26200-SP0,3.14.8,300,82,leitura,34.6755,8651.641649
Windows,Windows-11-10.0.26200-SP0,3.14.8,300,82,liberacao,26.4733,11332.172415
Windows,Windows-11-10.0.26200-SP0,3.14.8,300,83,alocacao,104.1954,2879.2058
Windows,Windows-11-10.0.26200-SP0,3.14.8,300,83,escrita,49.3949,6073.501515
Windows,Windows-11-10.0.26200-SP0,3.14.8,300,83,leitura,33.1371,9053.296758
Windows,Windows-11-10.0.26200-SP0,3.14.8,300,83,liberacao,23.4581,12788.759533
Windows,Windows-11-10.0.26200-SP0,3.14.8,300,84,alocacao,105.6354,2839.95706
Windows,Windows-11-10.0.26200-SP0,3.14.8,300,84,escrita,47.6701,6293.253003
Windows,Windows-11-10.0.26200-SP0,3.14.8,300,84,leitura,34.1138,8794.095058
Windows,Windows-11-10.0.26200-SP0,3.14.8,300,84,liberacao,29.4057,10202.103674
Windows,Windows-11-10.0.26200-SP0,3.14.8,300,85,alocacao,107.287,2796.238128
Windows,Windows-11-10.0.26200-SP0,3.14.8,300,85,escrita,47.1007,6369.332091
Windows,Windows-11-10.0.26200-SP0,3.14.8,300,85,leitura,34.3262,8739.679895
Windows,Windows-11-10.0.26200-SP0,3.14.8,300,85,liberacao,30.2102,9930.420851
Windows,Windows-11-10.0.26200-SP0,3.14.8,300,86,alocacao,81.4298,3684.154941
Windows,Windows-11-10.0.26200-SP0,3.14.8,300,86,escrita,44.7949,6697.190975
Windows,Windows-11-10.0.26200-SP0,3.14.8,300,86,leitura,32.7389,9163.41111
Windows,Windows-11-10.0.26200-SP0,3.14.8,300,86,liberacao,29.9776,10007.472246
Windows,Windows-11-10.0.26200-SP0,3.14.8,300,87,alocacao,82.5309,3635.002163
Windows,Windows-11-10.0.26200-SP0,3.14.8,300,87,escrita,47.2889,6343.983472
Windows,Windows-11-10.0.26200-SP0,3.14.8,300,87,leitura,40.8494,7344.049117
Windows,Windows-11-10.0.26200-SP0,3.14.8,300,87,liberacao,28.2429,10622.138661
Windows,Windows-11-10.0.26200-SP0,3.14.8,300,88,alocacao,88.6675,3383.426847
Windows,Windows-11-10.0.26200-SP0,3.14.8,300,88,escrita,45.8206,6547.273497
Windows,Windows-11-10.0.26200-SP0,3.14.8,300,88,leitura,33.3097,9006.385527
Windows,Windows-11-10.0.26200-SP0,3.14.8,300,88,liberacao,29.2063,10271.756436
Windows,Windows-11-10.0.26200-SP0,3.14.8,300,89,alocacao,99.5107,3014.751178
Windows,Windows-11-10.0.26200-SP0,3.14.8,300,89,escrita,52.9315,5667.702597
Windows,Windows-11-10.0.26200-SP0,3.14.8,300,89,leitura,34.2447,8760.479724
Windows,Windows-11-10.0.26200-SP0,3.14.8,300,89,liberacao,39.5573,7583.935203
Windows,Windows-11-10.0.26200-SP0,3.14.8,300,90,alocacao,91.0249,3295.801478
Windows,Windows-11-10.0.26200-SP0,3.14.8,300,90,escrita,50.4574,5945.609564
Windows,Windows-11-10.0.26200-SP0,3.14.8,300,90,leitura,35.8108,8377.36102
Windows,Windows-11-10.0.26200-SP0,3.14.8,300,90,liberacao,31.9313,9395.170256
Windows,Windows-11-10.0.26200-SP0,3.14.8,300,91,alocacao,90.1477,3327.871926
Windows,Windows-11-10.0.26200-SP0,3.14.8,300,91,escrita,49.7588,6029.084303
Windows,Windows-11-10.0.26200-SP0,3.14.8,300,91,leitura,36.518,8215.126787
Windows,Windows-11-10.0.26200-SP0,3.14.8,300,91,liberacao,31.3922,9556.514039
Windows,Windows-11-10.0.26200-SP0,3.14.8,300,92,alocacao,93.195,3219.056816
Windows,Windows-11-10.0.26200-SP0,3.14.8,300,92,escrita,51.6458,5808.797618
Windows,Windows-11-10.0.26200-SP0,3.14.8,300,92,leitura,40.7081,7369.540706
Windows,Windows-11-10.0.26200-SP0,3.14.8,300,92,liberacao,34.6997,8645.607887
Windows,Windows-11-10.0.26200-SP0,3.14.8,300,93,alocacao,86.7517,3458.145489
Windows,Windows-11-10.0.26200-SP0,3.14.8,300,93,escrita,47.5204,6313.078173
Windows,Windows-11-10.0.26200-SP0,3.14.8,300,93,leitura,35.5105,8448.20546
Windows,Windows-11-10.0.26200-SP0,3.14.8,300,93,liberacao,26.8031,11192.735169
Windows,Windows-11-10.0.26200-SP0,3.14.8,300,94,alocacao,96.5147,3108.334793
Windows,Windows-11-10.0.26200-SP0,3.14.8,300,94,escrita,52.8815,5673.061468
Windows,Windows-11-10.0.26200-SP0,3.14.8,300,94,leitura,36.0758,8315.823904
Windows,Windows-11-10.0.26200-SP0,3.14.8,300,94,liberacao,27.5684,10882.024347
Windows,Windows-11-10.0.26200-SP0,3.14.8,300,95,alocacao,98.9782,3030.970456
Windows,Windows-11-10.0.26200-SP0,3.14.8,300,95,escrita,52.3053,5735.556435
Windows,Windows-11-10.0.26200-SP0,3.14.8,300,95,leitura,38.297,7833.511763
Windows,Windows-11-10.0.26200-SP0,3.14.8,300,95,liberacao,31.9466,9390.670682
Windows,Windows-11-10.0.26200-SP0,3.14.8,300,96,alocacao,85.5701,3505.897504
Windows,Windows-11-10.0.26200-SP0,3.14.8,300,96,escrita,47.3263,6338.970086
Windows,Windows-11-10.0.26200-SP0,3.14.8,300,96,leitura,35.224,8516.920282
Windows,Windows-11-10.0.26200-SP0,3.14.8,300,96,liberacao,27.7898,10795.327782
Windows,Windows-11-10.0.26200-SP0,3.14.8,300,97,alocacao,96.9194,3095.355522
Windows,Windows-11-10.0.26200-SP0,3.14.8,300,97,escrita,46.1217,6504.530405
Windows,Windows-11-10.0.26200-SP0,3.14.8,300,97,leitura,34.5435,8684.701898
Windows,Windows-11-10.0.26200-SP0,3.14.8,300,97,liberacao,25.0435,11979.156268
Windows,Windows-11-10.0.26200-SP0,3.14.8,300,98,alocacao,99.938,3001.861154
Windows,Windows-11-10.0.26200-SP0,3.14.8,300,98,escrita,46.7614,6415.547866
Windows,Windows-11-10.0.26200-SP0,3.14.8,300,98,leitura,41.9716,7147.690343
Windows,Windows-11-10.0.26200-SP0,3.14.8,300,98,liberacao,28.783,10422.819025
Windows,Windows-11-10.0.26200-SP0,3.14.8,300,99,alocacao,119.8797,2502.508765
Windows,Windows-11-10.0.26200-SP0,3.14.8,300,99,escrita,53.3816,5619.913978
Windows,Windows-11-10.0.26200-SP0,3.14.8,300,99,leitura,42.5462,7051.158505
Windows,Windows-11-10.0.26200-SP0,3.14.8,300,99,liberacao,28.5379,10512.336227
Windows,Windows-11-10.0.26200-SP0,3.14.8,300,100,alocacao,128.0966,2341.982535
Windows,Windows-11-10.0.26200-SP0,3.14.8,300,100,escrita,63.6401,4714.008935
Windows,Windows-11-10.0.26200-SP0,3.14.8,300,100,leitura,50.1122,5986.566146
Windows,Windows-11-10.0.26200-SP0,3.14.8,300,100,liberacao,30.5373,9824.051242
Windows,Windows-11-10.0.26200-SP0,3.14.8,400,1,alocacao,213.9907,1869.240112
Windows,Windows-11-10.0.26200-SP0,3.14.8,400,1,escrita,76.5955,5222.238904
Windows,Windows-11-10.0.26200-SP0,3.14.8,400,1,leitura,53.2619,7510.058785
Windows,Windows-11-10.0.26200-SP0,3.14.8,400,1,liberacao,41.6244,9609.748129
Windows,Windows-11-10.0.26200-SP0,3.14.8,400,2,alocacao,181.165,2207.931996
Windows,Windows-11-10.0.26200-SP0,3.14.8,400,2,escrita,79.7476,5015.824928
Windows,Windows-11-10.0.26200-SP0,3.14.8,400,2,leitura,55.1361,7254.775002
Windows,Windows-11-10.0.26200-SP0,3.14.8,400,2,liberacao,41.3555,9672.23223
Windows,Windows-11-10.0.26200-SP0,3.14.8,400,3,alocacao,170.5054,2345.966755
Windows,Windows-11-10.0.26200-SP0,3.14.8,400,3,escrita,80.54,4966.476285
Windows,Windows-11-10.0.26200-SP0,3.14.8,400,3,leitura,49.4945,8081.706048
Windows,Windows-11-10.0.26200-SP0,3.14.8,400,3,liberacao,36.2461,11035.670045
Windows,Windows-11-10.0.26200-SP0,3.14.8,400,4,alocacao,153.6378,2603.525955
Windows,Windows-11-10.0.26200-SP0,3.14.8,400,4,escrita,64.8088,6172.001333
Windows,Windows-11-10.0.26200-SP0,3.14.8,400,4,leitura,46.7655,8553.313875
Windows,Windows-11-10.0.26200-SP0,3.14.8,400,4,liberacao,35.8754,11149.701467
Windows,Windows-11-10.0.26200-SP0,3.14.8,400,5,alocacao,161.2781,2480.187949
Windows,Windows-11-10.0.26200-SP0,3.14.8,400,5,escrita,62.3144,6419.062047
Windows,Windows-11-10.0.26200-SP0,3.14.8,400,5,leitura,46.2123,8655.704217
Windows,Windows-11-10.0.26200-SP0,3.14.8,400,5,liberacao,35.5866,11240.185913
Windows,Windows-11-10.0.26200-SP0,3.14.8,400,6,alocacao,149.2727,2679.659442
Windows,Windows-11-10.0.26200-SP0,3.14.8,400,6,escrita,60.3898,6623.635117
Windows,Windows-11-10.0.26200-SP0,3.14.8,400,6,leitura,44.0772,9074.986614
Windows,Windows-11-10.0.26200-SP0,3.14.8,400,6,liberacao,33.7679,11845.569313
Windows,Windows-11-10.0.26200-SP0,3.14.8,400,7,alocacao,155.2402,2576.652182
Windows,Windows-11-10.0.26200-SP0,3.14.8,400,7,escrita,63.2853,6320.583137
Windows,Windows-11-10.0.26200-SP0,3.14.8,400,7,leitura,44.6187,8964.85106
Windows,Windows-11-10.0.26200-SP0,3.14.8,400,7,liberacao,33.8028,11833.33925
Windows,Windows-11-10.0.26200-SP0,3.14.8,400,8,alocacao,178.9279,2235.537331
Windows,Windows-11-10.0.26200-SP0,3.14.8,400,8,escrita,90.0648,4441.246747
Windows,Windows-11-10.0.26200-SP0,3.14.8,400,8,leitura,55.8924,7156.608054
Windows,Windows-11-10.0.26200-SP0,3.14.8,400,8,liberacao,39.2345,10195.108897
Windows,Windows-11-10.0.26200-SP0,3.14.8,400,9,alocacao,184.5607,2167.308642
Windows,Windows-11-10.0.26200-SP0,3.14.8,400,9,escrita,84.3947,4739.634124
Windows,Windows-11-10.0.26200-SP0,3.14.8,400,9,leitura,86.7998,4608.305549
Windows,Windows-11-10.0.26200-SP0,3.14.8,400,9,liberacao,65.0318,6150.836975
Windows,Windows-11-10.0.26200-SP0,3.14.8,400,10,alocacao,184.4261,2168.890412
Windows,Windows-11-10.0.26200-SP0,3.14.8,400,10,escrita,94.6856,4224.507211
Windows,Windows-11-10.0.26200-SP0,3.14.8,400,10,leitura,125.0214,3199.452254
Windows,Windows-11-10.0.26200-SP0,3.14.8,400,10,liberacao,221.2503,1807.907153
Windows,Windows-11-10.0.26200-SP0,3.14.8,400,11,alocacao,217.5549,1838.616368
Windows,Windows-11-10.0.26200-SP0,3.14.8,400,11,escrita,147.4766,2712.294696
Windows,Windows-11-10.0.26200-SP0,3.14.8,400,11,leitura,60.2392,6640.194425
Windows,Windows-11-10.0.26200-SP0,3.14.8,400,11,liberacao,34.9282,11452.064521
Windows,Windows-11-10.0.26200-SP0,3.14.8,400,12,alocacao,219.4203,1822.985385
Windows,Windows-11-10.0.26200-SP0,3.14.8,400,12,escrita,100.933,3963.024977
Windows,Windows-11-10.0.26200-SP0,3.14.8,400,12,leitura,79.3114,5043.411162
Windows,Windows-11-10.0.26200-SP0,3.14.8,400,12,liberacao,57.0649,7009.562796
Windows,Windows-11-10.0.26200-SP0,3.14.8,400,13,alocacao,179.6348,2226.74003
Windows,Windows-11-10.0.26200-SP0,3.14.8,400,13,escrita,86.0824,4646.710594
Windows,Windows-11-10.0.26200-SP0,3.14.8,400,13,leitura,65.6538,6092.56433
Windows,Windows-11-10.0.26200-SP0,3.14.8,400,13,liberacao,42.2063,9477.258134
Windows,Windows-11-10.0.26200-SP0,3.14.8,400,14,alocacao,200.5253,1994.760761
Windows,Windows-11-10.0.26200-SP0,3.14.8,400,14,escrita,83.277,4803.246995
Windows,Windows-11-10.0.26200-SP0,3.14.8,400,14,leitura,58.3181,6858.934019
Windows,Windows-11-10.0.26200-SP0,3.14.8,400,14,liberacao,47.3263,8451.960115
Windows,Windows-11-10.0.26200-SP0,3.14.8,400,15,alocacao,245.3152,1630.555302
Windows,Windows-11-10.0.26200-SP0,3.14.8,400,15,escrita,72.8744,5488.895963
Windows,Windows-11-10.0.26200-SP0,3.14.8,400,15,leitura,57.5526,6950.16385
Windows,Windows-11-10.0.26200-SP0,3.14.8,400,15,liberacao,43.8143,9129.439475
Windows,Windows-11-10.0.26200-SP0,3.14.8,400,16,alocacao,224.6814,1780.298681
Windows,Windows-11-10.0.26200-SP0,3.14.8,400,16,escrita,89.9409,4447.364881
Windows,Windows-11-10.0.26200-SP0,3.14.8,400,16,leitura,63.2851,6320.603112
Windows,Windows-11-10.0.26200-SP0,3.14.8,400,16,liberacao,42.3044,9455.281247
Windows,Windows-11-10.0.26200-SP0,3.14.8,400,17,alocacao,169.1137,2365.272595
Windows,Windows-11-10.0.26200-SP0,3.14.8,400,17,escrita,168.1811,2378.388535
Windows,Windows-11-10.0.26200-SP0,3.14.8,400,17,leitura,116.4445,3435.112865
Windows,Windows-11-10.0.26200-SP0,3.14.8,400,17,liberacao,60.1596,6648.980379
Windows,Windows-11-10.0.26200-SP0,3.14.8,400,18,alocacao,289.633,1381.058098
Windows,Windows-11-10.0.26200-SP0,3.14.8,400,18,escrita,113.6827,3518.56527
Windows,Windows-11-10.0.26200-SP0,3.14.8,400,18,leitura,64.9475,6158.820586
Windows,Windows-11-10.0.26200-SP0,3.14.8,400,18,liberacao,54.223,7376.943364
Windows,Windows-11-10.0.26200-SP0,3.14.8,400,19,alocacao,255.5177,1565.449282
Windows,Windows-11-10.0.26200-SP0,3.14.8,400,19,escrita,93.6422,4271.578412
Windows,Windows-11-10.0.26200-SP0,3.14.8,400,19,leitura,124.0017,3225.762227
Windows,Windows-11-10.0.26200-SP0,3.14.8,400,19,liberacao,53.2983,7504.929801
Windows,Windows-11-10.0.26200-SP0,3.14.8,400,20,alocacao,204.8289,1952.849427
Windows,Windows-11-10.0.26200-SP0,3.14.8,400,20,escrita,97.267,4112.391664
Windows,Windows-11-10.0.26200-SP0,3.14.8,400,20,leitura,85.0111,4705.2679
Windows,Windows-11-10.0.26200-SP0,3.14.8,400,20,liberacao,49.4632,8086.820101
Windows,Windows-11-10.0.26200-SP0,3.14.8,400,21,alocacao,193.7346,2064.680238
Windows,Windows-11-10.0.26200-SP0,3.14.8,400,21,escrita,77.0237,5193.206766
Windows,Windows-11-10.0.26200-SP0,3.14.8,400,21,leitura,61.2866,6526.712201
Windows,Windows-11-10.0.26200-SP0,3.14.8,400,21,liberacao,40.7876,9806.902098
Windows,Windows-11-10.0.26200-SP0,3.14.8,400,22,alocacao,177.7423,2250.449105
Windows,Windows-11-10.0.26200-SP0,3.14.8,400,22,escrita,76.1429,5253.280345
Windows,Windows-11-10.0.26200-SP0,3.14.8,400,22,leitura,47.6273,8398.544532
Windows,Windows-11-10.0.26200-SP0,3.14.8,400,22,liberacao,36.5409,10946.637877
Windows,Windows-11-10.0.26200-SP0,3.14.8,400,23,alocacao,151.4358,2641.383345
Windows,Windows-11-10.0.26200-SP0,3.14.8,400,23,escrita,77.0909,5188.679857
Windows,Windows-11-10.0.26200-SP0,3.14.8,400,23,leitura,53.2478,7512.047446
Windows,Windows-11-10.0.26200-SP0,3.14.8,400,23,liberacao,38.4493,10403.310333
Windows,Windows-11-10.0.26200-SP0,3.14.8,400,24,alocacao,157.9774,2532.007743
Windows,Windows-11-10.0.26200-SP0,3.14.8,400,24,escrita,68.5642,5833.948329
Windows,Windows-11-10.0.26200-SP0,3.14.8,400,24,leitura,44.9105,8906.603133
Windows,Windows-11-10.0.26200-SP0,3.14.8,400,24,liberacao,35.1557,11377.95578
Windows,Windows-11-10.0.26200-SP0,3.14.8,400,25,alocacao,155.1547,2578.072079
Windows,Windows-11-10.0.26200-SP0,3.14.8,400,25,escrita,70.833,5647.085398
Windows,Windows-11-10.0.26200-SP0,3.14.8,400,25,leitura,47.266,8462.742775
Windows,Windows-11-10.0.26200-SP0,3.14.8,400,25,liberacao,39.4346,10143.376629
Windows,Windows-11-10.0.26200-SP0,3.14.8,400,26,alocacao,150.1657,2663.724139
Windows,Windows-11-10.0.26200-SP0,3.14.8,400,26,escrita,62.5578,6394.086749
Windows,Windows-11-10.0.26200-SP0,3.14.8,400,26,leitura,46.1801,8661.73958
Windows,Windows-11-10.0.26200-SP0,3.14.8,400,26,liberacao,34.9243,11453.343374
Windows,Windows-11-10.0.26200-SP0,3.14.8,400,27,alocacao,143.734,2782.918447
Windows,Windows-11-10.0.26200-SP0,3.14.8,400,27,escrita,61.9879,6452.872254
Windows,Windows-11-10.0.26200-SP0,3.14.8,400,27,leitura,50.0974,7984.446299
Windows,Windows-11-10.0.26200-SP0,3.14.8,400,27,liberacao,43.7191,9149.319176
Windows,Windows-11-10.0.26200-SP0,3.14.8,400,28,alocacao,164.1043,2437.474216
Windows,Windows-11-10.0.26200-SP0,3.14.8,400,28,escrita,76.7513,5211.638109
Windows,Windows-11-10.0.26200-SP0,3.14.8,400,28,leitura,59.6437,6706.492052
Windows,Windows-11-10.0.26200-SP0,3.14.8,400,28,liberacao,54.4418,7347.295644
Windows,Windows-11-10.0.26200-SP0,3.14.8,400,29,alocacao,205.8789,1942.889728
Windows,Windows-11-10.0.26200-SP0,3.14.8,400,29,escrita,83.7715,4774.893609
Windows,Windows-11-10.0.26200-SP0,3.14.8,400,29,leitura,51.1805,7815.476598
Windows,Windows-11-10.0.26200-SP0,3.14.8,400,29,liberacao,44.4036,9008.278608
Windows,Windows-11-10.0.26200-SP0,3.14.8,400,30,alocacao,161.3942,2478.403809
Windows,Windows-11-10.0.26200-SP0,3.14.8,400,30,escrita,70.9253,5639.736455
Windows,Windows-11-10.0.26200-SP0,3.14.8,400,30,leitura,52.3719,7637.683567
Windows,Windows-11-10.0.26200-SP0,3.14.8,400,30,liberacao,49.8575,8022.865166
Windows,Windows-11-10.0.26200-SP0,3.14.8,400,31,alocacao,124.432,3214.607175
Windows,Windows-11-10.0.26200-SP0,3.14.8,400,31,escrita,63.9267,6257.166411
Windows,Windows-11-10.0.26200-SP0,3.14.8,400,31,leitura,51.8113,7720.323559
Windows,Windows-11-10.0.26200-SP0,3.14.8,400,31,liberacao,47.9768,8337.363059
Windows,Windows-11-10.0.26200-SP0,3.14.8,400,32,alocacao,125.4538,3188.424743
Windows,Windows-11-10.0.26200-SP0,3.14.8,400,32,escrita,64.73,6179.514908
Windows,Windows-11-10.0.26200-SP0,3.14.8,400,32,leitura,60.9701,6560.592815
Windows,Windows-11-10.0.26200-SP0,3.14.8,400,32,liberacao,42.1163,9497.510465
Windows,Windows-11-10.0.26200-SP0,3.14.8,400,33,alocacao,142.1825,2813.285742
Windows,Windows-11-10.0.26200-SP0,3.14.8,400,33,escrita,65.5256,6104.484354
Windows,Windows-11-10.0.26200-SP0,3.14.8,400,33,leitura,51.5957,7752.584033
Windows,Windows-11-10.0.26200-SP0,3.14.8,400,33,liberacao,50.1121,7982.104123
Windows,Windows-11-10.0.26200-SP0,3.14.8,400,34,alocacao,125.3428,3191.248321
Windows,Windows-11-10.0.26200-SP0,3.14.8,400,34,escrita,68.8402,5810.558366
Windows,Windows-11-10.0.26200-SP0,3.14.8,400,34,leitura,53.8479,7428.330538
Windows,Windows-11-10.0.26200-SP0,3.14.8,400,34,liberacao,43.7782,9136.967715
Windows,Windows-11-10.0.26200-SP0,3.14.8,400,35,alocacao,129.5117,3088.524048
Windows,Windows-11-10.0.26200-SP0,3.14.8,400,35,escrita,63.6766,6281.74243
Windows,Windows-11-10.0.26200-SP0,3.14.8,400,35,leitura,49.9904,8001.536295
Windows,Windows-11-10.0.26200-SP0,3.14.8,400,35,liberacao,42.9595,9311.095334
Windows,Windows-11-10.0.26200-SP0,3.14.8,400,36,alocacao,117.4548,3405.565375
Windows,Windows-11-10.0.26200-SP0,3.14.8,400,36,escrita,70.0825,5707.558948
Windows,Windows-11-10.0.26200-SP0,3.14.8,400,36,leitura,63.5617,6293.097888
Windows,Windows-11-10.0.26200-SP0,3.14.8,400,36,liberacao,40.7459,9816.938637
Windows,Windows-11-10.0.26200-SP0,3.14.8,400,37,alocacao,124.0616,3224.20475
Windows,Windows-11-10.0.26200-SP0,3.14.8,400,37,escrita,62.3213,6418.35135
Windows,Windows-11-10.0.26200-SP0,3.14.8,400,37,leitura,49.2695,8118.612935
Windows,Windows-11-10.0.26200-SP0,3.14.8,400,37,liberacao,44.3247,9024.313757
Windows,Windows-11-10.0.26200-SP0,3.14.8,400,38,alocacao,123.5259,3238.187295
Windows,Windows-11-10.0.26200-SP0,3.14.8,400,38,escrita,63.9197,6257.851648
Windows,Windows-11-10.0.26200-SP0,3.14.8,400,38,leitura,50.6666,7894.74723
Windows,Windows-11-10.0.26200-SP0,3.14.8,400,38,liberacao,46.3152,8636.473555
Windows,Windows-11-10.0.26200-SP0,3.14.8,400,39,alocacao,118.8577,3365.36884
Windows,Windows-11-10.0.26200-SP0,3.14.8,400,39,escrita,61.9459,6457.247372
Windows,Windows-11-10.0.26200-SP0,3.14.8,400,39,leitura,45.7167,8749.537915
Windows,Windows-11-10.0.26200-SP0,3.14.8,400,39,liberacao,38.1128,10495.16173
Windows,Windows-11-10.0.26200-SP0,3.14.8,400,40,alocacao,136.4872,2930.677749
Windows,Windows-11-10.0.26200-SP0,3.14.8,400,40,escrita,63.8105,6268.560817
Windows,Windows-11-10.0.26200-SP0,3.14.8,400,40,leitura,48.8259,8192.37331
Windows,Windows-11-10.0.26200-SP0,3.14.8,400,40,liberacao,42.1923,9480.402822
Windows,Windows-11-10.0.26200-SP0,3.14.8,400,41,alocacao,122.4677,3266.167324
Windows,Windows-11-10.0.26200-SP0,3.14.8,400,41,escrita,59.3221,6742.849629
Windows,Windows-11-10.0.26200-SP0,3.14.8,400,41,leitura,45.3028,8829.476324
Windows,Windows-11-10.0.26200-SP0,3.14.8,400,41,liberacao,39.2325,10195.628624
Windows,Windows-11-10.0.26200-SP0,3.14.8,400,42,alocacao,131.3465,3045.379968
Windows,Windows-11-10.0.26200-SP0,3.14.8,400,42,escrita,63.2712,6321.99168
Windows,Windows-11-10.0.26200-SP0,3.14.8,400,42,leitura,48.7019,8213.231927
Windows,Windows-11-10.0.26200-SP0,3.14.8,400,42,liberacao,38.2566,10455.712217
Windows,Windows-11-10.0.26200-SP0,3.14.8,400,43,alocacao,118.8564,3365.405649
Windows,Windows-11-10.0.26200-SP0,3.14.8,400,43,escrita,61.6022,6493.274591
Windows,Windows-11-10.0.26200-SP0,3.14.8,400,43,leitura,47.7818,8371.388269
Windows,Windows-11-10.0.26200-SP0,3.14.8,400,43,liberacao,38.9259,10275.934532
Windows,Windows-11-10.0.26200-SP0,3.14.8,400,44,alocacao,140.0735,2855.643644
Windows,Windows-11-10.0.26200-SP0,3.14.8,400,44,escrita,66.2212,6040.361697
Windows,Windows-11-10.0.26200-SP0,3.14.8,400,44,leitura,49.5511,8072.474678
Windows,Windows-11-10.0.26200-SP0,3.14.8,400,44,liberacao,40.2131,9947.007319
Windows,Windows-11-10.0.26200-SP0,3.14.8,400,45,alocacao,117.6857,3398.883637
Windows,Windows-11-10.0.26200-SP0,3.14.8,400,45,escrita,60.0062,6665.977849
Windows,Windows-11-10.0.26200-SP0,3.14.8,400,45,leitura,46.1043,8675.980332
Windows,Windows-11-10.0.26200-SP0,3.14.8,400,45,liberacao,38.672,10343.40091
Windows,Windows-11-10.0.26200-SP0,3.14.8,400,46,alocacao,134.3386,2977.550756
Windows,Windows-11-10.0.26200-SP0,3.14.8,400,46,escrita,62.6061,6389.153773
Windows,Windows-11-10.0.26200-SP0,3.14.8,400,46,leitura,47.9615,8340.022727
Windows,Windows-11-10.0.26200-SP0,3.14.8,400,46,liberacao,38.8588,10293.678652
Windows,Windows-11-10.0.26200-SP0,3.14.8,400,47,alocacao,131.9309,3031.890179
Windows,Windows-11-10.0.26200-SP0,3.14.8,400,47,escrita,62.5856,6391.246549
Windows,Windows-11-10.0.26200-SP0,3.14.8,400,47,leitura,48.33,8276.432857
Windows,Windows-11-10.0.26200-SP0,3.14.8,400,47,liberacao,51.512,7765.180929
Windows,Windows-11-10.0.26200-SP0,3.14.8,400,48,alocacao,131.1828,3049.180228
Windows,Windows-11-10.0.26200-SP0,3.14.8,400,48,escrita,66.1778,6044.323021
Windows,Windows-11-10.0.26200-SP0,3.14.8,400,48,leitura,47.7067,8384.566528
Windows,Windows-11-10.0.26200-SP0,3.14.8,400,48,liberacao,38.3787,10422.447868
Windows,Windows-11-10.0.26200-SP0,3.14.8,400,49,alocacao,124.959,3201.049944
Windows,Windows-11-10.0.26200-SP0,3.14.8,400,49,escrita,63.5416,6295.088572
Windows,Windows-11-10.0.26200-SP0,3.14.8,400,49,leitura,49.5309,8075.766845
Windows,Windows-11-10.0.26200-SP0,3.14.8,400,49,liberacao,46.3152,8636.473555
Windows,Windows-11-10.0.26200-SP0,3.14.8,400,50,alocacao,127.3789,3140.237512
Windows,Windows-11-10.0.26200-SP0,3.14.8,400,50,escrita,61.7075,6482.194223
Windows,Windows-11-10.0.26200-SP0,3.14.8,400,50,leitura,48.7244,8209.439213
Windows,Windows-11-10.0.26200-SP0,3.14.8,400,50,liberacao,40.2998,9925.607571
Windows,Windows-11-10.0.26200-SP0,3.14.8,400,51,alocacao,129.0518,3099.530576
Windows,Windows-11-10.0.26200-SP0,3.14.8,400,51,escrita,67.1341,5958.223913
Windows,Windows-11-10.0.26200-SP0,3.14.8,400,51,leitura,49.7304,8043.36985
Windows,Windows-11-10.0.26200-SP0,3.14.8,400,51,liberacao,45.9663,8702.027355
Windows,Windows-11-10.0.26200-SP0,3.14.8,400,52,alocacao,127.6998,3132.346331
Windows,Windows-11-10.0.26200-SP0,3.14.8,400,52,escrita,62.0608,6445.292358
Windows,Windows-11-10.0.26200-SP0,3.14.8,400,52,leitura,49.4218,8093.594325
Windows,Windows-11-10.0.26200-SP0,3.14.8,400,52,liberacao,41.5284,9631.962705
Windows,Windows-11-10.0.26200-SP0,3.14.8,400,53,alocacao,127.8704,3128.167269
Windows,Windows-11-10.0.26200-SP0,3.14.8,400,53,escrita,67.2224,5950.397487
Windows,Windows-11-10.0.26200-SP0,3.14.8,400,53,leitura,50.4932,7921.858785
Windows,Windows-11-10.0.26200-SP0,3.14.8,400,53,liberacao,46.2539,8647.919419
Windows,Windows-11-10.0.26200-SP0,3.14.8,400,54,alocacao,123.7921,3231.223963
Windows,Windows-11-10.0.26200-SP0,3.14.8,400,54,escrita,62.2636,6424.29927
Windows,Windows-11-10.0.26200-SP0,3.14.8,400,54,leitura,47.3308,8451.156541
Windows,Windows-11-10.0.26200-SP0,3.14.8,400,54,liberacao,49.6337,8059.040531
Windows,Windows-11-10.0.26200-SP0,3.14.8,400,55,alocacao,117.9881,3390.172399
Windows,Windows-11-10.0.26200-SP0,3.14.8,400,55,escrita,61.2079,6535.104129
Windows,Windows-11-10.0.26200-SP0,3.14.8,400,55,leitura,45.5756,8776.626089
Windows,Windows-11-10.0.26200-SP0,3.14.8,400,55,liberacao,41.2587,9694.924949
Windows,Windows-11-10.0.26200-SP0,3.14.8,400,56,alocacao,125.7577,3180.719749
Windows,Windows-11-10.0.26200-SP0,3.14.8,400,56,escrita,63.9776,6252.188266
Windows,Windows-11-10.0.26200-SP0,3.14.8,400,56,leitura,49.3011,8113.409234
Windows,Windows-11-10.0.26200-SP0,3.14.8,400,56,liberacao,40.9229,9774.478348
Windows,Windows-11-10.0.26200-SP0,3.14.8,400,57,alocacao,130.5333,3064.352161
Windows,Windows-11-10.0.26200-SP0,3.14.8,400,57,escrita,60.3632,6626.553927
Windows,Windows-11-10.0.26200-SP0,3.14.8,400,57,leitura,45.4608,8798.789287
Windows,Windows-11-10.0.26200-SP0,3.14.8,400,57,liberacao,43.9813,9094.77437
Windows,Windows-11-10.0.26200-SP0,3.14.8,400,58,alocacao,135.5799,2950.289829
Windows,Windows-11-10.0.26200-SP0,3.14.8,400,58,escrita,62.1261,6438.517789
Windows,Windows-11-10.0.26200-SP0,3.14.8,400,58,leitura,48.7137,8211.242423
Windows,Windows-11-10.0.26200-SP0,3.14.8,400,58,liberacao,42.157,9488.341201
Windows,Windows-11-10.0.26200-SP0,3.14.8,400,59,alocacao,119.6694,3342.542037
Windows,Windows-11-10.0.26200-SP0,3.14.8,400,59,escrita,60.1166,6653.736239
Windows,Windows-11-10.0.26200-SP0,3.14.8,400,59,leitura,46.3152,8636.473555
Windows,Windows-11-10.0.26200-SP0,3.14.8,400,59,liberacao,44.1693,9056.063827
Windows,Windows-11-10.0.26200-SP0,3.14.8,400,60,alocacao,126.4599,3163.058013
Windows,Windows-11-10.0.26200-SP0,3.14.8,400,60,escrita,63.5994,6289.36751
Windows,Windows-11-10.0.26200-SP0,3.14.8,400,60,leitura,48.1668,8304.475282
Windows,Windows-11-10.0.26200-SP0,3.14.8,400,60,liberacao,41.0471,9744.902807
Windows,Windows-11-10.0.26200-SP0,3.14.8,400,61,alocacao,118.591,3372.937238
Windows,Windows-11-10.0.26200-SP0,3.14.8,400,61,escrita,58.833,6798.905376
Windows,Windows-11-10.0.26200-SP0,3.14.8,400,61,leitura,45.1223,8864.796342
Windows,Windows-11-10.0.26200-SP0,3.14.8,400,61,liberacao,46.4738,8607.000073
Windows,Windows-11-10.0.26200-SP0,3.14.8,400,62,alocacao,126.1201,3171.580105
Windows,Windows-11-10.0.26200-SP0,3.14.8,400,62,escrita,61.9774,6453.965478
Windows,Windows-11-10.0.26200-SP0,3.14.8,400,62,leitura,45.8082,8732.061072
Windows,Windows-11-10.0.26200-SP0,3.14.8,400,62,liberacao,38.8244,10302.799271
Windows,Windows-11-10.0.26200-SP0,3.14.8,400,63,alocacao,127.2606,3143.156641
Windows,Windows-11-10.0.26200-SP0,3.14.8,400,63,escrita,59.5583,6716.108418
Windows,Windows-11-10.0.26200-SP0,3.14.8,400,63,leitura,46.4245,8616.140185
Windows,Windows-11-10.0.26200-SP0,3.14.8,400,63,liberacao,45.135,8862.301983
Windows,Windows-11-10.0.26200-SP0,3.14.8,400,64,alocacao,127.8035,3129.804739
Windows,Windows-11-10.0.26200-SP0,3.14.8,400,64,escrita,61.2406,6531.614648
Windows,Windows-11-10.0.26200-SP0,3.14.8,400,64,leitura,45.5355,8784.355064
Windows,Windows-11-10.0.26200-SP0,3.14.8,400,64,liberacao,40.138,9965.618616
Windows,Windows-11-10.0.26200-SP0,3.14.8,400,65,alocacao,127.0764,3147.712715
Windows,Windows-11-10.0.26200-SP0,3.14.8,400,65,escrita,72.4326,5522.375284
Windows,Windows-11-10.0.26200-SP0,3.14.8,400,65,leitura,50.0879,7985.960681
Windows,Windows-11-10.0.26200-SP0,3.14.8,400,65,liberacao,48.409,8262.926315
Windows,Windows-11-10.0.26200-SP0,3.14.8,400,66,alocacao,121.4388,3293.840189
Windows,Windows-11-10.0.26200-SP0,3.14.8,400,66,escrita,63.3936,6309.785215
Windows,Windows-11-10.0.26200-SP0,3.14.8,400,66,leitura,49.4802,8084.041697
Windows,Windows-11-10.0.26200-SP0,3.14.8,400,66,liberacao,50.1134,7981.897057
Windows,Windows-11-10.0.26200-SP0,3.14.8,400,67,alocacao,139.7251,2862.764099
Windows,Windows-11-10.0.26200-SP0,3.14.8,400,67,escrita,65.6249,6095.247383
Windows,Windows-11-10.0.26200-SP0,3.14.8,400,67,leitura,51.4234,7778.559955
Windows,Windows-11-10.0.26200-SP0,3.14.8,400,67,liberacao,46.8889,8530.803666
Windows,Windows-11-10.0.26200-SP0,3.14.8,400,68,alocacao,115.5157,3462.732771
Windows,Windows-11-10.0.26200-SP0,3.14.8,400,68,escrita,60.5947,6601.237402
Windows,Windows-11-10.0.26200-SP0,3.14.8,400,68,leitura,46.4323,8614.692789
Windows,Windows-11-10.0.26200-SP0,3.14.8,400,68,liberacao,40.9433,9769.608214
Windows,Windows-11-10.0.26200-SP0,3.14.8,400,69,alocacao,133.3642,2999.305661
Windows,Windows-11-10.0.26200-SP0,3.14.8,400,69,escrita,62.5002,6399.97952
Windows,Windows-11-10.0.26200-SP0,3.14.8,400,69,leitura,50.7526,7881.369624
Windows,Windows-11-10.0.26200-SP0,3.14.8,400,69,liberacao,45.5803,8775.72109
Windows,Windows-11-10.0.26200-SP0,3.14.8,400,70,alocacao,119.1675,3356.619884
Windows,Windows-11-10.0.26200-SP0,3.14.8,400,70,escrita,59.1326,6764.458184
Windows,Windows-11-10.0.26200-SP0,3.14.8,400,70,leitura,47.5613,8410.199048
Windows,Windows-11-10.0.26200-SP0,3.14.8,400,70,liberacao,43.427,9210.859603
Windows,Windows-11-10.0.26200-SP0,3.14.8,400,71,alocacao,120.2356,3326.801713
Windows,Windows-11-10.0.26200-SP0,3.14.8,400,71,escrita,59.6642,6704.187771
Windows,Windows-11-10.0.26200-SP0,3.14.8,400,71,leitura,47.426,8434.192215
Windows,Windows-11-10.0.26200-SP0,3.14.8,400,71,liberacao,44.8481,8918.995454
Windows,Windows-11-10.0.26200-SP0,3.14.8,400,72,alocacao,124.8826,3203.008265
Windows,Windows-11-10.0.26200-SP0,3.14.8,400,72,escrita,69.0325,5794.372216
Windows,Windows-11-10.0.26200-SP0,3.14.8,400,72,leitura,49.5109,8079.029062
Windows,Windows-11-10.0.26200-SP0,3.14.8,400,72,liberacao,46.4324,8614.674236
Windows,Windows-11-10.0.26200-SP0,3.14.8,400,73,alocacao,120.1002,3330.552322
Windows,Windows-11-10.0.26200-SP0,3.14.8,400,73,escrita,59.752,6694.336591
Windows,Windows-11-10.0.26200-SP0,3.14.8,400,73,leitura,47.7443,8377.963443
Windows,Windows-11-10.0.26200-SP0,3.14.8,400,73,liberacao,44.2558,9038.363333
Windows,Windows-11-10.0.26200-SP0,3.14.8,400,74,alocacao,122.6536,3261.216956
Windows,Windows-11-10.0.26200-SP0,3.14.8,400,74,escrita,64.9534,6158.261153
Windows,Windows-11-10.0.26200-SP0,3.14.8,400,74,leitura,50.2689,7957.206145
Windows,Windows-11-10.0.26200-SP0,3.14.8,400,74,liberacao,42.326,9450.455985
Windows,Windows-11-10.0.26200-SP0,3.14.8,400,75,alocacao,115.1834,3472.722632
Windows,Windows-11-10.0.26200-SP0,3.14.8,400,75,escrita,59.5537,6716.627178
Windows,Windows-11-10.0.26200-SP0,3.14.8,400,75,leitura,48.3372,8275.200053
Windows,Windows-11-10.0.26200-SP0,3.14.8,400,75,liberacao,49.2147,8127.652917
Windows,Windows-11-10.0.26200-SP0,3.14.8,400,76,alocacao,129.6829,3084.446754
Windows,Windows-11-10.0.26200-SP0,3.14.8,400,76,escrita,68.064,5876.821815
Windows,Windows-11-10.0.26200-SP0,3.14.8,400,76,leitura,46.2074,8656.622099
Windows,Windows-11-10.0.26200-SP0,3.14.8,400,76,liberacao,37.5042,10665.472134
Windows,Windows-11-10.0.26200-SP0,3.14.8,400,77,alocacao,130.3043,3069.73753
Windows,Windows-11-10.0.26200-SP0,3.14.8,400,77,escrita,65.417,6114.618524
Windows,Windows-11-10.0.26200-SP0,3.14.8,400,77,leitura,54.2218,7377.106625
Windows,Windows-11-10.0.26200-SP0,3.14.8,400,77,liberacao,41.6504,9603.749304
Windows,Windows-11-10.0.26200-SP0,3.14.8,400,78,alocacao,127.2866,3142.514609
Windows,Windows-11-10.0.26200-SP0,3.14.8,400,78,escrita,71.6584,5582.039231
Windows,Windows-11-10.0.26200-SP0,3.14.8,400,78,leitura,50.046,7992.646765
Windows,Windows-11-10.0.26200-SP0,3.14.8,400,78,liberacao,39.7109,10072.80117
Windows,Windows-11-10.0.26200-SP0,3.14.8,400,79,alocacao,125.8986,3177.160032
Windows,Windows-11-10.0.26200-SP0,3.14.8,400,79,escrita,67.583,5918.648181
Windows,Windows-11-10.0.26200-SP0,3.14.8,400,79,leitura,53.032,7542.615779
Windows,Windows-11-10.0.26200-SP0,3.14.8,400,79,liberacao,40.6757,9833.881162
Windows,Windows-11-10.0.26200-SP0,3.14.8,400,80,alocacao,122.0379,3277.670298
Windows,Windows-11-10.0.26200-SP0,3.14.8,400,80,escrita,59.1932,6757.53296
Windows,Windows-11-10.0.26200-SP0,3.14.8,400,80,leitura,44.9228,8904.164478
Windows,Windows-11-10.0.26200-SP0,3.14.8,400,80,liberacao,37.8031,10581.142816
Windows,Windows-11-10.0.26200-SP0,3.14.8,400,81,alocacao,124.1274,3222.495597
Windows,Windows-11-10.0.26200-SP0,3.14.8,400,81,escrita,64.0839,6241.817368
Windows,Windows-11-10.0.26200-SP0,3.14.8,400,81,leitura,54.7679,7303.548246
Windows,Windows-11-10.0.26200-SP0,3.14.8,400,81,liberacao,37.3991,10695.444543
Windows,Windows-11-10.0.26200-SP0,3.14.8,400,82,alocacao,135.6612,2948.521759
Windows,Windows-11-10.0.26200-SP0,3.14.8,400,82,escrita,62.9685,6352.38254
Windows,Windows-11-10.0.26200-SP0,3.14.8,400,82,leitura,46.5777,8587.8006
Windows,Windows-11-10.0.26200-SP0,3.14.8,400,82,liberacao,38.173,10478.610536
Windows,Windows-11-10.0.26200-SP0,3.14.8,400,83,alocacao,136.3452,2933.729974
Windows,Windows-11-10.0.26200-SP0,3.14.8,400,83,escrita,67.5401,5922.407577
Windows,Windows-11-10.0.26200-SP0,3.14.8,400,83,leitura,50.9745,7847.060785
Windows,Windows-11-10.0.26200-SP0,3.14.8,400,83,liberacao,40.1863,9953.640917
Windows,Windows-11-10.0.26200-SP0,3.14.8,400,84,alocacao,135.1941,2958.708997
Windows,Windows-11-10.0.26200-SP0,3.14.8,400,84,escrita,64.6248,6189.574281
Windows,Windows-11-10.0.26200-SP0,3.14.8,400,84,leitura,45.9529,8704.564891
Windows,Windows-11-10.0.26200-SP0,3.14.8,400,84,liberacao,38.8337,10300.331928
Windows,Windows-11-10.0.26200-SP0,3.14.8,400,85,alocacao,131.2588,3047.414726
Windows,Windows-11-10.0.26200-SP0,3.14.8,400,85,escrita,70.3029,5689.665718
Windows,Windows-11-10.0.26200-SP0,3.14.8,400,85,leitura,48.9502,8171.57029
Windows,Windows-11-10.0.26200-SP0,3.14.8,400,85,liberacao,46.4243,8616.177304
Windows,Windows-11-10.0.26200-SP0,3.14.8,400,86,alocacao,113.7621,3516.109495
Windows,Windows-11-10.0.26200-SP0,3.14.8,400,86,escrita,67.6089,5916.380832
Windows,Windows-11-10.0.26200-SP0,3.14.8,400,86,leitura,49.7418,8041.526443
Windows,Windows-11-10.0.26200-SP0,3.14.8,400,86,liberacao,46.8899,8530.621733
Windows,Windows-11-10.0.26200-SP0,3.14.8,400,87,alocacao,123.0943,3249.541205
Windows,Windows-11-10.0.26200-SP0,3.14.8,400,87,escrita,61.4633,6507.948646
Windows,Windows-11-10.0.26200-SP0,3.14.8,400,87,leitura,48.14,8309.098463
Windows,Windows-11-10.0.26200-SP0,3.14.8,400,87,liberacao,39.4448,10140.753661
Windows,Windows-11-10.0.26200-SP0,3.14.8,400,88,alocacao,128.1564,3121.1863
Windows,Windows-11-10.0.26200-SP0,3.14.8,400,88,escrita,63.0744,6341.717083
Windows,Windows-11-10.0.26200-SP0,3.14.8,400,88,leitura,49.4612,8087.147097
Windows,Windows-11-10.0.26200-SP0,3.14.8,400,88,liberacao,37.8216,10575.967172
Windows,Windows-11-10.0.26200-SP0,3.14.8,400,89,alocacao,141.6405,2824.051031
Windows,Windows-11-10.0.26200-SP0,3.14.8,400,89,escrita,63.1328,6335.850778
Windows,Windows-11-10.0.26200-SP0,3.14.8,400,89,leitura,49.755,8039.393026
Windows,Windows-11-10.0.26200-SP0,3.14.8,400,89,liberacao,44.454,8998.065416
Windows,Windows-11-10.0.26200-SP0,3.14.8,400,90,alocacao,139.9756,2857.640903
Windows,Windows-11-10.0.26200-SP0,3.14.8,400,90,escrita,66.1696,6045.072057
Windows,Windows-11-10.0.26200-SP0,3.14.8,400,90,leitura,49.301,8113.425691
Windows,Windows-11-10.0.26200-SP0,3.14.8,400,90,liberacao,40.4075,9899.152385
Windows,Windows-11-10.0.26200-SP0,3.14.8,400,91,alocacao,139.983,2857.489838
Windows,Windows-11-10.0.26200-SP0,3.14.8,400,91,escrita,67.1475,5957.034886
Windows,Windows-11-10.0.26200-SP0,3.14.8,400,91,leitura,49.9697,8004.85094
Windows,Windows-11-10.0.26200-SP0,3.14.8,400,91,liberacao,44.0008,9090.743805
Windows,Windows-11-10.0.26200-SP0,3.14.8,400,92,alocacao,126.9382,3151.139688
Windows,Windows-11-10.0.26200-SP0,3.14.8,400,92,escrita,63.8057,6269.032391
Windows,Windows-11-10.0.26200-SP0,3.14.8,400,92,leitura,49.5676,8069.787522
Windows,Windows-11-10.0.26200-SP0,3.14.8,400,92,liberacao,45.4569,8799.544184
Windows,Windows-11-10.0.26200-SP0,3.14.8,400,93,alocacao,132.1507,3026.84738
Windows,Windows-11-10.0.26200-SP0,3.14.8,400,93,escrita,61.3543,6519.51045
Windows,Windows-11-10.0.26200-SP0,3.14.8,400,93,leitura,49.8884,8017.895944
Windows,Windows-11-10.0.26200-SP0,3.14.8,400,93,liberacao,45.8317,8727.583747
Windows,Windows-11-10.0.26200-SP0,3.14.8,400,94,alocacao,119.6731,3342.438693
Windows,Windows-11-10.0.26200-SP0,3.14.8,400,94,escrita,66.191,6043.117644
Windows,Windows-11-10.0.26200-SP0,3.14.8,400,94,leitura,49.4011,8096.985695
Windows,Windows-11-10.0.26200-SP0,3.14.8,400,94,liberacao,46.1508,8667.238704
Windows,Windows-11-10.0.26200-SP0,3.14.8,400,95,alocacao,142.9587,2798.010894
Windows,Windows-11-10.0.26200-SP0,3.14.8,400,95,escrita,74.5697,5364.109015
Windows,Windows-11-10.0.26200-SP0,3.14.8,400,95,leitura,50.3247,7948.3832
Windows,Windows-11-10.0.26200-SP0,3.14.8,400,95,liberacao,38.1715,10479.022307
Windows,Windows-11-10.0.26200-SP0,3.14.8,400,96,alocacao,175.6864,2276.784088
Windows,Windows-11-10.0.26200-SP0,3.14.8,400,96,escrita,80.1921,4988.022511
Windows,Windows-11-10.0.26200-SP0,3.14.8,400,96,leitura,54.2165,7377.827783
Windows,Windows-11-10.0.26200-SP0,3.14.8,400,96,liberacao,42.9988,9302.585188
Windows,Windows-11-10.0.26200-SP0,3.14.8,400,97,alocacao,137.9934,2898.689358
Windows,Windows-11-10.0.26200-SP0,3.14.8,400,97,escrita,62.6309,6386.623855
Windows,Windows-11-10.0.26200-SP0,3.14.8,400,97,leitura,50.4813,7923.726211
Windows,Windows-11-10.0.26200-SP0,3.14.8,400,97,liberacao,47.3527,8447.247992
Windows,Windows-11-10.0.26200-SP0,3.14.8,400,98,alocacao,135.2231,2958.074471
Windows,Windows-11-10.0.26200-SP0,3.14.8,400,98,escrita,79.132,5054.845069
Windows,Windows-11-10.0.26200-SP0,3.14.8,400,98,leitura,54.1288,7389.78141
Windows,Windows-11-10.0.26200-SP0,3.14.8,400,98,liberacao,43.1901,9261.381659
Windows,Windows-11-10.0.26200-SP0,3.14.8,400,99,alocacao,144.9547,2759.48279
Windows,Windows-11-10.0.26200-SP0,3.14.8,400,99,escrita,72.4554,5520.637523
Windows,Windows-11-10.0.26200-SP0,3.14.8,400,99,leitura,52.657,7596.330972
Windows,Windows-11-10.0.26200-SP0,3.14.8,400,99,liberacao,48.152,8307.027745
Windows,Windows-11-10.0.26200-SP0,3.14.8,400,100,alocacao,147.772,2706.87275
Windows,Windows-11-10.0.26200-SP0,3.14.8,400,100,escrita,74.2782,5385.160114
Windows,Windows-11-10.0.26200-SP0,3.14.8,400,100,leitura,55.6642,7185.947162
Windows,Windows-11-10.0.26200-SP0,3.14.8,400,100,liberacao,77.174,5183.092751
Windows,Windows-11-10.0.26200-SP0,3.14.8,500,1,alocacao,207.9866,2404.001027
Windows,Windows-11-10.0.26200-SP0,3.14.8,500,1,escrita,85.1434,5872.44578
Windows,Windows-11-10.0.26200-SP0,3.14.8,500,1,leitura,69.3501,7209.794939
Windows,Windows-11-10.0.26200-SP0,3.14.8,500,1,liberacao,56.1016,8912.401785
Windows,Windows-11-10.0.26200-SP0,3.14.8,500,2,alocacao,161.8883,3088.549327
Windows,Windows-11-10.0.26200-SP0,3.14.8,500,2,escrita,81.4738,6136.942183
Windows,Windows-11-10.0.26200-SP0,3.14.8,500,2,leitura,66.7779,7487.507094
Windows,Windows-11-10.0.26200-SP0,3.14.8,500,2,liberacao,61.674,8107.144015
Windows,Windows-11-10.0.26200-SP0,3.14.8,500,3,alocacao,155.3423,3218.69832
Windows,Windows-11-10.0.26200-SP0,3.14.8,500,3,escrita,78.5004,6369.394296
Windows,Windows-11-10.0.26200-SP0,3.14.8,500,3,leitura,67.4104,7417.253124
Windows,Windows-11-10.0.26200-SP0,3.14.8,500,3,liberacao,56.1748,8900.788254
Windows,Windows-11-10.0.26200-SP0,3.14.8,500,4,alocacao,176.4362,2833.885563
Windows,Windows-11-10.0.26200-SP0,3.14.8,500,4,escrita,87.4919,5714.814743
Windows,Windows-11-10.0.26200-SP0,3.14.8,500,4,leitura,71.1371,7028.681237
Windows,Windows-11-10.0.26200-SP0,3.14.8,500,4,liberacao,54.3082,9206.712798
Windows,Windows-11-10.0.26200-SP0,3.14.8,500,5,alocacao,196.5018,2544.505954
Windows,Windows-11-10.0.26200-SP0,3.14.8,500,5,escrita,84.7572,5899.203843
Windows,Windows-11-10.0.26200-SP0,3.14.8,500,5,leitura,66.7231,7493.65662
Windows,Windows-11-10.0.26200-SP0,3.14.8,500,5,liberacao,60.6072,8249.844903
Windows,Windows-11-10.0.26200-SP0,3.14.8,500,6,alocacao,152.1345,3286.565506
Windows,Windows-11-10.0.26200-SP0,3.14.8,500,6,escrita,79.1266,6318.987547
Windows,Windows-11-10.0.26200-SP0,3.14.8,500,6,leitura,62.4395,8007.751503
Windows,Windows-11-10.0.26200-SP0,3.14.8,500,6,liberacao,56.7009,8818.20218
Windows,Windows-11-10.0.26200-SP0,3.14.8,500,7,alocacao,171.3788,2917.513718
Windows,Windows-11-10.0.26200-SP0,3.14.8,500,7,escrita,87.0653,5742.816024
Windows,Windows-11-10.0.26200-SP0,3.14.8,500,7,leitura,67.1912,7441.450666
Windows,Windows-11-10.0.26200-SP0,3.14.8,500,7,liberacao,54.6356,9151.542218
Windows,Windows-11-10.0.26200-SP0,3.14.8,500,8,alocacao,175.7313,2845.252952
Windows,Windows-11-10.0.26200-SP0,3.14.8,500,8,escrita,75.9244,6585.498206
Windows,Windows-11-10.0.26200-SP0,3.14.8,500,8,leitura,61.7051,8103.057932
Windows,Windows-11-10.0.26200-SP0,3.14.8,500,8,liberacao,60.0477,8326.713596
Windows,Windows-11-10.0.26200-SP0,3.14.8,500,9,alocacao,153.2812,3261.978638
Windows,Windows-11-10.0.26200-SP0,3.14.8,500,9,escrita,74.7032,6693.153707
Windows,Windows-11-10.0.26200-SP0,3.14.8,500,9,leitura,64.2021,7787.907249
Windows,Windows-11-10.0.26200-SP0,3.14.8,500,9,liberacao,55.6883,8978.546661
Windows,Windows-11-10.0.26200-SP0,3.14.8,500,10,alocacao,157.4207,3176.202367
Windows,Windows-11-10.0.26200-SP0,3.14.8,500,10,escrita,86.7817,5761.583375
Windows,Windows-11-10.0.26200-SP0,3.14.8,500,10,leitura,67.1529,7445.694825
Windows,Windows-11-10.0.26200-SP0,3.14.8,500,10,liberacao,60.1873,8307.400398
Windows,Windows-11-10.0.26200-SP0,3.14.8,500,11,alocacao,155.5098,3215.231452
Windows,Windows-11-10.0.26200-SP0,3.14.8,500,11,escrita,77.4684,6454.244569
Windows,Windows-11-10.0.26200-SP0,3.14.8,500,11,leitura,64.507,7751.09678
Windows,Windows-11-10.0.26200-SP0,3.14.8,500,11,liberacao,61.9912,8065.660933
Windows,Windows-11-10.0.26200-SP0,3.14.8,500,12,alocacao,147.6314,3386.813374
Windows,Windows-11-10.0.26200-SP0,3.14.8,500,12,escrita,76.4428,6540.838379
Windows,Windows-11-10.0.26200-SP0,3.14.8,500,12,leitura,63.3988,7886.584604
Windows,Windows-11-10.0.26200-SP0,3.14.8,500,12,liberacao,54.0565,9249.581456
Windows,Windows-11-10.0.26200-SP0,3.14.8,500,13,alocacao,161.5066,3095.848715
Windows,Windows-11-10.0.26200-SP0,3.14.8,500,13,escrita,82.932,6029.035837
Windows,Windows-11-10.0.26200-SP0,3.14.8,500,13,leitura,67.7686,7378.048241
Windows,Windows-11-10.0.26200-SP0,3.14.8,500,13,liberacao,56.9548,8778.891331
Windows,Windows-11-10.0.26200-SP0,3.14.8,500,14,alocacao,154.7325,3231.383194
Windows,Windows-11-10.0.26200-SP0,3.14.8,500,14,escrita,79.1398,6317.933581
Windows,Windows-11-10.0.26200-SP0,3.14.8,500,14,leitura,66.6647,7500.221257
Windows,Windows-11-10.0.26200-SP0,3.14.8,500,14,liberacao,59.095,8460.952703
Windows,Windows-11-10.0.26200-SP0,3.14.8,500,15,alocacao,209.0112,2392.216302
Windows,Windows-11-10.0.26200-SP0,3.14.8,500,15,escrita,88.8921,5624.796804
Windows,Windows-11-10.0.26200-SP0,3.14.8,500,15,leitura,65.8659,7591.181476
Windows,Windows-11-10.0.26200-SP0,3.14.8,500,15,liberacao,49.5222,10096.481982
Windows,Windows-11-10.0.26200-SP0,3.14.8,500,16,alocacao,196.7099,2541.814113
Windows,Windows-11-10.0.26200-SP0,3.14.8,500,16,escrita,83.1333,6014.437055
Windows,Windows-11-10.0.26200-SP0,3.14.8,500,16,leitura,69.9175,7151.285444
Windows,Windows-11-10.0.26200-SP0,3.14.8,500,16,liberacao,61.2605,8161.866129
Windows,Windows-11-10.0.26200-SP0,3.14.8,500,17,alocacao,157.3303,3178.027373
Windows,Windows-11-10.0.26200-SP0,3.14.8,500,17,escrita,78.9554,6332.689088
Windows,Windows-11-10.0.26200-SP0,3.14.8,500,17,leitura,69.2858,7216.485918
Windows,Windows-11-10.0.26200-SP0,3.14.8,500,17,liberacao,61.2679,8160.88033
Windows,Windows-11-10.0.26200-SP0,3.14.8,500,18,alocacao,177.6543,2814.454815
Windows,Windows-11-10.0.26200-SP0,3.14.8,500,18,escrita,77.5566,6446.904583
Windows,Windows-11-10.0.26200-SP0,3.14.8,500,18,leitura,66.6636,7500.345016
Windows,Windows-11-10.0.26200-SP0,3.14.8,500,18,liberacao,55.4041,9024.602872
Windows,Windows-11-10.0.26200-SP0,3.14.8,500,19,alocacao,162.9711,3068.028626
Windows,Windows-11-10.0.26200-SP0,3.14.8,500,19,escrita,77.1329,6482.318181
Windows,Windows-11-10.0.26200-SP0,3.14.8,500,19,leitura,68.2064,7330.690375
Windows,Windows-11-10.0.26200-SP0,3.14.8,500,19,liberacao,60.0832,8321.793779
Windows,Windows-11-10.0.26200-SP0,3.14.8,500,20,alocacao,150.213,3328.606712
Windows,Windows-11-10.0.26200-SP0,3.14.8,500,20,escrita,75.5678,6616.574784
Windows,Windows-11-10.0.26200-SP0,3.14.8,500,20,leitura,64.8658,7708.222206
Windows,Windows-11-10.0.26200-SP0,3.14.8,500,20,liberacao,62.1883,8040.097575
Windows,Windows-11-10.0.26200-SP0,3.14.8,500,21,alocacao,175.7061,2845.661021
Windows,Windows-11-10.0.26200-SP0,3.14.8,500,21,escrita,75.3584,6634.960403
Windows,Windows-11-10.0.26200-SP0,3.14.8,500,21,leitura,62.5952,7987.832933
Windows,Windows-11-10.0.26200-SP0,3.14.8,500,21,liberacao,53.31,9379.103358
Windows,Windows-11-10.0.26200-SP0,3.14.8,500,22,alocacao,178.3769,2803.053534
Windows,Windows-11-10.0.26200-SP0,3.14.8,500,22,escrita,77.1687,6479.310912
Windows,Windows-11-10.0.26200-SP0,3.14.8,500,22,leitura,64.1445,7794.900576
Windows,Windows-11-10.0.26200-SP0,3.14.8,500,22,liberacao,57.4041,8710.179238
Windows,Windows-11-10.0.26200-SP0,3.14.8,500,23,alocacao,146.803,3405.924947
Windows,Windows-11-10.0.26200-SP0,3.14.8,500,23,escrita,81.9851,6098.669148
Windows,Windows-11-10.0.26200-SP0,3.14.8,500,23,leitura,70.5827,7083.888828
Windows,Windows-11-10.0.26200-SP0,3.14.8,500,23,liberacao,58.9911,8475.854832
Windows,Windows-11-10.0.26200-SP0,3.14.8,500,24,alocacao,147.3385,3393.546154
Windows,Windows-11-10.0.26200-SP0,3.14.8,500,24,escrita,73.8692,6768.720928
Windows,Windows-11-10.0.26200-SP0,3.14.8,500,24,leitura,59.6048,8388.586154
Windows,Windows-11-10.0.26200-SP0,3.14.8,500,24,liberacao,56.6456,8826.810909
Windows,Windows-11-10.0.26200-SP0,3.14.8,500,25,alocacao,169.0906,2956.994653
Windows,Windows-11-10.0.26200-SP0,3.14.8,500,25,escrita,83.1022,6016.687886
Windows,Windows-11-10.0.26200-SP0,3.14.8,500,25,leitura,64.8762,7706.986537
Windows,Windows-11-10.0.26200-SP0,3.14.8,500,25,liberacao,58.6579,8524.00103
Windows,Windows-11-10.0.26200-SP0,3.14.8,500,26,alocacao,174.7055,2861.959125
Windows,Windows-11-10.0.26200-SP0,3.14.8,500,26,escrita,81.8303,6110.206122
Windows,Windows-11-10.0.26200-SP0,3.14.8,500,26,leitura,64.6949,7728.584479
Windows,Windows-11-10.0.26200-SP0,3.14.8,500,26,liberacao,64.6854,7729.719535
Windows,Windows-11-10.0.26200-SP0,3.14.8,500,27,alocacao,152.1252,3286.766427
Windows,Windows-11-10.0.26200-SP0,3.14.8,500,27,escrita,77.3386,6465.076947
Windows,Windows-11-10.0.26200-SP0,3.14.8,500,27,leitura,62.7014,7974.303604
Windows,Windows-11-10.0.26200-SP0,3.14.8,500,27,liberacao,57.6937,8666.457516
Windows,Windows-11-10.0.26200-SP0,3.14.8,500,28,alocacao,159.1206,3142.270705
Windows,Windows-11-10.0.26200-SP0,3.14.8,500,28,escrita,77.9627,6413.323294
Windows,Windows-11-10.0.26200-SP0,3.14.8,500,28,leitura,65.543,7628.579711
Windows,Windows-11-10.0.26200-SP0,3.14.8,500,28,liberacao,57.5554,8687.282166
Windows,Windows-11-10.0.26200-SP0,3.14.8,500,29,alocacao,240.171,2081.850015
Windows,Windows-11-10.0.26200-SP0,3.14.8,500,29,escrita,100.83,4958.841615
Windows,Windows-11-10.0.26200-SP0,3.14.8,500,29,leitura,81.4023,6142.332588
Windows,Windows-11-10.0.26200-SP0,3.14.8,500,29,liberacao,73.9078,6765.185813
Windows,Windows-11-10.0.26200-SP0,3.14.8,500,30,alocacao,224.641,2225.773568
Windows,Windows-11-10.0.26200-SP0,3.14.8,500,30,escrita,88.0661,5677.553565
Windows,Windows-11-10.0.26200-SP0,3.14.8,500,30,leitura,69.8389,7159.333838
Windows,Windows-11-10.0.26200-SP0,3.14.8,500,30,liberacao,60.9893,8198.159349
Windows,Windows-11-10.0.26200-SP0,3.14.8,500,31,alocacao,166.3697,3005.354941
Windows,Windows-11-10.0.26200-SP0,3.14.8,500,31,escrita,81.4078,6141.917605
Windows,Windows-11-10.0.26200-SP0,3.14.8,500,31,leitura,67.8372,7370.587229
Windows,Windows-11-10.0.26200-SP0,3.14.8,500,31,liberacao,57.833,8645.582972
Windows,Windows-11-10.0.26200-SP0,3.14.8,500,32,alocacao,169.7692,2945.174979
Windows,Windows-11-10.0.26200-SP0,3.14.8,500,32,escrita,76.9,6501.950585
Windows,Windows-11-10.0.26200-SP0,3.14.8,500,32,leitura,68.2642,7324.483404
Windows,Windows-11-10.0.26200-SP0,3.14.8,500,32,liberacao,64.3484,7770.200968
Windows,Windows-11-10.0.26200-SP0,3.14.8,500,33,alocacao,192.8052,2593.291052
Windows,Windows-11-10.0.26200-SP0,3.14.8,500,33,escrita,89.0749,5613.253565
Windows,Windows-11-10.0.26200-SP0,3.14.8,500,33,leitura,65.6185,7619.802342
Windows,Windows-11-10.0.26200-SP0,3.14.8,500,33,liberacao,56.1706,8901.453785
Windows,Windows-11-10.0.26200-SP0,3.14.8,500,34,alocacao,189.765,2634.837826
Windows,Windows-11-10.0.26200-SP0,3.14.8,500,34,escrita,81.9475,6101.467403
Windows,Windows-11-10.0.26200-SP0,3.14.8,500,34,leitura,57.9483,8628.380815
Windows,Windows-11-10.0.26200-SP0,3.14.8,500,34,liberacao,46.6016,10729.245348
Windows,Windows-11-10.0.26200-SP0,3.14.8,500,35,alocacao,195.9548,2551.60884
Windows,Windows-11-10.0.26200-SP0,3.14.8,500,35,escrita,83.9459,5956.21704
Windows,Windows-11-10.0.26200-SP0,3.14.8,500,35,leitura,59.076,8463.673912
Windows,Windows-11-10.0.26200-SP0,3.14.8,500,35,liberacao,47.6409,10495.18376
Windows,Windows-11-10.0.26200-SP0,3.14.8,500,36,alocacao,241.2381,2072.641096
Windows,Windows-11-10.0.26200-SP0,3.14.8,500,36,escrita,90.4621,5527.176574
Windows,Windows-11-10.0.26200-SP0,3.14.8,500,36,leitura,67.9907,7353.946937
Windows,Windows-11-10.0.26200-SP0,3.14.8,500,36,liberacao,58.6805,8520.718126
Windows,Windows-11-10.0.26200-SP0,3.14.8,500,37,alocacao,168.1915,2972.801836
Windows,Windows-11-10.0.26200-SP0,3.14.8,500,37,escrita,80.1613,6237.423794
Windows,Windows-11-10.0.26200-SP0,3.14.8,500,37,leitura,67.8123,7373.293636
Windows,Windows-11-10.0.26200-SP0,3.14.8,500,37,liberacao,62.2837,8027.78255
Windows,Windows-11-10.0.26200-SP0,3.14.8,500,38,alocacao,158.7438,3149.729312
Windows,Windows-11-10.0.26200-SP0,3.14.8,500,38,escrita,75.008,6665.955631
Windows,Windows-11-10.0.26200-SP0,3.14.8,500,38,leitura,60.0276,8329.501763
Windows,Windows-11-10.0.26200-SP0,3.14.8,500,38,liberacao,50.5944,9882.516642
Windows,Windows-11-10.0.26200-SP0,3.14.8,500,39,alocacao,186.1953,2685.352423
Windows,Windows-11-10.0.26200-SP0,3.14.8,500,39,escrita,80.3049,6226.270128
Windows,Windows-11-10.0.26200-SP0,3.14.8,500,39,leitura,61.9564,8070.191296
Windows,Windows-11-10.0.26200-SP0,3.14.8,500,39,liberacao,56.7396,8812.187608
Windows,Windows-11-10.0.26200-SP0,3.14.8,500,40,alocacao,148.4288,3368.618489
Windows,Windows-11-10.0.26200-SP0,3.14.8,500,40,escrita,77.2725,6470.607266
Windows,Windows-11-10.0.26200-SP0,3.14.8,500,40,leitura,62.4713,8003.675288
Windows,Windows-11-10.0.26200-SP0,3.14.8,500,40,liberacao,55.8601,8950.932777
Windows,Windows-11-10.0.26200-SP0,3.14.8,500,41,alocacao,170.8385,2926.740752
Windows,Windows-11-10.0.26200-SP0,3.14.8,500,41,escrita,79.8988,6257.916264
Windows,Windows-11-10.0.26200-SP0,3.14.8,500,41,leitura,64.983,7694.320053
Windows,Windows-11-10.0.26200-SP0,3.14.8,500,41,liberacao,57.1156,8754.175742
Windows,Windows-11-10.0.26200-SP0,3.14.8,500,42,alocacao,154.6201,3233.732225
Windows,Windows-11-10.0.26200-SP0,3.14.8,500,42,escrita,76.2384,6558.374782
Windows,Windows-11-10.0.26200-SP0,3.14.8,500,42,leitura,62.4892,8001.382639
Windows,Windows-11-10.0.26200-SP0,3.14.8,500,42,liberacao,58.8276,8499.411841
Windows,Windows-11-10.0.26200-SP0,3.14.8,500,43,alocacao,156.68,3191.217769
Windows,Windows-11-10.0.26200-SP0,3.14.8,500,43,escrita,77.4737,6453.803033
Windows,Windows-11-10.0.26200-SP0,3.14.8,500,43,leitura,61.3851,8145.299104
Windows,Windows-11-10.0.26200-SP0,3.14.8,500,43,liberacao,60.4662,8269.082562
Windows,Windows-11-10.0.26200-SP0,3.14.8,500,44,alocacao,148.9151,3357.617864
Windows,Windows-11-10.0.26200-SP0,3.14.8,500,44,escrita,82.5166,6059.386839
Windows,Windows-11-10.0.26200-SP0,3.14.8,500,44,leitura,64.6032,7739.554697
Windows,Windows-11-10.0.26200-SP0,3.14.8,500,44,liberacao,51.3737,9732.606373
Windows,Windows-11-10.0.26200-SP0,3.14.8,500,45,alocacao,151.5458,3299.332611
Windows,Windows-11-10.0.26200-SP0,3.14.8,500,45,escrita,84.2733,5933.077262
Windows,Windows-11-10.0.26200-SP0,3.14.8,500,45,leitura,63.396,7886.93293
Windows,Windows-11-10.0.26200-SP0,3.14.8,500,45,liberacao,52.9663,9439.964657
Windows,Windows-11-10.0.26200-SP0,3.14.8,500,46,alocacao,170.4805,2932.886752
Windows,Windows-11-10.0.26200-SP0,3.14.8,500,46,escrita,77.555,6447.037586
Windows,Windows-11-10.0.26200-SP0,3.14.8,500,46,leitura,60.7442,8231.238538
Windows,Windows-11-10.0.26200-SP0,3.14.8,500,46,liberacao,56.1248,8908.717715
Windows,Windows-11-10.0.26200-SP0,3.14.8,500,47,alocacao,161.9647,3087.092434
Windows,Windows-11-10.0.26200-SP0,3.14.8,500,47,escrita,79.8659,6260.494153
Windows,Windows-11-10.0.26200-SP0,3.14.8,500,47,leitura,60.5608,8256.165705
Windows,Windows-11-10.0.26200-SP0,3.14.8,500,47,liberacao,48.0626,10403.099291
Windows,Windows-11-10.0.26200-SP0,3.14.8,500,48,alocacao,155.0721,3224.306629
Windows,Windows-11-10.0.26200-SP0,3.14.8,500,48,escrita,80.6196,6201.965775
Windows,Windows-11-10.0.26200-SP0,3.14.8,500,48,leitura,63.7953,7837.567971
Windows,Windows-11-10.0.26200-SP0,3.14.8,500,48,liberacao,50.5293,9895.248895
Windows,Windows-11-10.0.26200-SP0,3.14.8,500,49,alocacao,154.4315,3237.681432
Windows,Windows-11-10.0.26200-SP0,3.14.8,500,49,escrita,74.73,6690.753379
Windows,Windows-11-10.0.26200-SP0,3.14.8,500,49,leitura,57.7516,8657.768789
Windows,Windows-11-10.0.26200-SP0,3.14.8,500,49,liberacao,48.4848,10312.510313
Windows,Windows-11-10.0.26200-SP0,3.14.8,500,50,alocacao,179.8868,2779.525791
Windows,Windows-11-10.0.26200-SP0,3.14.8,500,50,escrita,81.2334,6155.103689
Windows,Windows-11-10.0.26200-SP0,3.14.8,500,50,leitura,59.177,8449.228585
Windows,Windows-11-10.0.26200-SP0,3.14.8,500,50,liberacao,48.7252,10261.630532
Windows,Windows-11-10.0.26200-SP0,3.14.8,500,51,alocacao,151.0128,3310.977612
Windows,Windows-11-10.0.26200-SP0,3.14.8,500,51,escrita,80.0874,6243.179327
Windows,Windows-11-10.0.26200-SP0,3.14.8,500,51,leitura,66.2805,7543.696864
Windows,Windows-11-10.0.26200-SP0,3.14.8,500,51,liberacao,57.2397,8735.196027
Windows,Windows-11-10.0.26200-SP0,3.14.8,500,52,alocacao,148.464,3367.819808
Windows,Windows-11-10.0.26200-SP0,3.14.8,500,52,escrita,74.4725,6713.887677
Windows,Windows-11-10.0.26200-SP0,3.14.8,500,52,leitura,57.9855,8622.845367
Windows,Windows-11-10.0.26200-SP0,3.14.8,500,52,liberacao,49.7607,10048.09016
Windows,Windows-11-10.0.26200-SP0,3.14.8,500,53,alocacao,170.3733,2934.732144
Windows,Windows-11-10.0.26200-SP0,3.14.8,500,53,escrita,78.201,6393.780131
Windows,Windows-11-10.0.26200-SP0,3.14.8,500,53,leitura,61.9206,8074.857156
Windows,Windows-11-10.0.26200-SP0,3.14.8,500,53,liberacao,49.1068,10181.88927
Windows,Windows-11-10.0.26200-SP0,3.14.8,500,54,alocacao,157.8582,3167.399603
Windows,Windows-11-10.0.26200-SP0,3.14.8,500,54,escrita,77.5495,6447.494826
Windows,Windows-11-10.0.26200-SP0,3.14.8,500,54,leitura,65.0024,7692.023679
Windows,Windows-11-10.0.26200-SP0,3.14.8,500,54,liberacao,51.461,9716.095684
Windows,Windows-11-10.0.26200-SP0,3.14.8,500,55,alocacao,159.9431,3126.111723
Windows,Windows-11-10.0.26200-SP0,3.14.8,500,55,escrita,74.4955,6711.814808
Windows,Windows-11-10.0.26200-SP0,3.14.8,500,55,leitura,60.0538,8325.867805
Windows,Windows-11-10.0.26200-SP0,3.14.8,500,55,liberacao,49.37,10127.607859
Windows,Windows-11-10.0.26200-SP0,3.14.8,500,56,alocacao,172.7546,2894.278937
Windows,Windows-11-10.0.26200-SP0,3.14.8,500,56,escrita,80.2406,6231.259487
Windows,Windows-11-10.0.26200-SP0,3.14.8,500,56,leitura,60.3155,8289.743101
Windows,Windows-11-10.0.26200-SP0,3.14.8,500,56,liberacao,48.0802,10399.291184
Windows,Windows-11-10.0.26200-SP0,3.14.8,500,57,alocacao,155.3771,3217.977424
Windows,Windows-11-10.0.26200-SP0,3.14.8,500,57,escrita,101.3646,4932.688532
Windows,Windows-11-10.0.26200-SP0,3.14.8,500,57,leitura,67.0055,7462.074009
Windows,Windows-11-10.0.26200-SP0,3.14.8,500,57,liberacao,57.8267,8646.524875
Windows,Windows-11-10.0.26200-SP0,3.14.8,500,58,alocacao,162.0791,3084.913477
Windows,Windows-11-10.0.26200-SP0,3.14.8,500,58,escrita,82.2514,6078.923885
Windows,Windows-11-10.0.26200-SP0,3.14.8,500,58,leitura,62.117,8049.326271
Windows,Windows-11-10.0.26200-SP0,3.14.8,500,58,liberacao,49.4052,10120.392185
Windows,Windows-11-10.0.26200-SP0,3.14.8,500,59,alocacao,158.6244,3152.100181
Windows,Windows-11-10.0.26200-SP0,3.14.8,500,59,escrita,77.241,6473.246074
Windows,Windows-11-10.0.26200-SP0,3.14.8,500,59,leitura,60.9846,8198.79117
Windows,Windows-11-10.0.26200-SP0,3.14.8,500,59,liberacao,57.2702,8730.543983
Windows,Windows-11-10.0.26200-SP0,3.14.8,500,60,alocacao,154.5344,3235.525553
Windows,Windows-11-10.0.26200-SP0,3.14.8,500,60,escrita,77.6727,6437.268178
Windows,Windows-11-10.0.26200-SP0,3.14.8,500,60,leitura,59.6147,8387.193092
Windows,Windows-11-10.0.26200-SP0,3.14.8,500,60,liberacao,52.5187,9520.418441
Windows,Windows-11-10.0.26200-SP0,3.14.8,500,61,alocacao,161.174,3102.237334
Windows,Windows-11-10.0.26200-SP0,3.14.8,500,61,escrita,78.3,6385.696041
Windows,Windows-11-10.0.26200-SP0,3.14.8,500,61,leitura,59.5282,8399.380462
Windows,Windows-11-10.0.26200-SP0,3.14.8,500,61,liberacao,57.0842,8758.991104
Windows,Windows-11-10.0.26200-SP0,3.14.8,500,62,alocacao,144.2572,3466.031505
Windows,Windows-11-10.0.26200-SP0,3.14.8,500,62,escrita,81.3993,6142.558965
Windows,Windows-11-10.0.26200-SP0,3.14.8,500,62,leitura,63.388,7887.928315
Windows,Windows-11-10.0.26200-SP0,3.14.8,500,62,liberacao,50.1209,9975.878326
Windows,Windows-11-10.0.26200-SP0,3.14.8,500,63,alocacao,157.0637,3183.421758
Windows,Windows-11-10.0.26200-SP0,3.14.8,500,63,escrita,74.1696,6741.306411
Windows,Windows-11-10.0.26200-SP0,3.14.8,500,63,leitura,58.0631,8611.321132
Windows,Windows-11-10.0.26200-SP0,3.14.8,500,63,liberacao,53.8739,9280.931954
Windows,Windows-11-10.0.26200-SP0,3.14.8,500,64,alocacao,161.4759,3096.437301
Windows,Windows-11-10.0.26200-SP0,3.14.8,500,64,escrita,77.9915,6410.95504
Windows,Windows-11-10.0.26200-SP0,3.14.8,500,64,leitura,59.4409,8411.716512
Windows,Windows-11-10.0.26200-SP0,3.14.8,500,64,liberacao,55.2296,9053.116445
Windows,Windows-11-10.0.26200-SP0,3.14.8,500,65,alocacao,150.4278,3323.853703
Windows,Windows-11-10.0.26200-SP0,3.14.8,500,65,escrita,81.9889,6098.386489
Windows,Windows-11-10.0.26200-SP0,3.14.8,500,65,leitura,64.5025,7751.637533
Windows,Windows-11-10.0.26200-SP0,3.14.8,500,65,liberacao,50.78,9846.396219
Windows,Windows-11-10.0.26200-SP0,3.14.8,500,66,alocacao,189.7108,2635.590594
Windows,Windows-11-10.0.26200-SP0,3.14.8,500,66,escrita,85.7065,5833.863243
Windows,Windows-11-10.0.26200-SP0,3.14.8,500,66,leitura,56.2975,8881.389049
Windows,Windows-11-10.0.26200-SP0,3.14.8,500,66,liberacao,53.233,9392.66996
Windows,Windows-11-10.0.26200-SP0,3.14.8,500,67,alocacao,193.5872,2582.815393
Windows,Windows-11-10.0.26200-SP0,3.14.8,500,67,escrita,83.5277,5986.038165
Windows,Windows-11-10.0.26200-SP0,3.14.8,500,67,leitura,59.649,8382.370199
Windows,Windows-11-10.0.26200-SP0,3.14.8,500,67,liberacao,48.3282,10345.926395
Windows,Windows-11-10.0.26200-SP0,3.14.8,500,68,alocacao,184.6593,2707.689242
Windows,Windows-11-10.0.26200-SP0,3.14.8,500,68,escrita,89.2578,5601.751332
Windows,Windows-11-10.0.26200-SP0,3.14.8,500,68,leitura,64.7551,7721.39955
Windows,Windows-11-10.0.26200-SP0,3.14.8,500,68,liberacao,57.4008,8710.679991
Windows,Windows-11-10.0.26200-SP0,3.14.8,500,69,alocacao,148.7915,3360.407012
Windows,Windows-11-10.0.26200-SP0,3.14.8,500,69,escrita,81.4753,6136.829199
Windows,Windows-11-10.0.26200-SP0,3.14.8,500,69,leitura,64.3216,7773.438472
Windows,Windows-11-10.0.26200-SP0,3.14.8,500,69,liberacao,51.2286,9760.173028
Windows,Windows-11-10.0.26200-SP0,3.14.8,500,70,alocacao,176.9613,2825.476531
Windows,Windows-11-10.0.26200-SP0,3.14.8,500,70,escrita,81.4593,6138.034577
Windows,Windows-11-10.0.26200-SP0,3.14.8,500,70,leitura,58.1687,8595.688059
Windows,Windows-11-10.0.26200-SP0,3.14.8,500,70,liberacao,50.3672,9927.095411
Windows,Windows-11-10.0.26200-SP0,3.14.8,500,71,alocacao,163.9757,3049.232295
Windows,Windows-11-10.0.26200-SP0,3.14.8,500,71,escrita,85.1527,5871.804417
Windows,Windows-11-10.0.26200-SP0,3.14.8,500,71,leitura,64.4157,7762.082846
Windows,Windows-11-10.0.26200-SP0,3.14.8,500,71,liberacao,50.47,9906.875372
Windows,Windows-11-10.0.26200-SP0,3.14.8,500,72,alocacao,173.2367,2886.224455
Windows,Windows-11-10.0.26200-SP0,3.14.8,500,72,escrita,77.4338,6457.128541
Windows,Windows-11-10.0.26200-SP0,3.14.8,500,72,leitura,60.0879,8321.142859
Windows,Windows-11-10.0.26200-SP0,3.14.8,500,72,liberacao,47.9964,10417.447975
Windows,Windows-11-10.0.26200-SP0,3.14.8,500,73,alocacao,171.3916,2917.29583
Windows,Windows-11-10.0.26200-SP0,3.14.8,500,73,escrita,78.8896,6337.971038
Windows,Windows-11-10.0.26200-SP0,3.14.8,500,73,leitura,60.8263,8220.128464
Windows,Windows-11-10.0.26200-SP0,3.14.8,500,73,liberacao,50.1879,9962.560697
Windows,Windows-11-10.0.26200-SP0,3.14.8,500,74,alocacao,158.6016,3152.553316
Windows,Windows-11-10.0.26200-SP0,3.14.8,500,74,escrita,76.2919,6553.775696
Windows,Windows-11-10.0.26200-SP0,3.14.8,500,74,leitura,66.2468,7547.534371
Windows,Windows-11-10.0.26200-SP0,3.14.8,500,74,liberacao,50.4685,9907.169819
Windows,Windows-11-10.0.26200-SP0,3.14.8,500,75,alocacao,176.2329,2837.154697
Windows,Windows-11-10.0.26200-SP0,3.14.8,500,75,escrita,79.3892,6298.085886
Windows,Windows-11-10.0.26200-SP0,3.14.8,500,75,leitura,58.8434,8497.12967
Windows,Windows-11-10.0.26200-SP0,3.14.8,500,75,liberacao,53.2887,9382.852274
Windows,Windows-11-10.0.26200-SP0,3.14.8,500,76,alocacao,150.9468,3312.425305
Windows,Windows-11-10.0.26200-SP0,3.14.8,500,76,escrita,77.0472,6489.528497
Windows,Windows-11-10.0.26200-SP0,3.14.8,500,76,leitura,60.4434,8272.201762
Windows,Windows-11-10.0.26200-SP0,3.14.8,500,76,liberacao,52.5251,9519.258412
Windows,Windows-11-10.0.26200-SP0,3.14.8,500,77,alocacao,162.2318,3082.009816
Windows,Windows-11-10.0.26200-SP0,3.14.8,500,77,escrita,78.2996,6385.728663
Windows,Windows-11-10.0.26200-SP0,3.14.8,500,77,leitura,63.1315,7919.976557
Windows,Windows-11-10.0.26200-SP0,3.14.8,500,77,liberacao,59.9705,8337.432571
Windows,Windows-11-10.0.26200-SP0,3.14.8,500,78,alocacao,149.4205,3346.261055
Windows,Windows-11-10.0.26200-SP0,3.14.8,500,78,escrita,74.2791,6731.368581
Windows,Windows-11-10.0.26200-SP0,3.14.8,500,78,leitura,57.8636,8641.010929
Windows,Windows-11-10.0.26200-SP0,3.14.8,500,78,liberacao,49.3145,10139.005769
Windows,Windows-11-10.0.26200-SP0,3.14.8,500,79,alocacao,164.5221,3039.105385
Windows,Windows-11-10.0.26200-SP0,3.14.8,500,79,escrita,77.3985,6460.073516
Windows,Windows-11-10.0.26200-SP0,3.14.8,500,79,leitura,60.8372,8218.655691
Windows,Windows-11-10.0.26200-SP0,3.14.8,500,79,liberacao,47.8577,10447.639565
Windows,Windows-11-10.0.26200-SP0,3.14.8,500,80,alocacao,166.0831,3010.541109
Windows,Windows-11-10.0.26200-SP0,3.14.8,500,80,escrita,79.0747,6323.13496
Windows,Windows-11-10.0.26200-SP0,3.14.8,500,80,leitura,63.9302,7821.029811
Windows,Windows-11-10.0.26200-SP0,3.14.8,500,80,liberacao,59.0625,8465.608466
Windows,Windows-11-10.0.26200-SP0,3.14.8,500,81,alocacao,150.467,3322.987765
Windows,Windows-11-10.0.26200-SP0,3.14.8,500,81,escrita,77.6186,6441.75494
Windows,Windows-11-10.0.26200-SP0,3.14.8,500,81,leitura,60.885,8212.203334
Windows,Windows-11-10.0.26200-SP0,3.14.8,500,81,liberacao,49.2228,10157.894309
Windows,Windows-11-10.0.26200-SP0,3.14.8,500,82,alocacao,167.7971,2979.789281
Windows,Windows-11-10.0.26200-SP0,3.14.8,500,82,escrita,85.321,5860.221985
Windows,Windows-11-10.0.26200-SP0,3.14.8,500,82,leitura,62.4172,8010.612459
Windows,Windows-11-10.0.26200-SP0,3.14.8,500,82,liberacao,54.271,9213.02353
Windows,Windows-11-10.0.26200-SP0,3.14.8,500,83,alocacao,145.0994,3445.913629
Windows,Windows-11-10.0.26200-SP0,3.14.8,500,83,escrita,80.8065,6187.621045
Windows,Windows-11-10.0.26200-SP0,3.14.8,500,83,leitura,62.7382,7969.626161
Windows,Windows-11-10.0.26200-SP0,3.14.8,500,83,liberacao,56.2672,8886.171695
Windows,Windows-11-10.0.26200-SP0,3.14.8,500,84,alocacao,152.9072,3269.957203
Windows,Windows-11-10.0.26200-SP0,3.14.8,500,84,escrita,78.4365,6374.583262
Windows,Windows-11-10.0.26200-SP0,3.14.8,500,84,leitura,59.8451,8354.902908
Windows,Windows-11-10.0.26200-SP0,3.14.8,500,84,liberacao,51.2891,9748.660047
Windows,Windows-11-10.0.26200-SP0,3.14.8,500,85,alocacao,168.4367,2968.47421
Windows,Windows-11-10.0.26200-SP0,3.14.8,500,85,escrita,105.1868,4753.448151
Windows,Windows-11-10.0.26200-SP0,3.14.8,500,85,leitura,65.4749,7636.514145
Windows,Windows-11-10.0.26200-SP0,3.14.8,500,85,liberacao,52.3817,9545.318308
Windows,Windows-11-10.0.26200-SP0,3.14.8,500,86,alocacao,174.474,2865.756502
Windows,Windows-11-10.0.26200-SP0,3.14.8,500,86,escrita,77.2384,6473.463976
Windows,Windows-11-10.0.26200-SP0,3.14.8,500,86,leitura,60.5936,8251.696549
Windows,Windows-11-10.0.26200-SP0,3.14.8,500,86,liberacao,56.6608,8824.443001
Windows,Windows-11-10.0.26200-SP0,3.14.8,500,87,alocacao,162.8201,3070.873928
Windows,Windows-11-10.0.26200-SP0,3.14.8,500,87,escrita,76.1969,6561.946746
Windows,Windows-11-10.0.26200-SP0,3.14.8,500,87,leitura,63.3045,7898.332662
Windows,Windows-11-10.0.26200-SP0,3.14.8,500,87,liberacao,50.6503,9871.609842
Windows,Windows-11-10.0.26200-SP0,3.14.8,500,88,alocacao,200.3387,2495.773408
Windows,Windows-11-10.0.26200-SP0,3.14.8,500,88,escrita,81.2205,6156.081285
Windows,Windows-11-10.0.26200-SP0,3.14.8,500,88,leitura,61.553,8123.080922
Windows,Windows-11-10.0.26200-SP0,3.14.8,500,88,liberacao,57.6556,8672.184489
Windows,Windows-11-10.0.26200-SP0,3.14.8,500,89,alocacao,159.0472,3143.720858
Windows,Windows-11-10.0.26200-SP0,3.14.8,500,89,escrita,77.9236,6416.54133
Windows,Windows-11-10.0.26200-SP0,3.14.8,500,89,leitura,69.409,7203.676757
Windows,Windows-11-10.0.26200-SP0,3.14.8,500,89,liberacao,56.5299,8844.876782
Windows,Windows-11-10.0.26200-SP0,3.14.8,500,90,alocacao,156.8547,3187.663487
Windows,Windows-11-10.0.26200-SP0,3.14.8,500,90,escrita,77.3285,6465.921361
Windows,Windows-11-10.0.26200-SP0,3.14.8,500,90,leitura,63.4896,7875.305562
Windows,Windows-11-10.0.26200-SP0,3.14.8,500,90,liberacao,50.641,9873.422721
Windows,Windows-11-10.0.26200-SP0,3.14.8,500,91,alocacao,161.825,3089.757454
Windows,Windows-11-10.0.26200-SP0,3.14.8,500,91,escrita,78.6142,6360.174116
Windows,Windows-11-10.0.26200-SP0,3.14.8,500,91,leitura,66.8251,7482.218508
Windows,Windows-11-10.0.26200-SP0,3.14.8,500,91,liberacao,59.6387,8383.81789
Windows,Windows-11-10.0.26200-SP0,3.14.8,500,92,alocacao,146.5263,3412.35669
Windows,Windows-11-10.0.26200-SP0,3.14.8,500,92,escrita,73.4885,6803.785626
Windows,Windows-11-10.0.26200-SP0,3.14.8,500,92,leitura,59.0935,8461.167472
Windows,Windows-11-10.0.26200-SP0,3.14.8,500,92,liberacao,56.4136,8863.111023
Windows,Windows-11-10.0.26200-SP0,3.14.8,500,93,alocacao,160.227,3120.572687
Windows,Windows-11-10.0.26200-SP0,3.14.8,500,93,escrita,76.8859,6503.142969
Windows,Windows-11-10.0.26200-SP0,3.14.8,500,93,leitura,60.8527,8216.562289
Windows,Windows-11-10.0.26200-SP0,3.14.8,500,93,liberacao,48.7764,10250.859022
Windows,Windows-11-10.0.26200-SP0,3.14.8,500,94,alocacao,171.686,2912.293373
Windows,Windows-11-10.0.26200-SP0,3.14.8,500,94,escrita,89.8246,5566.403858
Windows,Windows-11-10.0.26200-SP0,3.14.8,500,94,leitura,61.7555,8096.444851
Windows,Windows-11-10.0.26200-SP0,3.14.8,500,94,liberacao,60.4722,8268.262111
Windows,Windows-11-10.0.26200-SP0,3.14.8,500,95,alocacao,151.6361,3297.367843
Windows,Windows-11-10.0.26200-SP0,3.14.8,500,95,escrita,77.1357,6482.082875
Windows,Windows-11-10.0.26200-SP0,3.14.8,500,95,leitura,59.3088,8430.452142
Windows,Windows-11-10.0.26200-SP0,3.14.8,500,95,liberacao,57.3346,8720.737565
Windows,Windows-11-10.0.26200-SP0,3.14.8,500,96,alocacao,155.3664,3218.199044
Windows,Windows-11-10.0.26200-SP0,3.14.8,500,96,escrita,83.5956,5981.176043
Windows,Windows-11-10.0.26200-SP0,3.14.8,500,96,leitura,61.8599,8082.780606
Windows,Windows-11-10.0.26200-SP0,3.14.8,500,96,liberacao,55.1203,9071.068191
Windows,Windows-11-10.0.26200-SP0,3.14.8,500,97,alocacao,162.2188,3082.256804
Windows,Windows-11-10.0.26200-SP0,3.14.8,500,97,escrita,82.8726,6033.357225
Windows,Windows-11-10.0.26200-SP0,3.14.8,500,97,leitura,63.1465,7918.095223
Windows,Windows-11-10.0.26200-SP0,3.14.8,500,97,liberacao,51.1454,9776.050241
Windows,Windows-11-10.0.26200-SP0,3.14.8,500,98,alocacao,165.3462,3023.958216
Windows,Windows-11-10.0.26200-SP0,3.14.8,500,98,escrita,76.8879,6502.97381
Windows,Windows-11-10.0.26200-SP0,3.14.8,500,98,leitura,61.562,8121.893376
Windows,Windows-11-10.0.26200-SP0,3.14.8,500,98,liberacao,52.1083,9595.400349
Windows,Windows-11-10.0.26200-SP0,3.14.8,500,99,alocacao,201.3718,2482.969313
Windows,Windows-11-10.0.26200-SP0,3.14.8,500,99,escrita,79.1222,6319.338947
Windows,Windows-11-10.0.26200-SP0,3.14.8,500,99,leitura,64.1386,7795.617616
Windows,Windows-11-10.0.26200-SP0,3.14.8,500,99,liberacao,55.0635,9080.425327
Windows,Windows-11-10.0.26200-SP0,3.14.8,500,100,alocacao,162.6478,3074.12704
Windows,Windows-11-10.0.26200-SP0,3.14.8,500,100,escrita,81.7629,6115.242977
Windows,Windows-11-10.0.26200-SP0,3.14.8,500,100,leitura,64.0794,7802.819627
Windows,Windows-11-10.0.26200-SP0,3.14.8,500,100,liberacao,52.1889,9580.581311
Windows,Windows-11-10.0.26200-SP0,3.14.8,600,1,alocacao,203.3165,2951.063982
Windows,Windows-11-10.0.26200-SP0,3.14.8,600,1,escrita,93.9319,6387.60634
Windows,Windows-11-10.0.26200-SP0,3.14.8,600,1,leitura,78.664,7627.377199
Windows,Windows-11-10.0.26200-SP0,3.14.8,600,1,liberacao,66.2875,9051.480294
Windows,Windows-11-10.0.26200-SP0,3.14.8,600,2,alocacao,216.7153,2768.609323
Windows,Windows-11-10.0.26200-SP0,3.14.8,600,2,escrita,92.6741,6474.300802
Windows,Windows-11-10.0.26200-SP0,3.14.8,600,2,leitura,74.176,8088.869715
Windows,Windows-11-10.0.26200-SP0,3.14.8,600,2,liberacao,63.9207,9386.630622
Windows,Windows-11-10.0.26200-SP0,3.14.8,600,3,alocacao,206.1997,2909.800548
Windows,Windows-11-10.0.26200-SP0,3.14.8,600,3,escrita,93.1415,6441.811652
Windows,Windows-11-10.0.26200-SP0,3.14.8,600,3,leitura,75.6203,7934.377409
Windows,Windows-11-10.0.26200-SP0,3.14.8,600,3,liberacao,65.2496,9195.458669
Windows,Windows-11-10.0.26200-SP0,3.14.8,600,4,alocacao,187.6406,3197.602225
Windows,Windows-11-10.0.26200-SP0,3.14.8,600,4,escrita,99.4049,6035.919758
Windows,Windows-11-10.0.26200-SP0,3.14.8,600,4,leitura,81.0387,7403.870003
Windows,Windows-11-10.0.26200-SP0,3.14.8,600,4,liberacao,73.2025,8196.441378
Windows,Windows-11-10.0.26200-SP0,3.14.8,600,5,alocacao,207.5639,2890.676076
Windows,Windows-11-10.0.26200-SP0,3.14.8,600,5,escrita,100.3181,5980.97452
Windows,Windows-11-10.0.26200-SP0,3.14.8,600,5,leitura,78.0349,7688.867417
Windows,Windows-11-10.0.26200-SP0,3.14.8,600,5,liberacao,69.8443,8590.536379
Windows,Windows-11-10.0.26200-SP0,3.14.8,600,6,alocacao,186.7555,3212.756786
Windows,Windows-11-10.0.26200-SP0,3.14.8,600,6,escrita,94.1001,6376.188761
Windows,Windows-11-10.0.26200-SP0,3.14.8,600,6,leitura,81.6932,7344.552545
Windows,Windows-11-10.0.26200-SP0,3.14.8,600,6,liberacao,70.1216,8556.564596
Windows,Windows-11-10.0.26200-SP0,3.14.8,600,7,alocacao,183.6779,3266.587869
Windows,Windows-11-10.0.26200-SP0,3.14.8,600,7,escrita,93.2297,6435.717373
Windows,Windows-11-10.0.26200-SP0,3.14.8,600,7,leitura,79.5336,7543.981412
Windows,Windows-11-10.0.26200-SP0,3.14.8,600,7,liberacao,70.9519,8456.433161
Windows,Windows-11-10.0.26200-SP0,3.14.8,600,8,alocacao,209.1163,2869.216795
Windows,Windows-11-10.0.26200-SP0,3.14.8,600,8,escrita,93.1646,6440.214416
Windows,Windows-11-10.0.26200-SP0,3.14.8,600,8,leitura,80.9123,7415.436219
Windows,Windows-11-10.0.26200-SP0,3.14.8,600,8,liberacao,65.5217,9157.27156
Windows,Windows-11-10.0.26200-SP0,3.14.8,600,9,alocacao,212.8233,2819.240187
Windows,Windows-11-10.0.26200-SP0,3.14.8,600,9,escrita,92.9049,6458.216951
Windows,Windows-11-10.0.26200-SP0,3.14.8,600,9,leitura,77.7721,7714.848898
Windows,Windows-11-10.0.26200-SP0,3.14.8,600,9,liberacao,71.5998,8379.911676
Windows,Windows-11-10.0.26200-SP0,3.14.8,600,10,alocacao,214.1255,2802.095033
Windows,Windows-11-10.0.26200-SP0,3.14.8,600,10,escrita,98.3035,6103.546669
Windows,Windows-11-10.0.26200-SP0,3.14.8,600,10,leitura,78.0944,7683.009281
Windows,Windows-11-10.0.26200-SP0,3.14.8,600,10,liberacao,63.4307,9459.142024
Windows,Windows-11-10.0.26200-SP0,3.14.8,600,11,alocacao,196.0687,3060.151875
Windows,Windows-11-10.0.26200-SP0,3.14.8,600,11,escrita,98.1498,6113.104662
Windows,Windows-11-10.0.26200-SP0,3.14.8,600,11,leitura,81.052,7402.655086
Windows,Windows-11-10.0.26200-SP0,3.14.8,600,11,liberacao,62.0473,9670.042049
Windows,Windows-11-10.0.26200-SP0,3.14.8,600,12,alocacao,188.5083,3182.883724
Windows,Windows-11-10.0.26200-SP0,3.14.8,600,12,escrita,93.9571,6385.893136
Windows,Windows-11-10.0.26200-SP0,3.14.8,600,12,leitura,75.6243,7933.957736
Windows,Windows-11-10.0.26200-SP0,3.14.8,600,12,liberacao,70.0688,8563.012354
Windows,Windows-11-10.0.26200-SP0,3.14.8,600,13,alocacao,189.3019,3169.540295
Windows,Windows-11-10.0.26200-SP0,3.14.8,600,13,escrita,98.9053,6066.408979
Windows,Windows-11-10.0.26200-SP0,3.14.8,600,13,leitura,77.0385,7788.313635
Windows,Windows-11-10.0.26200-SP0,3.14.8,600,13,liberacao,60.9467,9844.667554
Windows,Windows-11-10.0.26200-SP0,3.14.8,600,14,alocacao,195.1056,3075.257707
Windows,Windows-11-10.0.26200-SP0,3.14.8,600,14,escrita,92.2995,6500.576926
Windows,Windows-11-10.0.26200-SP0,3.14.8,600,14,leitura,74.3302,8072.089137
Windows,Windows-11-10.0.26200-SP0,3.14.8,600,14,liberacao,69.3775,8648.336997
Windows,Windows-11-10.0.26200-SP0,3.14.8,600,15,alocacao,174.6404,3435.63116
Windows,Windows-11-10.0.26200-SP0,3.14.8,600,15,escrita,107.8571,5562.916118
Windows,Windows-11-10.0.26200-SP0,3.14.8,600,15,leitura,77.7122,7720.795448
Windows,Windows-11-10.0.26200-SP0,3.14.8,600,15,liberacao,76.7149,7821.166423
Windows,Windows-11-10.0.26200-SP0,3.14.8,600,16,alocacao,201.7431,2974.079411
Windows,Windows-11-10.0.26200-SP0,3.14.8,600,16,escrita,100.0799,5995.209827
Windows,Windows-11-10.0.26200-SP0,3.14.8,600,16,leitura,85.5153,7016.288313
Windows,Windows-11-10.0.26200-SP0,3.14.8,600,16,liberacao,68.971,8699.308405
Windows,Windows-11-10.0.26200-SP0,3.14.8,600,17,alocacao,187.9226,3192.803846
Windows,Windows-11-10.0.26200-SP0,3.14.8,600,17,escrita,90.9864,6594.392129
Windows,Windows-11-10.0.26200-SP0,3.14.8,600,17,leitura,77.0975,7782.353513
Windows,Windows-11-10.0.26200-SP0,3.14.8,600,17,liberacao,72.3239,8296.012798
Windows,Windows-11-10.0.26200-SP0,3.14.8,600,18,alocacao,228.4031,2626.934573
Windows,Windows-11-10.0.26200-SP0,3.14.8,600,18,escrita,109.147,5497.173537
Windows,Windows-11-10.0.26200-SP0,3.14.8,600,18,leitura,80.1117,7489.542726
Windows,Windows-11-10.0.26200-SP0,3.14.8,600,18,liberacao,64.6148,9285.7983
Windows,Windows-11-10.0.26200-SP0,3.14.8,600,19,alocacao,202.8599,2957.706279
Windows,Windows-11-10.0.26200-SP0,3.14.8,600,19,escrita,93.9992,6383.033047
Windows,Windows-11-10.0.26200-SP0,3.14.8,600,19,leitura,72.3262,8295.748982
Windows,Windows-11-10.0.26200-SP0,3.14.8,600,19,liberacao,70.8833,8464.617195
Windows,Windows-11-10.0.26200-SP0,3.14.8,600,20,alocacao,200.1085,2998.373382
Windows,Windows-11-10.0.26200-SP0,3.14.8,600,20,escrita,118.0854,5081.068447
Windows,Windows-11-10.0.26200-SP0,3.14.8,600,20,leitura,92.9303,6456.451771
Windows,Windows-11-10.0.26200-SP0,3.14.8,600,20,liberacao,65.4586,9166.098878
Windows,Windows-11-10.0.26200-SP0,3.14.8,600,21,alocacao,247.695,2422.333919
Windows,Windows-11-10.0.26200-SP0,3.14.8,600,21,escrita,101.0157,5939.670764
Windows,Windows-11-10.0.26200-SP0,3.14.8,600,21,leitura,83.7256,7166.266948
Windows,Windows-11-10.0.26200-SP0,3.14.8,600,21,liberacao,67.0001,8955.210515
Windows,Windows-11-10.0.26200-SP0,3.14.8,600,22,alocacao,184.5876,3250.489199
Windows,Windows-11-10.0.26200-SP0,3.14.8,600,22,escrita,105.4164,5691.714003
Windows,Windows-11-10.0.26200-SP0,3.14.8,600,22,leitura,90.9164,6599.469403
Windows,Windows-11-10.0.26200-SP0,3.14.8,600,22,liberacao,69.8936,8584.476976
Windows,Windows-11-10.0.26200-SP0,3.14.8,600,23,alocacao,207.6804,2889.054528
Windows,Windows-11-10.0.26200-SP0,3.14.8,600,23,escrita,111.1509,5398.066952
Windows,Windows-11-10.0.26200-SP0,3.14.8,600,23,leitura,86.3222,6950.703295
Windows,Windows-11-10.0.26200-SP0,3.14.8,600,23,liberacao,74.4395,8060.236837
Windows,Windows-11-10.0.26200-SP0,3.14.8,600,24,alocacao,238.1248,2519.687156
Windows,Windows-11-10.0.26200-SP0,3.14.8,600,24,escrita,115.83,5180.00518
Windows,Windows-11-10.0.26200-SP0,3.14.8,600,24,leitura,92.1867,6508.531057
Windows,Windows-11-10.0.26200-SP0,3.14.8,600,24,liberacao,70.3317,8531.003801
Windows,Windows-11-10.0.26200-SP0,3.14.8,600,25,alocacao,227.5808,2636.426271
Windows,Windows-11-10.0.26200-SP0,3.14.8,600,25,escrita,106.7979,5618.087996
Windows,Windows-11-10.0.26200-SP0,3.14.8,600,25,leitura,80.2057,7480.765083
Windows,Windows-11-10.0.26200-SP0,3.14.8,600,25,liberacao,69.8421,8590.806977
Windows,Windows-11-10.0.26200-SP0,3.14.8,600,26,alocacao,239.5645,2504.544705
Windows,Windows-11-10.0.26200-SP0,3.14.8,600,26,escrita,94.2669,6364.906452
Windows,Windows-11-10.0.26200-SP0,3.14.8,600,26,leitura,94.6562,6338.729
Windows,Windows-11-10.0.26200-SP0,3.14.8,600,26,liberacao,71.517,8389.613658
Windows,Windows-11-10.0.26200-SP0,3.14.8,600,27,alocacao,229.0166,2619.897422
Windows,Windows-11-10.0.26200-SP0,3.14.8,600,27,escrita,94.1797,6370.799652
Windows,Windows-11-10.0.26200-SP0,3.14.8,600,27,leitura,79.6357,7534.309361
Windows,Windows-11-10.0.26200-SP0,3.14.8,600,27,liberacao,64.326,9327.488107
Windows,Windows-11-10.0.26200-SP0,3.14.8,600,28,alocacao,208.3846,2879.291464
Windows,Windows-11-10.0.26200-SP0,3.14.8,600,28,escrita,96.835,6196.10678
Windows,Windows-11-10.0.26200-SP0,3.14.8,600,28,leitura,84.3293,7114.964787
Windows,Windows-11-10.0.26200-SP0,3.14.8,600,28,liberacao,71.458,8396.540625
Windows,Windows-11-10.0.26200-SP0,3.14.8,600,29,alocacao,184.4166,3253.50321
Windows,Windows-11-10.0.26200-SP0,3.14.8,600,29,escrita,97.8999,6128.709018
Windows,Windows-11-10.0.26200-SP0,3.14.8,600,29,leitura,84.4797,7102.297949
Windows,Windows-11-10.0.26200-SP0,3.14.8,600,29,liberacao,72.824,8239.042074
Windows,Windows-11-10.0.26200-SP0,3.14.8,600,30,alocacao,185.0851,3241.752037
Windows,Windows-11-10.0.26200-SP0,3.14.8,600,30,escrita,89.4713,6706.06105
Windows,Windows-11-10.0.26200-SP0,3.14.8,600,30,leitura,76.097,7884.673509
Windows,Windows-11-10.0.26200-SP0,3.14.8,600,30,liberacao,74.3272,8072.414944
Windows,Windows-11-10.0.26200-SP0,3.14.8,600,31,alocacao,178.4138,3362.96856
Windows,Windows-11-10.0.26200-SP0,3.14.8,600,31,escrita,92.5612,6482.197724
Windows,Windows-11-10.0.26200-SP0,3.14.8,600,31,leitura,77.5115,7740.786851
Windows,Windows-11-10.0.26200-SP0,3.14.8,600,31,liberacao,62.7719,9558.417062
Windows,Windows-11-10.0.26200-SP0,3.14.8,600,32,alocacao,197.7906,3033.511198
Windows,Windows-11-10.0.26200-SP0,3.14.8,600,32,escrita,89.4913,6704.562343
Windows,Windows-11-10.0.26200-SP0,3.14.8,600,32,leitura,73.977,8110.628979
Windows,Windows-11-10.0.26200-SP0,3.14.8,600,32,liberacao,67.1172,8939.586276
Windows,Windows-11-10.0.26200-SP0,3.14.8,600,33,alocacao,187.2341,3204.544471
Windows,Windows-11-10.0.26200-SP0,3.14.8,600,33,escrita,96.4562,6220.439951
Windows,Windows-11-10.0.26200-SP0,3.14.8,600,33,leitura,78.6583,7627.92992
Windows,Windows-11-10.0.26200-SP0,3.14.8,600,33,liberacao,72.3166,8296.850239
Windows,Windows-11-10.0.26200-SP0,3.14.8,600,34,alocacao,180.0195,3332.972261
Windows,Windows-11-10.0.26200-SP0,3.14.8,600,34,escrita,96.0156,6248.98454
Windows,Windows-11-10.0.26200-SP0,3.14.8,600,34,leitura,80.0545,7494.894103
Windows,Windows-11-10.0.26200-SP0,3.14.8,600,34,liberacao,59.9151,10014.170051
Windows,Windows-11-10.0.26200-SP0,3.14.8,600,35,alocacao,235.8936,2543.519621
Windows,Windows-11-10.0.26200-SP0,3.14.8,600,35,escrita,110.7655,5416.849109
Windows,Windows-11-10.0.26200-SP0,3.14.8,600,35,leitura,78.2486,7667.868818
Windows,Windows-11-10.0.26200-SP0,3.14.8,600,35,liberacao,72.1561,8315.30529
Windows,Windows-11-10.0.26200-SP0,3.14.8,600,36,alocacao,195.3186,3071.904058
Windows,Windows-11-10.0.26200-SP0,3.14.8,600,36,escrita,93.2215,6436.283475
Windows,Windows-11-10.0.26200-SP0,3.14.8,600,36,leitura,77.9581,7696.442063
Windows,Windows-11-10.0.26200-SP0,3.14.8,600,36,liberacao,69.4967,8633.503461
Windows,Windows-11-10.0.26200-SP0,3.14.8,600,37,alocacao,185.9224,3227.152834
Windows,Windows-11-10.0.26200-SP0,3.14.8,600,37,escrita,97.2673,6168.568471
Windows,Windows-11-10.0.26200-SP0,3.14.8,600,37,leitura,76.6278,7830.056455
Windows,Windows-11-10.0.26200-SP0,3.14.8,600,37,liberacao,60.7968,9868.940471
Windows,Windows-11-10.0.26200-SP0,3.14.8,600,38,alocacao,193.3255,3103.574024
Windows,Windows-11-10.0.26200-SP0,3.14.8,600,38,escrita,96.2594,6233.157489
Windows,Windows-11-10.0.26200-SP0,3.14.8,600,38,leitura,81.8588,7329.694547
Windows,Windows-11-10.0.26200-SP0,3.14.8,600,38,liberacao,64.55,9295.120062
Windows,Windows-11-10.0.26200-SP0,3.14.8,600,39,alocacao,217.6184,2757.119802
Windows,Windows-11-10.0.26200-SP0,3.14.8,600,39,escrita,100.2351,5985.927085
Windows,Windows-11-10.0.26200-SP0,3.14.8,600,39,leitura,80.5263,7450.981853
Windows,Windows-11-10.0.26200-SP0,3.14.8,600,39,liberacao,69.8004,8595.939278
Windows,Windows-11-10.0.26200-SP0,3.14.8,600,40,alocacao,178.321,3364.718681
Windows,Windows-11-10.0.26200-SP0,3.14.8,600,40,escrita,94.008,6382.435537
Windows,Windows-11-10.0.26200-SP0,3.14.8,600,40,leitura,83.1742,7213.775426
Windows,Windows-11-10.0.26200-SP0,3.14.8,600,40,liberacao,77.2884,7763.131337
Windows,Windows-11-10.0.26200-SP0,3.14.8,600,41,alocacao,184.4505,3252.905251
Windows,Windows-11-10.0.26200-SP0,3.14.8,600,41,escrita,88.8981,6749.300604
Windows,Windows-11-10.0.26200-SP0,3.14.8,600,41,leitura,80.8814,7418.269219
Windows,Windows-11-10.0.26200-SP0,3.14.8,600,41,liberacao,70.0298,8567.781145
Windows,Windows-11-10.0.26200-SP0,3.14.8,600,42,alocacao,195.1173,3075.073302
Windows,Windows-11-10.0.26200-SP0,3.14.8,600,42,escrita,90.3999,6637.175484
Windows,Windows-11-10.0.26200-SP0,3.14.8,600,42,leitura,74.5685,8046.293006
Windows,Windows-11-10.0.26200-SP0,3.14.8,600,42,liberacao,60.5261,9913.078821
Windows,Windows-11-10.0.26200-SP0,3.14.8,600,43,alocacao,196.014,3061.005847
Windows,Windows-11-10.0.26200-SP0,3.14.8,600,43,escrita,98.4817,6092.502465
Windows,Windows-11-10.0.26200-SP0,3.14.8,600,43,leitura,77.892,7702.973348
Windows,Windows-11-10.0.26200-SP0,3.14.8,600,43,liberacao,68.6298,8742.557898
Windows,Windows-11-10.0.26200-SP0,3.14.8,600,44,alocacao,174.3484,3441.38518
Windows,Windows-11-10.0.26200-SP0,3.14.8,600,44,escrita,97.8881,6129.447808
Windows,Windows-11-10.0.26200-SP0,3.14.8,600,44,leitura,80.8258,7423.37224
Windows,Windows-11-10.0.26200-SP0,3.14.8,600,44,liberacao,62.1832,9648.908387
Windows,Windows-11-10.0.26200-SP0,3.14.8,600,45,alocacao,192.3624,3119.112675
Windows,Windows-11-10.0.26200-SP0,3.14.8,600,45,escrita,92.2695,6502.690488
Windows,Windows-11-10.0.26200-SP0,3.14.8,600,45,leitura,76.6186,7830.996651
Windows,Windows-11-10.0.26200-SP0,3.14.8,600,45,liberacao,71.2571,8420.213565
Windows,Windows-11-10.0.26200-SP0,3.14.8,600,46,alocacao,197.2878,3041.242287
Windows,Windows-11-10.0.26200-SP0,3.14.8,600,46,escrita,89.5446,6700.571559
Windows,Windows-11-10.0.26200-SP0,3.14.8,600,46,leitura,73.7432,8136.343419
Windows,Windows-11-10.0.26200-SP0,3.14.8,600,46,liberacao,67.1426,8936.204437
Windows,Windows-11-10.0.26200-SP0,3.14.8,600,47,alocacao,183.4998,3269.758332
Windows,Windows-11-10.0.26200-SP0,3.14.8,600,47,escrita,94.7786,6330.542971
Windows,Windows-11-10.0.26200-SP0,3.14.8,600,47,leitura,74.1648,8090.091256
Windows,Windows-11-10.0.26200-SP0,3.14.8,600,47,liberacao,61.314,9785.693316
Windows,Windows-11-10.0.26200-SP0,3.14.8,600,48,alocacao,181.6972,3302.197282
Windows,Windows-11-10.0.26200-SP0,3.14.8,600,48,escrita,96.2331,6234.860978
Windows,Windows-11-10.0.26200-SP0,3.14.8,600,48,leitura,76.6994,7822.746984
Windows,Windows-11-10.0.26200-SP0,3.14.8,600,48,liberacao,66.1014,9076.963574
Windows,Windows-11-10.0.26200-SP0,3.14.8,600,49,alocacao,200.5504,2991.766658
Windows,Windows-11-10.0.26200-SP0,3.14.8,600,49,escrita,92.1441,6511.540077
Windows,Windows-11-10.0.26200-SP0,3.14.8,600,49,leitura,74.0315,8104.658152
Windows,Windows-11-10.0.26200-SP0,3.14.8,600,49,liberacao,67.507,8887.967174
Windows,Windows-11-10.0.26200-SP0,3.14.8,600,50,alocacao,184.5169,3251.734665
Windows,Windows-11-10.0.26200-SP0,3.14.8,600,50,escrita,96.9116,6191.209308
Windows,Windows-11-10.0.26200-SP0,3.14.8,600,50,leitura,76.2565,7868.181729
Windows,Windows-11-10.0.26200-SP0,3.14.8,600,50,liberacao,62.0476,9669.995294
Windows,Windows-11-10.0.26200-SP0,3.14.8,600,51,alocacao,229.7758,2611.241045
Windows,Windows-11-10.0.26200-SP0,3.14.8,600,51,escrita,93.4349,6421.58337
Windows,Windows-11-10.0.26200-SP0,3.14.8,600,51,leitura,74.2026,8085.970033
Windows,Windows-11-10.0.26200-SP0,3.14.8,600,51,liberacao,68.7594,8726.079634
Windows,Windows-11-10.0.26200-SP0,3.14.8,600,52,alocacao,192.0722,3123.825312
Windows,Windows-11-10.0.26200-SP0,3.14.8,600,52,escrita,94.7587,6331.87243
Windows,Windows-11-10.0.26200-SP0,3.14.8,600,52,leitura,78.4175,7651.353333
Windows,Windows-11-10.0.26200-SP0,3.14.8,600,52,liberacao,63.1956,9494.331884
Windows,Windows-11-10.0.26200-SP0,3.14.8,600,53,alocacao,200.8553,2987.225132
Windows,Windows-11-10.0.26200-SP0,3.14.8,600,53,escrita,98.8741,6068.323251
Windows,Windows-11-10.0.26200-SP0,3.14.8,600,53,leitura,83.0029,7228.663095
Windows,Windows-11-10.0.26200-SP0,3.14.8,600,53,liberacao,62.9409,9532.752153
Windows,Windows-11-10.0.26200-SP0,3.14.8,600,54,alocacao,183.3516,3272.401223
Windows,Windows-11-10.0.26200-SP0,3.14.8,600,54,escrita,90.4576,6632.941842
Windows,Windows-11-10.0.26200-SP0,3.14.8,600,54,leitura,76.95,7797.270955
Windows,Windows-11-10.0.26200-SP0,3.14.8,600,54,liberacao,68.6787,8736.333099
Windows,Windows-11-10.0.26200-SP0,3.14.8,600,55,alocacao,204.7722,2930.085236
Windows,Windows-11-10.0.26200-SP0,3.14.8,600,55,escrita,91.0132,6592.450326
Windows,Windows-11-10.0.26200-SP0,3.14.8,600,55,leitura,74.326,8072.545274
Windows,Windows-11-10.0.26200-SP0,3.14.8,600,55,liberacao,66.9788,8958.058371
Windows,Windows-11-10.0.26200-SP0,3.14.8,600,56,alocacao,189.7039,3162.823748
Windows,Windows-11-10.0.26200-SP0,3.14.8,600,56,escrita,90.8072,6607.40558
Windows,Windows-11-10.0.26200-SP0,3.14.8,600,56,leitura,70.8622,8467.137628
Windows,Windows-11-10.0.26200-SP0,3.14.8,600,56,liberacao,60.6603,9891.147917
Windows,Windows-11-10.0.26200-SP0,3.14.8,600,57,alocacao,195.0436,3076.235262
Windows,Windows-11-10.0.26200-SP0,3.14.8,600,57,escrita,100.0008,5999.952
Windows,Windows-11-10.0.26200-SP0,3.14.8,600,57,leitura,76.9077,7801.559532
Windows,Windows-11-10.0.26200-SP0,3.14.8,600,57,liberacao,69.4988,8633.242588
Windows,Windows-11-10.0.26200-SP0,3.14.8,600,58,alocacao,184.9243,3244.570887
Windows,Windows-11-10.0.26200-SP0,3.14.8,600,58,escrita,95.6012,6276.071848
Windows,Windows-11-10.0.26200-SP0,3.14.8,600,58,leitura,80.0756,7492.919191
Windows,Windows-11-10.0.26200-SP0,3.14.8,600,58,liberacao,74.1733,8089.16416
Windows,Windows-11-10.0.26200-SP0,3.14.8,600,59,alocacao,185.4055,3236.149952
Windows,Windows-11-10.0.26200-SP0,3.14.8,600,59,escrita,92.9457,6455.382013
Windows,Windows-11-10.0.26200-SP0,3.14.8,600,59,leitura,75.116,7987.645775
Windows,Windows-11-10.0.26200-SP0,3.14.8,600,59,liberacao,71.4786,8394.120758
Windows,Windows-11-10.0.26200-SP0,3.14.8,600,60,alocacao,181.2827,3309.747703
Windows,Windows-11-10.0.26200-SP0,3.14.8,600,60,escrita,97.0045,6185.280064
Windows,Windows-11-10.0.26200-SP0,3.14.8,600,60,leitura,77.0303,7789.142714
Windows,Windows-11-10.0.26200-SP0,3.14.8,600,60,liberacao,60.7448,9877.388682
Windows,Windows-11-10.0.26200-SP0,3.14.8,600,61,alocacao,191.5919,3131.656401
Windows,Windows-11-10.0.26200-SP0,3.14.8,600,61,escrita,93.2066,6437.312379
Windows,Windows-11-10.0.26200-SP0,3.14.8,600,61,leitura,75.4952,7947.525141
Windows,Windows-11-10.0.26200-SP0,3.14.8,600,61,liberacao,57.7248,10394.146017
Windows,Windows-11-10.0.26200-SP0,3.14.8,600,62,alocacao,204.5403,2933.407255
Windows,Windows-11-10.0.26200-SP0,3.14.8,600,62,escrita,98.5741,6086.791561
Windows,Windows-11-10.0.26200-SP0,3.14.8,600,62,leitura,78.3537,7657.583496
Windows,Windows-11-10.0.26200-SP0,3.14.8,600,62,liberacao,72.9715,8222.388193
Windows,Windows-11-10.0.26200-SP0,3.14.8,600,63,alocacao,179.8802,3335.553329
Windows,Windows-11-10.0.26200-SP0,3.14.8,600,63,escrita,93.0157,6450.523944
Windows,Windows-11-10.0.26200-SP0,3.14.8,600,63,leitura,79.641,7533.807963
Windows,Windows-11-10.0.26200-SP0,3.14.8,600,63,liberacao,70.6838,8488.507975
Windows,Windows-11-10.0.26200-SP0,3.14.8,600,64,alocacao,187.1303,3206.322012
Windows,Windows-11-10.0.26200-SP0,3.14.8,600,64,escrita,97.8193,6133.75888
Windows,Windows-11-10.0.26200-SP0,3.14.8,600,64,leitura,80.1886,7482.360336
Windows,Windows-11-10.0.26200-SP0,3.14.8,600,64,liberacao,72.5696,8267.924861
Windows,Windows-11-10.0.26200-SP0,3.14.8,600,65,alocacao,196.2611,3057.151927
Windows,Windows-11-10.0.26200-SP0,3.14.8,600,65,escrita,91.6139,6549.224517
Windows,Windows-11-10.0.26200-SP0,3.14.8,600,65,leitura,73.1159,8206.149415
Windows,Windows-11-10.0.26200-SP0,3.14.8,600,65,liberacao,58.5092,10254.797536
Windows,Windows-11-10.0.26200-SP0,3.14.8,600,66,alocacao,208.6799,2875.217019
Windows,Windows-11-10.0.26200-SP0,3.14.8,600,66,escrita,91.9684,6523.979976
Windows,Windows-11-10.0.26200-SP0,3.14.8,600,66,leitura,72.5412,8271.161767
Windows,Windows-11-10.0.26200-SP0,3.14.8,600,66,liberacao,58.9893,10171.336158
Windows,Windows-11-10.0.26200-SP0,3.14.8,600,67,alocacao,203.4033,2949.804649
Windows,Windows-11-10.0.26200-SP0,3.14.8,600,67,escrita,104.5904,5736.664168
Windows,Windows-11-10.0.26200-SP0,3.14.8,600,67,leitura,77.8972,7702.459138
Windows,Windows-11-10.0.26200-SP0,3.14.8,600,67,liberacao,60.4284,9929.106182
Windows,Windows-11-10.0.26200-SP0,3.14.8,600,68,alocacao,203.4158,2949.623382
Windows,Windows-11-10.0.26200-SP0,3.14.8,600,68,escrita,91.5572,6553.280354
Windows,Windows-11-10.0.26200-SP0,3.14.8,600,68,leitura,77.6775,7724.244472
Windows,Windows-11-10.0.26200-SP0,3.14.8,600,68,liberacao,63.5639,9439.320117
Windows,Windows-11-10.0.26200-SP0,3.14.8,600,69,alocacao,209.3967,2865.374669
Windows,Windows-11-10.0.26200-SP0,3.14.8,600,69,escrita,90.9103,6599.912221
Windows,Windows-11-10.0.26200-SP0,3.14.8,600,69,leitura,73.4414,8169.778899
Windows,Windows-11-10.0.26200-SP0,3.14.8,600,69,liberacao,64.9971,9231.181083
Windows,Windows-11-10.0.26200-SP0,3.14.8,600,70,alocacao,183.8292,3263.899315
Windows,Windows-11-10.0.26200-SP0,3.14.8,600,70,escrita,90.948,6597.176408
Windows,Windows-11-10.0.26200-SP0,3.14.8,600,70,leitura,70.2655,8539.041208
Windows,Windows-11-10.0.26200-SP0,3.14.8,600,70,liberacao,63.567,9438.859786
Windows,Windows-11-10.0.26200-SP0,3.14.8,600,71,alocacao,194.4541,3085.561066
Windows,Windows-11-10.0.26200-SP0,3.14.8,600,71,escrita,93.7414,6400.587147
Windows,Windows-11-10.0.26200-SP0,3.14.8,600,71,leitura,73.9304,8115.741292
Windows,Windows-11-10.0.26200-SP0,3.14.8,600,71,liberacao,59.6985,10050.503782
Windows,Windows-11-10.0.26200-SP0,3.14.8,600,72,alocacao,192.8341,3111.482876
Windows,Windows-11-10.0.26200-SP0,3.14.8,600,72,escrita,93.0345,6449.22045
Windows,Windows-11-10.0.26200-SP0,3.14.8,600,72,leitura,76.819,7810.567698
Windows,Windows-11-10.0.26200-SP0,3.14.8,600,72,liberacao,69.2327,8666.42497
Windows,Windows-11-10.0.26200-SP0,3.14.8,600,73,alocacao,176.1069,3407.021531
Windows,Windows-11-10.0.26200-SP0,3.14.8,600,73,escrita,93.3492,6427.478757
Windows,Windows-11-10.0.26200-SP0,3.14.8,600,73,leitura,73.4045,8173.885797
Windows,Windows-11-10.0.26200-SP0,3.14.8,600,73,liberacao,65.019,9228.071794
Windows,Windows-11-10.0.26200-SP0,3.14.8,600,74,alocacao,193.7458,3096.841325
Windows,Windows-11-10.0.26200-SP0,3.14.8,600,74,escrita,95.6966,6269.815229
Windows,Windows-11-10.0.26200-SP0,3.14.8,600,74,leitura,75.9204,7903.01421
Windows,Windows-11-10.0.26200-SP0,3.14.8,600,74,liberacao,60.4912,9918.798106
Windows,Windows-11-10.0.26200-SP0,3.14.8,600,75,alocacao,192.6754,3114.045696
Windows,Windows-11-10.0.26200-SP0,3.14.8,600,75,escrita,93.4077,6423.453313
Windows,Windows-11-10.0.26200-SP0,3.14.8,600,75,leitura,75.3454,7963.326228
Windows,Windows-11-10.0.26200-SP0,3.14.8,600,75,liberacao,67.061,8947.078033
Windows,Windows-11-10.0.26200-SP0,3.14.8,600,76,alocacao,194.4283,3085.970509
Windows,Windows-11-10.0.26200-SP0,3.14.8,600,76,escrita,101.1248,5933.262662
Windows,Windows-11-10.0.26200-SP0,3.14.8,600,76,leitura,84.0133,7141.72637
Windows,Windows-11-10.0.26200-SP0,3.14.8,600,76,liberacao,59.6238,10063.095609
Windows,Windows-11-10.0.26200-SP0,3.14.8,600,77,alocacao,191.4724,3133.610902
Windows,Windows-11-10.0.26200-SP0,3.14.8,600,77,escrita,90.5802,6623.964178
Windows,Windows-11-10.0.26200-SP0,3.14.8,600,77,leitura,75.9375,7901.234568
Windows,Windows-11-10.0.26200-SP0,3.14.8,600,77,liberacao,72.0709,8325.135388
Windows,Windows-11-10.0.26200-SP0,3.14.8,600,78,alocacao,180.1189,3331.132935
Windows,Windows-11-10.0.26200-SP0,3.14.8,600,78,escrita,90.2587,6647.558629
Windows,Windows-11-10.0.26200-SP0,3.14.8,600,78,leitura,69.9572,8576.672594
Windows,Windows-11-10.0.26200-SP0,3.14.8,600,78,liberacao,59.7892,10035.257204
Windows,Windows-11-10.0.26200-SP0,3.14.8,600,79,alocacao,196.6168,3051.621225
Windows,Windows-11-10.0.26200-SP0,3.14.8,600,79,escrita,91.2748,6573.555899
Windows,Windows-11-10.0.26200-SP0,3.14.8,600,79,leitura,71.0495,8444.816642
Windows,Windows-11-10.0.26200-SP0,3.14.8,600,79,liberacao,68.7802,8723.440758
Windows,Windows-11-10.0.26200-SP0,3.14.8,600,80,alocacao,189.8252,3160.802675
Windows,Windows-11-10.0.26200-SP0,3.14.8,600,80,escrita,97.2336,6170.706422
Windows,Windows-11-10.0.26200-SP0,3.14.8,600,80,leitura,76.7063,7822.0433
Windows,Windows-11-10.0.26200-SP0,3.14.8,600,80,liberacao,59.7818,10036.499403
Windows,Windows-11-10.0.26200-SP0,3.14.8,600,81,alocacao,205.4603,2920.272189
Windows,Windows-11-10.0.26200-SP0,3.14.8,600,81,escrita,97.8992,6128.75284
Windows,Windows-11-10.0.26200-SP0,3.14.8,600,81,leitura,81.6417,7349.185527
Windows,Windows-11-10.0.26200-SP0,3.14.8,600,81,liberacao,69.1184,8680.756499
Windows,Windows-11-10.0.26200-SP0,3.14.8,600,82,alocacao,172.7655,3472.915599
Windows,Windows-11-10.0.26200-SP0,3.14.8,600,82,escrita,90.3227,6642.848365
Windows,Windows-11-10.0.26200-SP0,3.14.8,600,82,leitura,75.3802,7959.649882
Windows,Windows-11-10.0.26200-SP0,3.14.8,600,82,liberacao,70.6037,8498.1382
Windows,Windows-11-10.0.26200-SP0,3.14.8,600,83,alocacao,198.872,3017.01597
Windows,Windows-11-10.0.26200-SP0,3.14.8,600,83,escrita,91.5772,6551.84915
Windows,Windows-11-10.0.26200-SP0,3.14.8,600,83,leitura,71.5893,8381.140757
Windows,Windows-11-10.0.26200-SP0,3.14.8,600,83,liberacao,58.1292,10321.834809
Windows,Windows-11-10.0.26200-SP0,3.14.8,600,84,alocacao,207.2614,2894.895046
Windows,Windows-11-10.0.26200-SP0,3.14.8,600,84,escrita,94.4073,6355.440734
Windows,Windows-11-10.0.26200-SP0,3.14.8,600,84,leitura,71.8435,8351.486217
Windows,Windows-11-10.0.26200-SP0,3.14.8,600,84,liberacao,59.4295,10095.996096
Windows,Windows-11-10.0.26200-SP0,3.14.8,600,85,alocacao,207.9405,2885.440787
Windows,Windows-11-10.0.26200-SP0,3.14.8,600,85,escrita,96.5524,6214.242215
Windows,Windows-11-10.0.26200-SP0,3.14.8,600,85,leitura,74.4688,8057.065509
Windows,Windows-11-10.0.26200-SP0,3.14.8,600,85,liberacao,61.5498,9748.203893
Windows,Windows-11-10.0.26200-SP0,3.14.8,600,86,alocacao,192.7942,3112.126817
Windows,Windows-11-10.0.26200-SP0,3.14.8,600,86,escrita,92.2185,6506.2867
Windows,Windows-11-10.0.26200-SP0,3.14.8,600,86,leitura,73.9712,8111.264925
Windows,Windows-11-10.0.26200-SP0,3.14.8,600,86,liberacao,60.8214,9864.94885
Windows,Windows-11-10.0.26200-SP0,3.14.8,600,87,alocacao,204.9395,2927.693295
Windows,Windows-11-10.0.26200-SP0,3.14.8,600,87,escrita,92.4979,6486.633751
Windows,Windows-11-10.0.26200-SP0,3.14.8,600,87,leitura,71.144,8433.59946
Windows,Windows-11-10.0.26200-SP0,3.14.8,600,87,liberacao,65.6454,9140.015904
Windows,Windows-11-10.0.26200-SP0,3.14.8,600,88,alocacao,188.2553,3187.161265
Windows,Windows-11-10.0.26200-SP0,3.14.8,600,88,escrita,94.8707,6324.397311
Windows,Windows-11-10.0.26200-SP0,3.14.8,600,88,leitura,74.7904,8022.41999
Windows,Windows-11-10.0.26200-SP0,3.14.8,600,88,liberacao,59.3192,10114.768911
Windows,Windows-11-10.0.26200-SP0,3.14.8,600,89,alocacao,196.8796,3047.547841
Windows,Windows-11-10.0.26200-SP0,3.14.8,600,89,escrita,98.5379,6089.027674
Windows,Windows-11-10.0.26200-SP0,3.14.8,600,89,leitura,74.7286,8029.054472
Windows,Windows-11-10.0.26200-SP0,3.14.8,600,89,liberacao,58.8835,10189.611691
Windows,Windows-11-10.0.26200-SP0,3.14.8,600,90,alocacao,180.2861,3328.043593
Windows,Windows-11-10.0.26200-SP0,3.14.8,600,90,escrita,89.0476,6737.969356
Windows,Windows-11-10.0.26200-SP0,3.14.8,600,90,leitura,76.5862,7834.309575
Windows,Windows-11-10.0.26200-SP0,3.14.8,600,90,liberacao,59.8287,10028.631744
Windows,Windows-11-10.0.26200-SP0,3.14.8,600,91,alocacao,192.9409,3109.760554
Windows,Windows-11-10.0.26200-SP0,3.14.8,600,91,escrita,89.3357,6716.23998
Windows,Windows-11-10.0.26200-SP0,3.14.8,600,91,leitura,70.1733,8550.260569
Windows,Windows-11-10.0.26200-SP0,3.14.8,600,91,liberacao,64.709,9272.280517
Windows,Windows-11-10.0.26200-SP0,3.14.8,600,92,alocacao,180.8904,3316.925608
Windows,Windows-11-10.0.26200-SP0,3.14.8,600,92,escrita,91.4154,6563.445546
Windows,Windows-11-10.0.26200-SP0,3.14.8,600,92,leitura,70.8407,8469.707386
Windows,Windows-11-10.0.26200-SP0,3.14.8,600,92,liberacao,57.3006,10471.094544
Windows,Windows-11-10.0.26200-SP0,3.14.8,600,93,alocacao,203.4374,2949.310205
Windows,Windows-11-10.0.26200-SP0,3.14.8,600,93,escrita,92.3651,6495.960054
Windows,Windows-11-10.0.26200-SP0,3.14.8,600,93,leitura,74.9953,8000.501365
Windows,Windows-11-10.0.26200-SP0,3.14.8,600,93,liberacao,59.6657,10056.028841
Windows,Windows-11-10.0.26200-SP0,3.14.8,600,94,alocacao,181.036,3314.257938
Windows,Windows-11-10.0.26200-SP0,3.14.8,600,94,escrita,94.3955,6356.235202
Windows,Windows-11-10.0.26200-SP0,3.14.8,600,94,leitura,80.489,7454.434767
Windows,Windows-11-10.0.26200-SP0,3.14.8,600,94,liberacao,73.0192,8217.016894
Windows,Windows-11-10.0.26200-SP0,3.14.8,600,95,alocacao,195.3337,3071.666589
Windows,Windows-11-10.0.26200-SP0,3.14.8,600,95,escrita,97.8455,6132.116449
Windows,Windows-11-10.0.26200-SP0,3.14.8,600,95,leitura,76.157,7878.461599
Windows,Windows-11-10.0.26200-SP0,3.14.8,600,95,liberacao,73.7298,8137.822156
Windows,Windows-11-10.0.26200-SP0,3.14.8,600,96,alocacao,178.8105,3355.507646
Windows,Windows-11-10.0.26200-SP0,3.14.8,600,96,escrita,90.4387,6634.328003
Windows,Windows-11-10.0.26200-SP0,3.14.8,600,96,leitura,74.0839,8098.925678
Windows,Windows-11-10.0.26200-SP0,3.14.8,600,96,liberacao,70.459,8515.590627
Windows,Windows-11-10.0.26200-SP0,3.14.8,600,97,alocacao,185.664,3231.644261
Windows,Windows-11-10.0.26200-SP0,3.14.8,600,97,escrita,92.0612,6517.40364
Windows,Windows-11-10.0.26200-SP0,3.14.8,600,97,leitura,72.851,8235.988525
Windows,Windows-11-10.0.26200-SP0,3.14.8,600,97,liberacao,70.2525,8540.62133
Windows,Windows-11-10.0.26200-SP0,3.14.8,600,98,alocacao,184.7832,3247.048433
Windows,Windows-11-10.0.26200-SP0,3.14.8,600,98,escrita,95.8501,6259.774377
Windows,Windows-11-10.0.26200-SP0,3.14.8,600,98,leitura,75.696,7926.442613
Windows,Windows-11-10.0.26200-SP0,3.14.8,600,98,liberacao,61.0995,9820.047627
Windows,Windows-11-10.0.26200-SP0,3.14.8,600,99,alocacao,190.4738,3150.039533
Windows,Windows-11-10.0.26200-SP0,3.14.8,600,99,escrita,93.3662,6426.30845
Windows,Windows-11-10.0.26200-SP0,3.14.8,600,99,leitura,77.7732,7714.739782
Windows,Windows-11-10.0.26200-SP0,3.14.8,600,99,liberacao,69.8331,8591.91415
Windows,Windows-11-10.0.26200-SP0,3.14.8,600,100,alocacao,189.8775,3159.932061
Windows,Windows-11-10.0.26200-SP0,3.14.8,600,100,escrita,92.4914,6487.08961
Windows,Windows-11-10.0.26200-SP0,3.14.8,600,100,leitura,73.8099,8128.990826
Windows,Windows-11-10.0.26200-SP0,3.14.8,600,100,liberacao,67.8387,8844.509108
Windows,Windows-11-10.0.26200-SP0,3.14.8,700,1,alocacao,233.2771,3000.723174
Windows,Windows-11-10.0.26200-SP0,3.14.8,700,1,escrita,108.4912,6452.13621
Windows,Windows-11-10.0.26200-SP0,3.14.8,700,1,leitura,86.3529,8106.270895
Windows,Windows-11-10.0.26200-SP0,3.14.8,700,1,liberacao,74.1032,9446.28572
Windows,Windows-11-10.0.26200-SP0,3.14.8,700,2,alocacao,246.3876,2841.052066
Windows,Windows-11-10.0.26200-SP0,3.14.8,700,2,escrita,109.0812,6417.237801
Windows,Windows-11-10.0.26200-SP0,3.14.8,700,2,leitura,90.1961,7760.867709
Windows,Windows-11-10.0.26200-SP0,3.14.8,700,2,liberacao,69.5893,10059.017694
Windows,Windows-11-10.0.26200-SP0,3.14.8,700,3,alocacao,228.3729,3065.162285
Windows,Windows-11-10.0.26200-SP0,3.14.8,700,3,escrita,114.7085,6102.424842
Windows,Windows-11-10.0.26200-SP0,3.14.8,700,3,leitura,105.7598,6618.771972
Windows,Windows-11-10.0.26200-SP0,3.14.8,700,3,liberacao,75.9404,9217.754976
Windows,Windows-11-10.0.26200-SP0,3.14.8,700,4,alocacao,242.8331,2882.638322
Windows,Windows-11-10.0.26200-SP0,3.14.8,700,4,escrita,107.6125,6504.820537
Windows,Windows-11-10.0.26200-SP0,3.14.8,700,4,leitura,86.0095,8138.635848
Windows,Windows-11-10.0.26200-SP0,3.14.8,700,4,liberacao,73.492,9524.846242
Windows,Windows-11-10.0.26200-SP0,3.14.8,700,5,alocacao,225.3593,3106.150933
Windows,Windows-11-10.0.26200-SP0,3.14.8,700,5,escrita,115.6454,6052.986111
Windows,Windows-11-10.0.26200-SP0,3.14.8,700,5,leitura,88.9734,7867.519955
Windows,Windows-11-10.0.26200-SP0,3.14.8,700,5,liberacao,71.7806,9751.938546
Windows,Windows-11-10.0.26200-SP0,3.14.8,700,6,alocacao,236.2195,2963.345532
Windows,Windows-11-10.0.26200-SP0,3.14.8,700,6,escrita,111.806,6260.844677
Windows,Windows-11-10.0.26200-SP0,3.14.8,700,6,leitura,88.4568,7913.467365
Windows,Windows-11-10.0.26200-SP0,3.14.8,700,6,liberacao,69.6998,10043.070425
Windows,Windows-11-10.0.26200-SP0,3.14.8,700,7,alocacao,240.8679,2906.157275
Windows,Windows-11-10.0.26200-SP0,3.14.8,700,7,escrita,112.6888,6211.797446
Windows,Windows-11-10.0.26200-SP0,3.14.8,700,7,leitura,92.6428,7555.902887
Windows,Windows-11-10.0.26200-SP0,3.14.8,700,7,liberacao,81.5744,8581.12349
Windows,Windows-11-10.0.26200-SP0,3.14.8,700,8,alocacao,221.4913,3160.395013
Windows,Windows-11-10.0.26200-SP0,3.14.8,700,8,escrita,107.3475,6520.878455
Windows,Windows-11-10.0.26200-SP0,3.14.8,700,8,leitura,94.9206,7374.584653
Windows,Windows-11-10.0.26200-SP0,3.14.8,700,8,liberacao,72.1801,9697.963843
Windows,Windows-11-10.0.26200-SP0,3.14.8,700,9,alocacao,219.209,3193.299545
Windows,Windows-11-10.0.26200-SP0,3.14.8,700,9,escrita,106.2821,6586.245473
Windows,Windows-11-10.0.26200-SP0,3.14.8,700,9,leitura,90.4991,7734.883551
Windows,Windows-11-10.0.26200-SP0,3.14.8,700,9,liberacao,70.6467,9908.459985
Windows,Windows-11-10.0.26200-SP0,3.14.8,700,10,alocacao,236.3097,2962.214416
Windows,Windows-11-10.0.26200-SP0,3.14.8,700,10,escrita,105.1514,6657.067809
Windows,Windows-11-10.0.26200-SP0,3.14.8,700,10,leitura,85.1677,8219.07836
Windows,Windows-11-10.0.26200-SP0,3.14.8,700,10,liberacao,78.1506,8957.064949
Windows,Windows-11-10.0.26200-SP0,3.14.8,700,11,alocacao,223.0911,3137.731626
Windows,Windows-11-10.0.26200-SP0,3.14.8,700,11,escrita,104.3221,6709.987625
Windows,Windows-11-10.0.26200-SP0,3.14.8,700,11,leitura,84.5805,8276.139299
Windows,Windows-11-10.0.26200-SP0,3.14.8,700,11,liberacao,73.03,9585.102013
Windows,Windows-11-10.0.26200-SP0,3.14.8,700,12,alocacao,234.2687,2988.021874
Windows,Windows-11-10.0.26200-SP0,3.14.8,700,12,escrita,105.9083,6609.491419
Windows,Windows-11-10.0.26200-SP0,3.14.8,700,12,leitura,83.2611,8407.287437
Windows,Windows-11-10.0.26200-SP0,3.14.8,700,12,liberacao,74.9793,9335.910045
Windows,Windows-11-10.0.26200-SP0,3.14.8,700,13,alocacao,215.2249,3252.411779
Windows,Windows-11-10.0.26200-SP0,3.14.8,700,13,escrita,107.9078,6487.019474
Windows,Windows-11-10.0.26200-SP0,3.14.8,700,13,leitura,84.107,8322.731758
Windows,Windows-11-10.0.26200-SP0,3.14.8,700,13,liberacao,74.9666,9337.49163
Windows,Windows-11-10.0.26200-SP0,3.14.8,700,14,alocacao,228.8876,3058.269649
Windows,Windows-11-10.0.26200-SP0,3.14.8,700,14,escrita,109.4682,6394.551112
Windows,Windows-11-10.0.26200-SP0,3.14.8,700,14,leitura,89.9519,7781.936791
Windows,Windows-11-10.0.26200-SP0,3.14.8,700,14,liberacao,75.6439,9253.88564
Windows,Windows-11-10.0.26200-SP0,3.14.8,700,15,alocacao,219.1266,3194.500348
Windows,Windows-11-10.0.26200-SP0,3.14.8,700,15,escrita,109.9223,6368.134582
Windows,Windows-11-10.0.26200-SP0,3.14.8,700,15,leitura,90.2034,7760.239636
Windows,Windows-11-10.0.26200-SP0,3.14.8,700,15,liberacao,81.3544,8604.328715
Windows,Windows-11-10.0.26200-SP0,3.14.8,700,16,alocacao,221.5964,3158.896083
Windows,Windows-11-10.0.26200-SP0,3.14.8,700,16,escrita,113.5968,6162.145413
Windows,Windows-11-10.0.26200-SP0,3.14.8,700,16,leitura,96.6838,7240.096066
Windows,Windows-11-10.0.26200-SP0,3.14.8,700,16,liberacao,73.617,9508.673268
Windows,Windows-11-10.0.26200-SP0,3.14.8,700,17,alocacao,229.5013,3050.091655
Windows,Windows-11-10.0.26200-SP0,3.14.8,700,17,escrita,111.7001,6266.780424
Windows,Windows-11-10.0.26200-SP0,3.14.8,700,17,leitura,92.3236,7582.026697
Windows,Windows-11-10.0.26200-SP0,3.14.8,700,17,liberacao,70.116,9983.455987
Windows,Windows-11-10.0.26200-SP0,3.14.8,700,18,alocacao,223.9083,3126.279821
Windows,Windows-11-10.0.26200-SP0,3.14.8,700,18,escrita,108.5252,6450.114812
Windows,Windows-11-10.0.26200-SP0,3.14.8,700,18,leitura,93.7151,7469.447293
Windows,Windows-11-10.0.26200-SP0,3.14.8,700,18,liberacao,69.6649,10048.101698
Windows,Windows-11-10.0.26200-SP0,3.14.8,700,19,alocacao,242.7386,2883.760556
Windows,Windows-11-10.0.26200-SP0,3.14.8,700,19,escrita,106.2348,6589.177934
Windows,Windows-11-10.0.26200-SP0,3.14.8,700,19,leitura,92.03,7606.215365
Windows,Windows-11-10.0.26200-SP0,3.14.8,700,19,liberacao,79.3008,8827.149285
Windows,Windows-11-10.0.26200-SP0,3.14.8,700,20,alocacao,213.0461,3285.673852
Windows,Windows-11-10.0.26200-SP0,3.14.8,700,20,escrita,105.6716,6624.296405
Windows,Windows-11-10.0.26200-SP0,3.14.8,700,20,leitura,83.847,8348.539602
Windows,Windows-11-10.0.26200-SP0,3.14.8,700,20,liberacao,77.3314,9051.950437
Windows,Windows-11-10.0.26200-SP0,3.14.8,700,21,alocacao,221.1669,3165.030572
Windows,Windows-11-10.0.26200-SP0,3.14.8,700,21,escrita,104.6217,6690.772564
Windows,Windows-11-10.0.26200-SP0,3.14.8,700,21,leitura,84.4756,8286.416433
Windows,Windows-11-10.0.26200-SP0,3.14.8,700,21,liberacao,65.7195,10651.328753
Windows,Windows-11-10.0.26200-SP0,3.14.8,700,22,alocacao,258.4748,2708.194377
Windows,Windows-11-10.0.26200-SP0,3.14.8,700,22,escrita,104.8413,6676.75811
Windows,Windows-11-10.0.26200-SP0,3.14.8,700,22,leitura,83.5609,8377.12375
Windows,Windows-11-10.0.26200-SP0,3.14.8,700,22,liberacao,66.0601,10596.41145
Windows,Windows-11-10.0.26200-SP0,3.14.8,700,23,alocacao,239.4219,2923.709151
Windows,Windows-11-10.0.26200-SP0,3.14.8,700,23,escrita,107.191,6530.399007
Windows,Windows-11-10.0.26200-SP0,3.14.8,700,23,leitura,84.7444,8260.132823
Windows,Windows-11-10.0.26200-SP0,3.14.8,700,23,liberacao,66.4358,10536.487857
Windows,Windows-11-10.0.26200-SP0,3.14.8,700,24,alocacao,245.3839,2852.672893
Windows,Windows-11-10.0.26200-SP0,3.14.8,700,24,escrita,109.5822,6387.898765
Windows,Windows-11-10.0.26200-SP0,3.14.8,700,24,leitura,84.7261,8261.91693
Windows,Windows-11-10.0.26200-SP0,3.14.8,700,24,liberacao,67.7471,10332.5456
Windows,Windows-11-10.0.26200-SP0,3.14.8,700,25,alocacao,234.932,2979.585582
Windows,Windows-11-10.0.26200-SP0,3.14.8,700,25,escrita,111.2435,6292.502483
Windows,Windows-11-10.0.26200-SP0,3.14.8,700,25,leitura,87.3034,8018.015335
Windows,Windows-11-10.0.26200-SP0,3.14.8,700,25,liberacao,74.2945,9421.962595
Windows,Windows-11-10.0.26200-SP0,3.14.8,700,26,alocacao,233.9572,2992.000246
Windows,Windows-11-10.0.26200-SP0,3.14.8,700,26,escrita,111.9345,6253.657273
Windows,Windows-11-10.0.26200-SP0,3.14.8,700,26,leitura,89.2031,7847.260914
Windows,Windows-11-10.0.26200-SP0,3.14.8,700,26,liberacao,72.1311,9704.551851
Windows,Windows-11-10.0.26200-SP0,3.14.8,700,27,alocacao,214.8799,3257.633683
Windows,Windows-11-10.0.26200-SP0,3.14.8,700,27,escrita,118.9045,5887.077445
Windows,Windows-11-10.0.26200-SP0,3.14.8,700,27,leitura,95.4015,7337.410837
Windows,Windows-11-10.0.26200-SP0,3.14.8,700,27,liberacao,71.7618,9754.493338
Windows,Windows-11-10.0.26200-SP0,3.14.8,700,28,alocacao,228.9367,3057.613742
Windows,Windows-11-10.0.26200-SP0,3.14.8,700,28,escrita,110.4209,6339.379592
Windows,Windows-11-10.0.26200-SP0,3.14.8,700,28,leitura,99.0857,7064.591561
Windows,Windows-11-10.0.26200-SP0,3.14.8,700,28,liberacao,72.786,9617.234083
Windows,Windows-11-10.0.26200-SP0,3.14.8,700,29,alocacao,245.2737,2853.954582
Windows,Windows-11-10.0.26200-SP0,3.14.8,700,29,escrita,107.7035,6499.324534
Windows,Windows-11-10.0.26200-SP0,3.14.8,700,29,leitura,97.5229,7177.801316
Windows,Windows-11-10.0.26200-SP0,3.14.8,700,29,liberacao,76.0153,9208.672465
Windows,Windows-11-10.0.26200-SP0,3.14.8,700,30,alocacao,238.9379,2929.631507
Windows,Windows-11-10.0.26200-SP0,3.14.8,700,30,escrita,106.19,6591.957811
Windows,Windows-11-10.0.26200-SP0,3.14.8,700,30,leitura,91.6015,7641.796259
Windows,Windows-11-10.0.26200-SP0,3.14.8,700,30,liberacao,78.1231,8960.217912
Windows,Windows-11-10.0.26200-SP0,3.14.8,700,31,alocacao,207.3197,3376.427807
Windows,Windows-11-10.0.26200-SP0,3.14.8,700,31,escrita,105.1325,6658.264571
Windows,Windows-11-10.0.26200-SP0,3.14.8,700,31,leitura,85.2696,8209.256288
Windows,Windows-11-10.0.26200-SP0,3.14.8,700,31,liberacao,86.393,8102.508305
Windows,Windows-11-10.0.26200-SP0,3.14.8,700,32,alocacao,215.698,3245.27812
Windows,Windows-11-10.0.26200-SP0,3.14.8,700,32,escrita,107.4777,6512.978971
Windows,Windows-11-10.0.26200-SP0,3.14.8,700,32,leitura,83.0683,8426.800597
Windows,Windows-11-10.0.26200-SP0,3.14.8,700,32,liberacao,71.635,9771.759615
Windows,Windows-11-10.0.26200-SP0,3.14.8,700,33,alocacao,234.4218,2986.070408
Windows,Windows-11-10.0.26200-SP0,3.14.8,700,33,escrita,106.2199,6590.102231
Windows,Windows-11-10.0.26200-SP0,3.14.8,700,33,leitura,83.0261,8431.083719
Windows,Windows-11-10.0.26200-SP0,3.14.8,700,33,liberacao,69.2801,10103.911513
Windows,Windows-11-10.0.26200-SP0,3.14.8,700,34,alocacao,235.9162,2967.155286
Windows,Windows-11-10.0.26200-SP0,3.14.8,700,34,escrita,108.0422,6478.949892
Windows,Windows-11-10.0.26200-SP0,3.14.8,700,34,leitura,83.744,8358.807795
Windows,Windows-11-10.0.26200-SP0,3.14.8,700,34,liberacao,66.946,10456.18857
Windows,Windows-11-10.0.26200-SP0,3.14.8,700,35,alocacao,237.8904,2942.531519
Windows,Windows-11-10.0.26200-SP0,3.14.8,700,35,escrita,110.5279,6333.242557
Windows,Windows-11-10.0.26200-SP0,3.14.8,700,35,leitura,88.2094,7935.662186
Windows,Windows-11-10.0.26200-SP0,3.14.8,700,35,liberacao,73.5904,9512.110275
Windows,Windows-11-10.0.26200-SP0,3.14.8,700,36,alocacao,230.2969,3039.554592
Windows,Windows-11-10.0.26200-SP0,3.14.8,700,36,escrita,113.0407,6192.459884
Windows,Windows-11-10.0.26200-SP0,3.14.8,700,36,leitura,92.2583,7587.393221
Windows,Windows-11-10.0.26200-SP0,3.14.8,700,36,liberacao,77.252,9061.254078
Windows,Windows-11-10.0.26200-SP0,3.14.8,700,37,alocacao,221.3148,3162.915449
Windows,Windows-11-10.0.26200-SP0,3.14.8,700,37,escrita,113.4641,6169.352244
Windows,Windows-11-10.0.26200-SP0,3.14.8,700,37,leitura,91.1516,7679.514128
Windows,Windows-11-10.0.26200-SP0,3.14.8,700,37,liberacao,72.9313,9598.073804
Windows,Windows-11-10.0.26200-SP0,3.14.8,700,38,alocacao,235.8334,2968.197041
Windows,Windows-11-10.0.26200-SP0,3.14.8,700,38,escrita,112.9148,6199.364477
Windows,Windows-11-10.0.26200-SP0,3.14.8,700,38,leitura,92.0643,7603.38155
Windows,Windows-11-10.0.26200-SP0,3.14.8,700,38,liberacao,72.5005,9655.105827
Windows,Windows-11-10.0.26200-SP0,3.14.8,700,39,alocacao,212.7271,3290.600962
Windows,Windows-11-10.0.26200-SP0,3.14.8,700,39,escrita,105.3262,6646.019699
Windows,Windows-11-10.0.26200-SP0,3.14.8,700,39,leitura,90.8805,7702.422412
Windows,Windows-11-10.0.26200-SP0,3.14.8,700,39,liberacao,74.62,9380.863039
Windows,Windows-11-10.0.26200-SP0,3.14.8,700,40,alocacao,230.9933,3030.390925
Windows,Windows-11-10.0.26200-SP0,3.14.8,700,40,escrita,107.847,6490.676607
Windows,Windows-11-10.0.26200-SP0,3.14.8,700,40,leitura,86.1532,8125.060938
Windows,Windows-11-10.0.26200-SP0,3.14.8,700,40,liberacao,73.4754,9526.998152
Windows,Windows-11-10.0.26200-SP0,3.14.8,700,41,alocacao,224.5839,3116.875252
Windows,Windows-11-10.0.26200-SP0,3.14.8,700,41,escrita,106.8311,6552.399067
Windows,Windows-11-10.0.26200-SP0,3.14.8,700,41,leitura,83.5505,8378.166498
Windows,Windows-11-10.0.26200-SP0,3.14.8,700,41,liberacao,84.043,8329.069643
Windows,Windows-11-10.0.26200-SP0,3.14.8,700,42,alocacao,211.4546,3310.403273
Windows,Windows-11-10.0.26200-SP0,3.14.8,700,42,escrita,105.2488,6650.907184
Windows,Windows-11-10.0.26200-SP0,3.14.8,700,42,leitura,83.7893,8354.288674
Windows,Windows-11-10.0.26200-SP0,3.14.8,700,42,liberacao,76.1191,9196.115036
Windows,Windows-11-10.0.26200-SP0,3.14.8,700,43,alocacao,228.985,3056.968797
Windows,Windows-11-10.0.26200-SP0,3.14.8,700,43,escrita,108.3708,6459.304536
Windows,Windows-11-10.0.26200-SP0,3.14.8,700,43,leitura,84.9808,8237.154746
Windows,Windows-11-10.0.26200-SP0,3.14.8,700,43,liberacao,79.6703,8786.210169
Windows,Windows-11-10.0.26200-SP0,3.14.8,700,44,alocacao,218.7846,3199.493931
Windows,Windows-11-10.0.26200-SP0,3.14.8,700,44,escrita,109.1179,6415.079469
Windows,Windows-11-10.0.26200-SP0,3.14.8,700,44,leitura,84.4968,8284.337395
Windows,Windows-11-10.0.26200-SP0,3.14.8,700,44,liberacao,75.0639,9325.388103
Windows,Windows-11-10.0.26200-SP0,3.14.8,700,45,alocacao,224.5735,3117.019595
Windows,Windows-11-10.0.26200-SP0,3.14.8,700,45,escrita,110.7322,6321.557776
Windows,Windows-11-10.0.26200-SP0,3.14.8,700,45,leitura,87.1714,8030.15668
Windows,Windows-11-10.0.26200-SP0,3.14.8,700,45,liberacao,72.2275,9691.59946
Windows,Windows-11-10.0.26200-SP0,3.14.8,700,46,alocacao,238.1404,2939.442447
Windows,Windows-11-10.0.26200-SP0,3.14.8,700,46,escrita,111.8552,6258.090817
Windows,Windows-11-10.0.26200-SP0,3.14.8,700,46,leitura,88.8857,7875.282526
Windows,Windows-11-10.0.26200-SP0,3.14.8,700,46,liberacao,78.4981,8917.413288
Windows,Windows-11-10.0.26200-SP0,3.14.8,700,47,alocacao,205.7864,3401.585333
Windows,Windows-11-10.0.26200-SP0,3.14.8,700,47,escrita,114.6824,6103.813663
Windows,Windows-11-10.0.26200-SP0,3.14.8,700,47,leitura,91.1733,7677.68634
Windows,Windows-11-10.0.26200-SP0,3.14.8,700,47,liberacao,78.2095,8950.319335
Windows,Windows-11-10.0.26200-SP0,3.14.8,700,48,alocacao,210.2376,3329.566167
Windows,Windows-11-10.0.26200-SP0,3.14.8,700,48,escrita,107.4157,6516.738242
Windows,Windows-11-10.0.26200-SP0,3.14.8,700,48,leitura,95.7137,7313.47759
Windows,Windows-11-10.0.26200-SP0,3.14.8,700,48,liberacao,71.2431,9825.512927
Windows,Windows-11-10.0.26200-SP0,3.14.8,700,49,alocacao,220.0739,3180.749739
Windows,Windows-11-10.0.26200-SP0,3.14.8,700,49,escrita,104.697,6685.960438
Windows,Windows-11-10.0.26200-SP0,3.14.8,700,49,leitura,87.4693,8002.807842
Windows,Windows-11-10.0.26200-SP0,3.14.8,700,49,liberacao,82.7039,8463.929754
Windows,Windows-11-10.0.26200-SP0,3.14.8,700,50,alocacao,218.5811,3202.472675
Windows,Windows-11-10.0.26200-SP0,3.14.8,700,50,escrita,111.763,6263.253492
Windows,Windows-11-10.0.26200-SP0,3.14.8,700,50,leitura,91.7412,7630.159623
Windows,Windows-11-10.0.26200-SP0,3.14.8,700,50,liberacao,84.6159,8272.676885
Windows,Windows-11-10.0.26200-SP0,3.14.8,700,51,alocacao,277.4963,2522.556157
Windows,Windows-11-10.0.26200-SP0,3.14.8,700,51,escrita,130.258,5373.95016
Windows,Windows-11-10.0.26200-SP0,3.14.8,700,51,leitura,89.6877,7804.860644
Windows,Windows-11-10.0.26200-SP0,3.14.8,700,51,liberacao,82.8892,8445.008517
Windows,Windows-11-10.0.26200-SP0,3.14.8,700,52,alocacao,214.8818,3257.604879
Windows,Windows-11-10.0.26200-SP0,3.14.8,700,52,escrita,104.8512,6676.127693
Windows,Windows-11-10.0.26200-SP0,3.14.8,700,52,leitura,85.6235,8175.325699
Windows,Windows-11-10.0.26200-SP0,3.14.8,700,52,liberacao,79.5628,8798.081515
Windows,Windows-11-10.0.26200-SP0,3.14.8,700,53,alocacao,236.4457,2960.510595
Windows,Windows-11-10.0.26200-SP0,3.14.8,700,53,escrita,112.5098,6221.680245
Windows,Windows-11-10.0.26200-SP0,3.14.8,700,53,leitura,93.601,7478.55258
Windows,Windows-11-10.0.26200-SP0,3.14.8,700,53,liberacao,70.5659,9919.805458
Windows,Windows-11-10.0.26200-SP0,3.14.8,700,54,alocacao,227.6171,3075.340122
Windows,Windows-11-10.0.26200-SP0,3.14.8,700,54,escrita,103.2269,6781.178162
Windows,Windows-11-10.0.26200-SP0,3.14.8,700,54,leitura,86.3118,8110.130944
Windows,Windows-11-10.0.26200-SP0,3.14.8,700,54,liberacao,75.843,9229.592711
Windows,Windows-11-10.0.26200-SP0,3.14.8,700,55,alocacao,215.6351,3246.224757
Windows,Windows-11-10.0.26200-SP0,3.14.8,700,55,escrita,105.6279,6627.036985
Windows,Windows-11-10.0.26200-SP0,3.14.8,700,55,leitura,87.8697,7966.341071
Windows,Windows-11-10.0.26200-SP0,3.14.8,700,55,liberacao,74.0194,9456.980197
Windows,Windows-11-10.0.26200-SP0,3.14.8,700,56,alocacao,222.9763,3139.347097
Windows,Windows-11-10.0.26200-SP0,3.14.8,700,56,escrita,108.5273,6449.990003
Windows,Windows-11-10.0.26200-SP0,3.14.8,700,56,leitura,85.5804,8179.442957
Windows,Windows-11-10.0.26200-SP0,3.14.8,700,56,liberacao,67.3728,10389.949653
Windows,Windows-11-10.0.26200-SP0,3.14.8,700,57,alocacao,237.8975,2942.443699
Windows,Windows-11-10.0.26200-SP0,3.14.8,700,57,escrita,112.3569,6230.146969
Windows,Windows-11-10.0.26200-SP0,3.14.8,700,57,leitura,89.2847,7840.089063
Windows,Windows-11-10.0.26200-SP0,3.14.8,700,57,liberacao,66.3883,10544.026583
Windows,Windows-11-10.0.26200-SP0,3.14.8,700,58,alocacao,235.3782,2973.937264
Windows,Windows-11-10.0.26200-SP0,3.14.8,700,58,escrita,110.2618,6348.52687
Windows,Windows-11-10.0.26200-SP0,3.14.8,700,58,leitura,90.6771,7719.699902
Windows,Windows-11-10.0.26200-SP0,3.14.8,700,58,liberacao,80.2532,8722.393624
Windows,Windows-11-10.0.26200-SP0,3.14.8,700,59,alocacao,210.3813,3327.291922
Windows,Windows-11-10.0.26200-SP0,3.14.8,700,59,escrita,109.9925,6364.070278
Windows,Windows-11-10.0.26200-SP0,3.14.8,700,59,leitura,92.0978,7600.615867
Windows,Windows-11-10.0.26200-SP0,3.14.8,700,59,liberacao,69.5899,10058.930966
Windows,Windows-11-10.0.26200-SP0,3.14.8,700,60,alocacao,225.5306,3103.791681
Windows,Windows-11-10.0.26200-SP0,3.14.8,700,60,escrita,105.082,6661.46438
Windows,Windows-11-10.0.26200-SP0,3.14.8,700,60,leitura,86.3579,8105.801554
Windows,Windows-11-10.0.26200-SP0,3.14.8,700,60,liberacao,77.9982,8974.56608
Windows,Windows-11-10.0.26200-SP0,3.14.8,700,61,alocacao,210.1135,3331.532719
Windows,Windows-11-10.0.26200-SP0,3.14.8,700,61,escrita,105.2621,6650.066833
Windows,Windows-11-10.0.26200-SP0,3.14.8,700,61,leitura,82.9745,8436.326823
Windows,Windows-11-10.0.26200-SP0,3.14.8,700,61,liberacao,80.6306,8681.567544
Windows,Windows-11-10.0.26200-SP0,3.14.8,700,62,alocacao,205.0742,3413.398663
Windows,Windows-11-10.0.26200-SP0,3.14.8,700,62,escrita,105.5872,6629.591466
Windows,Windows-11-10.0.26200-SP0,3.14.8,700,62,leitura,81.713,8566.568355
Windows,Windows-11-10.0.26200-SP0,3.14.8,700,62,liberacao,78.7767,8885.876154
Windows,Windows-11-10.0.26200-SP0,3.14.8,700,63,alocacao,219.6121,3187.438215
Windows,Windows-11-10.0.26200-SP0,3.14.8,700,63,escrita,110.8234,6316.355571
Windows,Windows-11-10.0.26200-SP0,3.14.8,700,63,leitura,85.9137,8147.711017
Windows,Windows-11-10.0.26200-SP0,3.14.8,700,63,liberacao,75.8405,9229.896955
Windows,Windows-11-10.0.26200-SP0,3.14.8,700,64,alocacao,235.5181,2972.170716
Windows,Windows-11-10.0.26200-SP0,3.14.8,700,64,escrita,107.4164,6516.695775
Windows,Windows-11-10.0.26200-SP0,3.14.8,700,64,leitura,83.349,8398.421097
Windows,Windows-11-10.0.26200-SP0,3.14.8,700,64,liberacao,69.9475,10007.505629
Windows,Windows-11-10.0.26200-SP0,3.14.8,700,65,alocacao,246.9822,2834.212344
Windows,Windows-11-10.0.26200-SP0,3.14.8,700,65,escrita,109.0248,6420.557525
Windows,Windows-11-10.0.26200-SP0,3.14.8,700,65,leitura,84.5962,8274.603351
Windows,Windows-11-10.0.26200-SP0,3.14.8,700,65,liberacao,71.5011,9790.059174
Windows,Windows-11-10.0.26200-SP0,3.14.8,700,66,alocacao,243.9561,2869.36871
Windows,Windows-11-10.0.26200-SP0,3.14.8,700,66,escrita,108.9278,6426.275019
Windows,Windows-11-10.0.26200-SP0,3.14.8,700,66,leitura,87.1269,8034.258076
Windows,Windows-11-10.0.26200-SP0,3.14.8,700,66,liberacao,77.1341,9075.104266
Windows,Windows-11-10.0.26200-SP0,3.14.8,700,67,alocacao,213.4104,3280.065076
Windows,Windows-11-10.0.26200-SP0,3.14.8,700,67,escrita,115.8458,6042.515137
Windows,Windows-11-10.0.26200-SP0,3.14.8,700,67,leitura,86.9704,8048.715425
Windows,Windows-11-10.0.26200-SP0,3.14.8,700,67,liberacao,79.236,8834.368216
Windows,Windows-11-10.0.26200-SP0,3.14.8,700,68,alocacao,201.9626,3465.988257
Windows,Windows-11-10.0.26200-SP0,3.14.8,700,68,escrita,106.2138,6590.48071
Windows,Windows-11-10.0.26200-SP0,3.14.8,700,68,leitura,92.2423,7588.709301
Windows,Windows-11-10.0.26200-SP0,3.14.8,700,68,liberacao,71.9072,9734.769258
Windows,Windows-11-10.0.26200-SP0,3.14.8,700,69,alocacao,230.2187,3040.587059
Windows,Windows-11-10.0.26200-SP0,3.14.8,700,69,escrita,107.1476,6533.044137
Windows,Windows-11-10.0.26200-SP0,3.14.8,700,69,leitura,90.2059,7760.024566
Windows,Windows-11-10.0.26200-SP0,3.14.8,700,69,liberacao,71.6202,9773.778906
Windows,Windows-11-10.0.26200-SP0,3.14.8,700,70,alocacao,216.5479,3232.541161
Windows,Windows-11-10.0.26200-SP0,3.14.8,700,70,escrita,106.9291,6546.393825
Windows,Windows-11-10.0.26200-SP0,3.14.8,700,70,leitura,85.9091,8148.147286
Windows,Windows-11-10.0.26200-SP0,3.14.8,700,70,liberacao,78.8663,8875.78091
Windows,Windows-11-10.0.26200-SP0,3.14.8,700,71,alocacao,209.9891,3333.506358
Windows,Windows-11-10.0.26200-SP0,3.14.8,700,71,escrita,105.7576,6618.909658
Windows,Windows-11-10.0.26200-SP0,3.14.8,700,71,leitura,82.8187,8452.19739
Windows,Windows-11-10.0.26200-SP0,3.14.8,700,71,liberacao,82.6493,8469.521218
Windows,Windows-11-10.0.26200-SP0,3.14.8,700,72,alocacao,212.9,3287.928605
Windows,Windows-11-10.0.26200-SP0,3.14.8,700,72,escrita,105.6643,6624.754056
Windows,Windows-11-10.0.26200-SP0,3.14.8,700,72,leitura,84.0277,8330.586223
Windows,Windows-11-10.0.26200-SP0,3.14.8,700,72,liberacao,72.4667,9659.609172
Windows,Windows-11-10.0.26200-SP0,3.14.8,700,73,alocacao,217.4429,3219.235947
Windows,Windows-11-10.0.26200-SP0,3.14.8,700,73,escrita,106.8996,6548.200367
Windows,Windows-11-10.0.26200-SP0,3.14.8,700,73,leitura,83.6829,8364.910872
Windows,Windows-11-10.0.26200-SP0,3.14.8,700,73,liberacao,66.3905,10543.677183
Windows,Windows-11-10.0.26200-SP0,3.14.8,700,74,alocacao,225.4749,3104.558423
Windows,Windows-11-10.0.26200-SP0,3.14.8,700,74,escrita,108.1553,6472.174734
Windows,Windows-11-10.0.26200-SP0,3.14.8,700,74,leitura,83.2074,8412.713292
Windows,Windows-11-10.0.26200-SP0,3.14.8,700,74,liberacao,65.6859,10656.777177
Windows,Windows-11-10.0.26200-SP0,3.14.8,700,75,alocacao,242.436,2887.359963
Windows,Windows-11-10.0.26200-SP0,3.14.8,700,75,escrita,108.5955,6445.939288
Windows,Windows-11-10.0.26200-SP0,3.14.8,700,75,leitura,87.4759,8002.204036
Windows,Windows-11-10.0.26200-SP0,3.14.8,700,75,liberacao,68.0587,10285.239066
Windows,Windows-11-10.0.26200-SP0,3.14.8,700,76,alocacao,253.6362,2759.858411
Windows,Windows-11-10.0.26200-SP0,3.14.8,700,76,escrita,112.0266,6248.515977
Windows,Windows-11-10.0.26200-SP0,3.14.8,700,76,leitura,88.4054,7918.068353
Windows,Windows-11-10.0.26200-SP0,3.14.8,700,76,liberacao,78.2939,8940.670985
Windows,Windows-11-10.0.26200-SP0,3.14.8,700,77,alocacao,210.538,3324.815473
Windows,Windows-11-10.0.26200-SP0,3.14.8,700,77,escrita,120.49,5809.610756
Windows,Windows-11-10.0.26200-SP0,3.14.8,700,77,leitura,89.6756,7805.91376
Windows,Windows-11-10.0.26200-SP0,3.14.8,700,77,liberacao,74.2113,9432.525774
Windows,Windows-11-10.0.26200-SP0,3.14.8,700,78,alocacao,238.7087,2932.44444
Windows,Windows-11-10.0.26200-SP0,3.14.8,700,78,escrita,110.8496,6314.862661
Windows,Windows-11-10.0.26200-SP0,3.14.8,700,78,leitura,91.9147,7615.756783
Windows,Windows-11-10.0.26200-SP0,3.14.8,700,78,liberacao,70.8136,9885.106816
Windows,Windows-11-10.0.26200-SP0,3.14.8,700,79,alocacao,212.072,3300.765778
Windows,Windows-11-10.0.26200-SP0,3.14.8,700,79,escrita,106.08,6598.793363
Windows,Windows-11-10.0.26200-SP0,3.14.8,700,79,leitura,86.4019,8101.67369
Windows,Windows-11-10.0.26200-SP0,3.14.8,700,79,liberacao,72.2102,9693.921357
Windows,Windows-11-10.0.26200-SP0,3.14.8,700,80,alocacao,249.5329,2805.241313
Windows,Windows-11-10.0.26200-SP0,3.14.8,700,80,escrita,107.6448,6502.868694
Windows,Windows-11-10.0.26200-SP0,3.14.8,700,80,leitura,90.5644,7729.306438
Windows,Windows-11-10.0.26200-SP0,3.14.8,700,80,liberacao,80.6353,8681.06152
Windows,Windows-11-10.0.26200-SP0,3.14.8,700,81,alocacao,211.1387,3315.356209
Windows,Windows-11-10.0.26200-SP0,3.14.8,700,81,escrita,108.3669,6459.536999
Windows,Windows-11-10.0.26200-SP0,3.14.8,700,81,leitura,91.2485,7671.358981
Windows,Windows-11-10.0.26200-SP0,3.14.8,700,81,liberacao,83.489,8384.338057
Windows,Windows-11-10.0.26200-SP0,3.14.8,700,82,alocacao,221.2735,3163.505797
Windows,Windows-11-10.0.26200-SP0,3.14.8,700,82,escrita,107.3668,6519.706278
Windows,Windows-11-10.0.26200-SP0,3.14.8,700,82,leitura,91.3348,7664.110503
Windows,Windows-11-10.0.26200-SP0,3.14.8,700,82,liberacao,80.1556,8733.014287
Windows,Windows-11-10.0.26200-SP0,3.14.8,700,83,alocacao,225.5685,3103.270182
Windows,Windows-11-10.0.26200-SP0,3.14.8,700,83,escrita,107.984,6482.441843
Windows,Windows-11-10.0.26200-SP0,3.14.8,700,83,leitura,86.0847,8131.526276
Windows,Windows-11-10.0.26200-SP0,3.14.8,700,83,liberacao,76.6286,9134.970494
Windows,Windows-11-10.0.26200-SP0,3.14.8,700,84,alocacao,223.972,3125.390674
Windows,Windows-11-10.0.26200-SP0,3.14.8,700,84,escrita,108.5437,6449.015466
Windows,Windows-11-10.0.26200-SP0,3.14.8,700,84,leitura,86.3472,8106.806011
Windows,Windows-11-10.0.26200-SP0,3.14.8,700,84,liberacao,70.8345,9882.190176
Windows,Windows-11-10.0.26200-SP0,3.14.8,700,85,alocacao,250.9031,2789.921687
Windows,Windows-11-10.0.26200-SP0,3.14.8,700,85,escrita,110.8318,6315.876851
Windows,Windows-11-10.0.26200-SP0,3.14.8,700,85,leitura,83.8631,8346.936853
Windows,Windows-11-10.0.26200-SP0,3.14.8,700,85,liberacao,70.3112,9955.739626
Windows,Windows-11-10.0.26200-SP0,3.14.8,700,86,alocacao,239.7043,2920.264676
Windows,Windows-11-10.0.26200-SP0,3.14.8,700,86,escrita,110.6825,6324.396359
Windows,Windows-11-10.0.26200-SP0,3.14.8,700,86,leitura,90.0483,7773.605943
Windows,Windows-11-10.0.26200-SP0,3.14.8,700,86,liberacao,69.691,10044.33858
Windows,Windows-11-10.0.26200-SP0,3.14.8,700,87,alocacao,223.3047,3134.730259
Windows,Windows-11-10.0.26200-SP0,3.14.8,700,87,escrita,110.6728,6324.950665
Windows,Windows-11-10.0.26200-SP0,3.14.8,700,87,leitura,90.1247,7767.016145
Windows,Windows-11-10.0.26200-SP0,3.14.8,700,87,liberacao,74.9814,9335.648574
Windows,Windows-11-10.0.26200-SP0,3.14.8,700,88,alocacao,220.661,3172.286902
Windows,Windows-11-10.0.26200-SP0,3.14.8,700,88,escrita,111.7611,6263.359971
Windows,Windows-11-10.0.26200-SP0,3.14.8,700,88,leitura,93.8731,7456.875292
Windows,Windows-11-10.0.26200-SP0,3.14.8,700,88,liberacao,80.0062,8749.321928
Windows,Windows-11-10.0.26200-SP0,3.14.8,700,89,alocacao,227.1056,3082.266576
Windows,Windows-11-10.0.26200-SP0,3.14.8,700,89,escrita,112.4768,6223.505647
Windows,Windows-11-10.0.26200-SP0,3.14.8,700,89,leitura,90.5462,7730.860047
Windows,Windows-11-10.0.26200-SP0,3.14.8,700,89,liberacao,68.86,10165.553297
Windows,Windows-11-10.0.26200-SP0,3.14.8,700,90,alocacao,211.5138,3309.476734
Windows,Windows-11-10.0.26200-SP0,3.14.8,700,90,escrita,104.2103,6717.186305
Windows,Windows-11-10.0.26200-SP0,3.14.8,700,90,leitura,93.6992,7470.714798
Windows,Windows-11-10.0.26200-SP0,3.14.8,700,90,liberacao,78.8367,8879.113408
Windows,Windows-11-10.0.26200-SP0,3.14.8,700,91,alocacao,205.3039,3409.579652
Windows,Windows-11-10.0.26200-SP0,3.14.8,700,91,escrita,106.2143,6590.449685
Windows,Windows-11-10.0.26200-SP0,3.14.8,700,91,leitura,84.0468,8328.693061
Windows,Windows-11-10.0.26200-SP0,3.14.8,700,91,liberacao,82.6917,8465.178488
Windows,Windows-11-10.0.26200-SP0,3.14.8,700,92,alocacao,199.6634,3505.90043
Windows,Windows-11-10.0.26200-SP0,3.14.8,700,92,escrita,104.3189,6710.193455
Windows,Windows-11-10.0.26200-SP0,3.14.8,700,92,leitura,84.8803,8246.907704
Windows,Windows-11-10.0.26200-SP0,3.14.8,700,92,liberacao,77.8137,8995.845205
Windows,Windows-11-10.0.26200-SP0,3.14.8,700,93,alocacao,213.8358,3273.539791
Windows,Windows-11-10.0.26200-SP0,3.14.8,700,93,escrita,105.1886,6654.713534
Windows,Windows-11-10.0.26200-SP0,3.14.8,700,93,leitura,86.7577,8068.448103
Windows,Windows-11-10.0.26200-SP0,3.14.8,700,93,liberacao,77.8592,8990.588139
Windows,Windows-11-10.0.26200-SP0,3.14.8,700,94,alocacao,226.1977,3094.638009
Windows,Windows-11-10.0.26200-SP0,3.14.8,700,94,escrita,108.1394,6473.126354
Windows,Windows-11-10.0.26200-SP0,3.14.8,700,94,leitura,83.1972,8413.744693
Windows,Windows-11-10.0.26200-SP0,3.14.8,700,94,liberacao,80.1696,8731.489243
Windows,Windows-11-10.0.26200-SP0,3.14.8,700,95,alocacao,219.504,3189.007945
Windows,Windows-11-10.0.26200-SP0,3.14.8,700,95,escrita,109.9113,6368.77191
Windows,Windows-11-10.0.26200-SP0,3.14.8,700,95,leitura,85.2144,8214.574063
Windows,Windows-11-10.0.26200-SP0,3.14.8,700,95,liberacao,66.0029,10605.594603
Windows,Windows-11-10.0.26200-SP0,3.14.8,700,96,alocacao,231.026,3029.961996
Windows,Windows-11-10.0.26200-SP0,3.14.8,700,96,escrita,110.889,6312.618925
Windows,Windows-11-10.0.26200-SP0,3.14.8,700,96,leitura,86.9039,8054.874407
Windows,Windows-11-10.0.26200-SP0,3.14.8,700,96,liberacao,78.0372,8970.080936
Windows,Windows-11-10.0.26200-SP0,3.14.8,700,97,alocacao,209.8422,3335.839979
Windows,Windows-11-10.0.26200-SP0,3.14.8,700,97,escrita,117.1047,5977.556836
Windows,Windows-11-10.0.26200-SP0,3.14.8,700,97,leitura,87.7977,7972.874005
Windows,Windows-11-10.0.26200-SP0,3.14.8,700,97,liberacao,76.9109,9101.440758
Windows,Windows-11-10.0.26200-SP0,3.14.8,700,98,alocacao,213.555,3277.844115
Windows,Windows-11-10.0.26200-SP0,3.14.8,700,98,escrita,108.5827,6446.699152
Windows,Windows-11-10.0.26200-SP0,3.14.8,700,98,leitura,91.2777,7668.904891
Windows,Windows-11-10.0.26200-SP0,3.14.8,700,98,liberacao,78.7718,8886.4289
Windows,Windows-11-10.0.26200-SP0,3.14.8,700,99,alocacao,204.8038,3417.905332
Windows,Windows-11-10.0.26200-SP0,3.14.8,700,99,escrita,105.6291,6626.961699
Windows,Windows-11-10.0.26200-SP0,3.14.8,700,99,leitura,89.5768,7814.523403
Windows,Windows-11-10.0.26200-SP0,3.14.8,700,99,liberacao,76.9979,9091.157032
Windows,Windows-11-10.0.26200-SP0,3.14.8,700,100,alocacao,217.4884,3218.562461
Windows,Windows-11-10.0.26200-SP0,3.14.8,700,100,escrita,104.8459,6676.465174
Windows,Windows-11-10.0.26200-SP0,3.14.8,700,100,leitura,83.9775,8335.566074
Windows,Windows-11-10.0.26200-SP0,3.14.8,700,100,liberacao,80.9973,8642.263384
Windows,Windows-11-10.0.26200-SP0,3.14.8,800,1,alocacao,274.258,2916.961401
Windows,Windows-11-10.0.26200-SP0,3.14.8,800,1,escrita,126.6214,6318.047344
Windows,Windows-11-10.0.26200-SP0,3.14.8,800,1,leitura,105.4325,7587.793138
Windows,Windows-11-10.0.26200-SP0,3.14.8,800,1,liberacao,100.2643,7978.911736
Windows,Windows-11-10.0.26200-SP0,3.14.8,800,2,alocacao,237.2803,3371.539904
Windows,Windows-11-10.0.26200-SP0,3.14.8,800,2,escrita,121.7804,6569.201612
Windows,Windows-11-10.0.26200-SP0,3.14.8,800,2,leitura,108.6222,7364.976957
Windows,Windows-11-10.0.26200-SP0,3.14.8,800,2,liberacao,89.5829,8930.275756
Windows,Windows-11-10.0.26200-SP0,3.14.8,800,3,alocacao,237.7646,3364.672453
Windows,Windows-11-10.0.26200-SP0,3.14.8,800,3,escrita,126.9546,6301.465248
Windows,Windows-11-10.0.26200-SP0,3.14.8,800,3,leitura,109.8142,7285.032355
Windows,Windows-11-10.0.26200-SP0,3.14.8,800,3,liberacao,79.9193,10010.097686
Windows,Windows-11-10.0.26200-SP0,3.14.8,800,4,alocacao,273.9416,2920.330465
Windows,Windows-11-10.0.26200-SP0,3.14.8,800,4,escrita,123.4904,6478.236365
Windows,Windows-11-10.0.26200-SP0,3.14.8,800,4,leitura,109.4811,7307.197315
Windows,Windows-11-10.0.26200-SP0,3.14.8,800,4,liberacao,78.7221,10162.330527
Windows,Windows-11-10.0.26200-SP0,3.14.8,800,5,alocacao,256.8916,3114.153986
Windows,Windows-11-10.0.26200-SP0,3.14.8,800,5,escrita,124.5678,6422.205417
Windows,Windows-11-10.0.26200-SP0,3.14.8,800,5,leitura,107.0659,7472.033579
Windows,Windows-11-10.0.26200-SP0,3.14.8,800,5,liberacao,77.5175,10320.250266
Windows,Windows-11-10.0.26200-SP0,3.14.8,800,6,alocacao,247.7819,3228.645837
Windows,Windows-11-10.0.26200-SP0,3.14.8,800,6,escrita,126.0842,6344.9663
Windows,Windows-11-10.0.26200-SP0,3.14.8,800,6,leitura,106.297,7526.08258
Windows,Windows-11-10.0.26200-SP0,3.14.8,800,6,liberacao,77.7076,10295.00332
Windows,Windows-11-10.0.26200-SP0,3.14.8,800,7,alocacao,265.7133,3010.763857
Windows,Windows-11-10.0.26200-SP0,3.14.8,800,7,escrita,125.9937,6349.523825
Windows,Windows-11-10.0.26200-SP0,3.14.8,800,7,leitura,101.06,7916.089452
Windows,Windows-11-10.0.26200-SP0,3.14.8,800,7,liberacao,87.5236,9140.391849
Windows,Windows-11-10.0.26200-SP0,3.14.8,800,8,alocacao,238.0336,3360.870062
Windows,Windows-11-10.0.26200-SP0,3.14.8,800,8,escrita,128.7068,6215.677804
Windows,Windows-11-10.0.26200-SP0,3.14.8,800,8,leitura,100.949,7924.793708
Windows,Windows-11-10.0.26200-SP0,3.14.8,800,8,liberacao,80.9449,9883.266271
Windows,Windows-11-10.0.26200-SP0,3.14.8,800,9,alocacao,270.753,2954.72257
Windows,Windows-11-10.0.26200-SP0,3.14.8,800,9,escrita,127.3462,6282.087726
Windows,Windows-11-10.0.26200-SP0,3.14.8,800,9,leitura,100.7229,7942.583067
Windows,Windows-11-10.0.26200-SP0,3.14.8,800,9,liberacao,84.3772,9481.234267
Windows,Windows-11-10.0.26200-SP0,3.14.8,800,10,alocacao,238.9342,3348.202141
Windows,Windows-11-10.0.26200-SP0,3.14.8,800,10,escrita,130.373,6136.239866
Windows,Windows-11-10.0.26200-SP0,3.14.8,800,10,leitura,104.4628,7658.228575
Windows,Windows-11-10.0.26200-SP0,3.14.8,800,10,liberacao,87.5044,9142.397411
Windows,Windows-11-10.0.26200-SP0,3.14.8,800,11,alocacao,231.4456,3456.535791
Windows,Windows-11-10.0.26200-SP0,3.14.8,800,11,escrita,131.5349,6082.036022
Windows,Windows-11-10.0.26200-SP0,3.14.8,800,11,leitura,100.3565,7971.581313
Windows,Windows-11-10.0.26200-SP0,3.14.8,800,11,liberacao,83.4739,9583.833989
Windows,Windows-11-10.0.26200-SP0,3.14.8,800,12,alocacao,244.3536,3273.943989
Windows,Windows-11-10.0.26200-SP0,3.14.8,800,12,escrita,134.7146,5938.480313
Windows,Windows-11-10.0.26200-SP0,3.14.8,800,12,leitura,101.2597,7900.477683
Windows,Windows-11-10.0.26200-SP0,3.14.8,800,12,liberacao,88.5458,9034.872349
Windows,Windows-11-10.0.26200-SP0,3.14.8,800,13,alocacao,245.4996,3258.661114
Windows,Windows-11-10.0.26200-SP0,3.14.8,800,13,escrita,134.4805,5948.817858
Windows,Windows-11-10.0.26200-SP0,3.14.8,800,13,leitura,104.7468,7637.46482
Windows,Windows-11-10.0.26200-SP0,3.14.8,800,13,liberacao,85.8969,9313.490941
Windows,Windows-11-10.0.26200-SP0,3.14.8,800,14,alocacao,250.3579,3195.425429
Windows,Windows-11-10.0.26200-SP0,3.14.8,800,14,escrita,126.7083,6313.714255
Windows,Windows-11-10.0.26200-SP0,3.14.8,800,14,leitura,106.8406,7487.790222
Windows,Windows-11-10.0.26200-SP0,3.14.8,800,14,liberacao,89.5107,8937.478983
Windows,Windows-11-10.0.26200-SP0,3.14.8,800,15,alocacao,247.7623,3228.901249
Windows,Windows-11-10.0.26200-SP0,3.14.8,800,15,escrita,126.2911,6334.571478
Windows,Windows-11-10.0.26200-SP0,3.14.8,800,15,leitura,107.8331,7418.872313
Windows,Windows-11-10.0.26200-SP0,3.14.8,800,15,liberacao,91.8142,8713.249149
Windows,Windows-11-10.0.26200-SP0,3.14.8,800,16,alocacao,271.9808,2941.384098
Windows,Windows-11-10.0.26200-SP0,3.14.8,800,16,escrita,126.753,6311.487697
Windows,Windows-11-10.0.26200-SP0,3.14.8,800,16,leitura,109.917,7278.21902
Windows,Windows-11-10.0.26200-SP0,3.14.8,800,16,liberacao,91.214,8770.583463
Windows,Windows-11-10.0.26200-SP0,3.14.8,800,17,alocacao,248.022,3225.520317
Windows,Windows-11-10.0.26200-SP0,3.14.8,800,17,escrita,128.8625,6208.167621
Windows,Windows-11-10.0.26200-SP0,3.14.8,800,17,leitura,107.6724,7429.944907
Windows,Windows-11-10.0.26200-SP0,3.14.8,800,17,liberacao,88.4289,9046.816143
Windows,Windows-11-10.0.26200-SP0,3.14.8,800,18,alocacao,234.0991,3417.356154
Windows,Windows-11-10.0.26200-SP0,3.14.8,800,18,escrita,125.1021,6394.776746
Windows,Windows-11-10.0.26200-SP0,3.14.8,800,18,leitura,103.3224,7742.754717
Windows,Windows-11-10.0.26200-SP0,3.14.8,800,18,liberacao,86.6365,9233.983367
Windows,Windows-11-10.0.26200-SP0,3.14.8,800,19,alocacao,262.9145,3042.814299
Windows,Windows-11-10.0.26200-SP0,3.14.8,800,19,escrita,124.284,6436.870394
Windows,Windows-11-10.0.26200-SP0,3.14.8,800,19,leitura,98.2466,8142.775424
Windows,Windows-11-10.0.26200-SP0,3.14.8,800,19,liberacao,87.036,9191.598879
Windows,Windows-11-10.0.26200-SP0,3.14.8,800,20,alocacao,248.4854,3219.505049
Windows,Windows-11-10.0.26200-SP0,3.14.8,800,20,escrita,137.8192,5804.706456
Windows,Windows-11-10.0.26200-SP0,3.14.8,800,20,leitura,104.0069,7691.797371
Windows,Windows-11-10.0.26200-SP0,3.14.8,800,20,liberacao,76.6807,10432.872939
Windows,Windows-11-10.0.26200-SP0,3.14.8,800,21,alocacao,332.9725,2402.600815
Windows,Windows-11-10.0.26200-SP0,3.14.8,800,21,escrita,139.9051,5718.161811
Windows,Windows-11-10.0.26200-SP0,3.14.8,800,21,leitura,96.837,8261.30508
Windows,Windows-11-10.0.26200-SP0,3.14.8,800,21,liberacao,83.847,9541.188116
Windows,Windows-11-10.0.26200-SP0,3.14.8,800,22,alocacao,323.9923,2469.194484
Windows,Windows-11-10.0.26200-SP0,3.14.8,800,22,escrita,148.5685,5384.721526
Windows,Windows-11-10.0.26200-SP0,3.14.8,800,22,leitura,121.2787,6596.376775
Windows,Windows-11-10.0.26200-SP0,3.14.8,800,22,liberacao,87.6743,9124.680779
Windows,Windows-11-10.0.26200-SP0,3.14.8,800,23,alocacao,331.4351,2413.745557
Windows,Windows-11-10.0.26200-SP0,3.14.8,800,23,escrita,150.146,5328.14727
Windows,Windows-11-10.0.26200-SP0,3.14.8,800,23,leitura,102.6711,7791.871325
Windows,Windows-11-10.0.26200-SP0,3.14.8,800,23,liberacao,80.8142,9899.250379
Windows,Windows-11-10.0.26200-SP0,3.14.8,800,24,alocacao,343.8237,2326.773867
Windows,Windows-11-10.0.26200-SP0,3.14.8,800,24,escrita,144.6685,5529.883838
Windows,Windows-11-10.0.26200-SP0,3.14.8,800,24,leitura,102.8091,7781.412346
Windows,Windows-11-10.0.26200-SP0,3.14.8,800,24,liberacao,81.5278,9812.603799
Windows,Windows-11-10.0.26200-SP0,3.14.8,800,25,alocacao,322.6564,2479.417734
Windows,Windows-11-10.0.26200-SP0,3.14.8,800,25,escrita,138.0132,5796.546997
Windows,Windows-11-10.0.26200-SP0,3.14.8,800,25,leitura,105.6503,7572.150765
Windows,Windows-11-10.0.26200-SP0,3.14.8,800,25,liberacao,79.9549,10005.64068
Windows,Windows-11-10.0.26200-SP0,3.14.8,800,26,alocacao,262.2526,3050.494066
Windows,Windows-11-10.0.26200-SP0,3.14.8,800,26,escrita,124.028,6450.156416
Windows,Windows-11-10.0.26200-SP0,3.14.8,800,26,leitura,104.9178,7625.016918
Windows,Windows-11-10.0.26200-SP0,3.14.8,800,26,liberacao,90.0855,8880.452459
Windows,Windows-11-10.0.26200-SP0,3.14.8,800,27,alocacao,251.4623,3181.391405
Windows,Windows-11-10.0.26200-SP0,3.14.8,800,27,escrita,123.1549,6495.884451
Windows,Windows-11-10.0.26200-SP0,3.14.8,800,27,leitura,97.423,8211.613274
Windows,Windows-11-10.0.26200-SP0,3.14.8,800,27,liberacao,85.1778,9392.118604
Windows,Windows-11-10.0.26200-SP0,3.14.8,800,28,alocacao,255.5215,3130.852003
Windows,Windows-11-10.0.26200-SP0,3.14.8,800,28,escrita,124.39,6431.38516
Windows,Windows-11-10.0.26200-SP0,3.14.8,800,28,leitura,108.0679,7402.753269
Windows,Windows-11-10.0.26200-SP0,3.14.8,800,28,liberacao,82.5373,9692.587473
Windows,Windows-11-10.0.26200-SP0,3.14.8,800,29,alocacao,277.7421,2880.369955
Windows,Windows-11-10.0.26200-SP0,3.14.8,800,29,escrita,120.5252,6637.616034
Windows,Windows-11-10.0.26200-SP0,3.14.8,800,29,leitura,163.3737,4896.748987
Windows,Windows-11-10.0.26200-SP0,3.14.8,800,29,liberacao,98.0545,8158.728054
Windows,Windows-11-10.0.26200-SP0,3.14.8,800,30,alocacao,276.9534,2888.57259
Windows,Windows-11-10.0.26200-SP0,3.14.8,800,30,escrita,158.4118,5050.128841
Windows,Windows-11-10.0.26200-SP0,3.14.8,800,30,leitura,112.3532,7120.402445
Windows,Windows-11-10.0.26200-SP0,3.14.8,800,30,liberacao,100.0776,7993.796814
Windows,Windows-11-10.0.26200-SP0,3.14.8,800,31,alocacao,255.9795,3125.250264
Windows,Windows-11-10.0.26200-SP0,3.14.8,800,31,escrita,142.0586,5631.47884
Windows,Windows-11-10.0.26200-SP0,3.14.8,800,31,leitura,103.1747,7753.838877
Windows,Windows-11-10.0.26200-SP0,3.14.8,800,31,liberacao,88.3728,9052.559158
Windows,Windows-11-10.0.26200-SP0,3.14.8,800,32,alocacao,264.3371,3026.438589
Windows,Windows-11-10.0.26200-SP0,3.14.8,800,32,escrita,142.343,5620.227198
Windows,Windows-11-10.0.26200-SP0,3.14.8,800,32,leitura,116.1549,6887.354731
Windows,Windows-11-10.0.26200-SP0,3.14.8,800,32,liberacao,93.2242,8581.462753
Windows,Windows-11-10.0.26200-SP0,3.14.8,800,33,alocacao,248.66,3217.24443
Windows,Windows-11-10.0.26200-SP0,3.14.8,800,33,escrita,126.193,6339.495852
Windows,Windows-11-10.0.26200-SP0,3.14.8,800,33,leitura,104.6239,7646.436426
Windows,Windows-11-10.0.26200-SP0,3.14.8,800,33,liberacao,91.9219,8703.040298
Windows,Windows-11-10.0.26200-SP0,3.14.8,800,34,alocacao,249.254,3209.577379
Windows,Windows-11-10.0.26200-SP0,3.14.8,800,34,escrita,124.2657,6437.81832
Windows,Windows-11-10.0.26200-SP0,3.14.8,800,34,leitura,102.0977,7835.631949
Windows,Windows-11-10.0.26200-SP0,3.14.8,800,34,liberacao,79.6806,10040.08504
Windows,Windows-11-10.0.26200-SP0,3.14.8,800,35,alocacao,267.8042,2987.257108
Windows,Windows-11-10.0.26200-SP0,3.14.8,800,35,escrita,129.4812,6178.503134
Windows,Windows-11-10.0.26200-SP0,3.14.8,800,35,leitura,104.9694,7621.268674
Windows,Windows-11-10.0.26200-SP0,3.14.8,800,35,liberacao,79.3559,10081.165988
Windows,Windows-11-10.0.26200-SP0,3.14.8,800,36,alocacao,261.7276,3056.613059
Windows,Windows-11-10.0.26200-SP0,3.14.8,800,36,escrita,175.2094,4565.965068
Windows,Windows-11-10.0.26200-SP0,3.14.8,800,36,leitura,121.6709,6575.113688
Windows,Windows-11-10.0.26200-SP0,3.14.8,800,36,liberacao,82.9237,9647.422872
Windows,Windows-11-10.0.26200-SP0,3.14.8,800,37,alocacao,293.2081,2728.437584
Windows,Windows-11-10.0.26200-SP0,3.14.8,800,37,escrita,143.8277,5562.210895
Windows,Windows-11-10.0.26200-SP0,3.14.8,800,37,leitura,100.4683,7962.710626
Windows,Windows-11-10.0.26200-SP0,3.14.8,800,37,liberacao,87.0852,9186.405956
Windows,Windows-11-10.0.26200-SP0,3.14.8,800,38,alocacao,280.6506,2850.519472
Windows,Windows-11-10.0.26200-SP0,3.14.8,800,38,escrita,151.3113,5287.113388
Windows,Windows-11-10.0.26200-SP0,3.14.8,800,38,leitura,109.3507,7315.911101
Windows,Windows-11-10.0.26200-SP0,3.14.8,800,38,liberacao,97.5664,8199.544105
Windows,Windows-11-10.0.26200-SP0,3.14.8,800,39,alocacao,270.1429,2961.395617
Windows,Windows-11-10.0.26200-SP0,3.14.8,800,39,escrita,161.5845,4950.969926
Windows,Windows-11-10.0.26200-SP0,3.14.8,800,39,leitura,122.8318,6512.971397
Windows,Windows-11-10.0.26200-SP0,3.14.8,800,39,liberacao,86.1214,9289.21267
Windows,Windows-11-10.0.26200-SP0,3.14.8,800,40,alocacao,334.2885,2393.14245
Windows,Windows-11-10.0.26200-SP0,3.14.8,800,40,escrita,162.1865,4932.593033
Windows,Windows-11-10.0.26200-SP0,3.14.8,800,40,leitura,116.2925,6879.205452
Windows,Windows-11-10.0.26200-SP0,3.14.8,800,40,liberacao,78.9129,10137.759479
Windows,Windows-11-10.0.26200-SP0,3.14.8,800,41,alocacao,424.3396,1885.282448
Windows,Windows-11-10.0.26200-SP0,3.14.8,800,41,escrita,155.8571,5132.907003
Windows,Windows-11-10.0.26200-SP0,3.14.8,800,41,leitura,109.4133,7311.725357
Windows,Windows-11-10.0.26200-SP0,3.14.8,800,41,liberacao,97.6162,8195.361016
Windows,Windows-11-10.0.26200-SP0,3.14.8,800,42,alocacao,332.7839,2403.962451
Windows,Windows-11-10.0.26200-SP0,3.14.8,800,42,escrita,135.7751,5892.096563
Windows,Windows-11-10.0.26200-SP0,3.14.8,800,42,leitura,104.8198,7632.145835
Windows,Windows-11-10.0.26200-SP0,3.14.8,800,42,liberacao,90.6023,8829.797919
Windows,Windows-11-10.0.26200-SP0,3.14.8,800,43,alocacao,264.8688,3020.363289
Windows,Windows-11-10.0.26200-SP0,3.14.8,800,43,escrita,167.1785,4785.30433
Windows,Windows-11-10.0.26200-SP0,3.14.8,800,43,leitura,116.537,6864.772562
Windows,Windows-11-10.0.26200-SP0,3.14.8,800,43,liberacao,87.1387,9180.765837
Windows,Windows-11-10.0.26200-SP0,3.14.8,800,44,alocacao,257.7398,3103.905567
Windows,Windows-11-10.0.26200-SP0,3.14.8,800,44,escrita,159.6859,5009.834932
Windows,Windows-11-10.0.26200-SP0,3.14.8,800,44,leitura,110.2515,7256.137105
Windows,Windows-11-10.0.26200-SP0,3.14.8,800,44,liberacao,82.3233,9717.783422
Windows,Windows-11-10.0.26200-SP0,3.14.8,800,45,alocacao,341.2117,2344.585488
Windows,Windows-11-10.0.26200-SP0,3.14.8,800,45,escrita,144.63,5531.355874
Windows,Windows-11-10.0.26200-SP0,3.14.8,800,45,leitura,102.8902,7775.27889
Windows,Windows-11-10.0.26200-SP0,3.14.8,800,45,liberacao,87.1046,9184.359953
Windows,Windows-11-10.0.26200-SP0,3.14.8,800,46,alocacao,297.7498,2686.819605
Windows,Windows-11-10.0.26200-SP0,3.14.8,800,46,escrita,139.1459,5749.360923
Windows,Windows-11-10.0.26200-SP0,3.14.8,800,46,leitura,103.9021,7699.555639
Windows,Windows-11-10.0.26200-SP0,3.14.8,800,46,liberacao,80.0432,9994.602914
Windows,Windows-11-10.0.26200-SP0,3.14.8,800,47,alocacao,303.6128,2634.935023
Windows,Windows-11-10.0.26200-SP0,3.14.8,800,47,escrita,158.3371,5052.511382
Windows,Windows-11-10.0.26200-SP0,3.14.8,800,47,leitura,122.3959,6536.166653
Windows,Windows-11-10.0.26200-SP0,3.14.8,800,47,liberacao,84.9502,9417.282125
Windows,Windows-11-10.0.26200-SP0,3.14.8,800,48,alocacao,408.4666,1958.544469
Windows,Windows-11-10.0.26200-SP0,3.14.8,800,48,escrita,355.3317,2251.417478
Windows,Windows-11-10.0.26200-SP0,3.14.8,800,48,leitura,184.2463,4342.013924
Windows,Windows-11-10.0.26200-SP0,3.14.8,800,48,liberacao,99.7173,8022.680117
Windows,Windows-11-10.0.26200-SP0,3.14.8,800,49,alocacao,416.5796,1920.401287
Windows,Windows-11-10.0.26200-SP0,3.14.8,800,49,escrita,146.9852,5442.724846
Windows,Windows-11-10.0.26200-SP0,3.14.8,800,49,leitura,109.9261,7277.616508
Windows,Windows-11-10.0.26200-SP0,3.14.8,800,49,liberacao,84.8614,9427.136484
Windows,Windows-11-10.0.26200-SP0,3.14.8,800,50,alocacao,291.9049,2740.618606
Windows,Windows-11-10.0.26200-SP0,3.14.8,800,50,escrita,155.1396,5156.646014
Windows,Windows-11-10.0.26200-SP0,3.14.8,800,50,leitura,127.8923,6255.263218
Windows,Windows-11-10.0.26200-SP0,3.14.8,800,50,liberacao,90.176,8871.540099
Windows,Windows-11-10.0.26200-SP0,3.14.8,800,51,alocacao,355.0125,2253.44178
Windows,Windows-11-10.0.26200-SP0,3.14.8,800,51,escrita,156.9845,5096.044514
Windows,Windows-11-10.0.26200-SP0,3.14.8,800,51,leitura,107.7813,7422.437844
Windows,Windows-11-10.0.26200-SP0,3.14.8,800,51,liberacao,86.8834,9207.742791
Windows,Windows-11-10.0.26200-SP0,3.14.8,800,52,alocacao,309.0222,2588.810772
Windows,Windows-11-10.0.26200-SP0,3.14.8,800,52,escrita,126.0832,6345.016624
Windows,Windows-11-10.0.26200-SP0,3.14.8,800,52,leitura,92.6789,8631.953983
Windows,Windows-11-10.0.26200-SP0,3.14.8,800,52,liberacao,70.2342,11390.462196
Windows,Windows-11-10.0.26200-SP0,3.14.8,800,53,alocacao,351.6908,2274.725412
Windows,Windows-11-10.0.26200-SP0,3.14.8,800,53,escrita,131.6785,6075.40335
Windows,Windows-11-10.0.26200-SP0,3.14.8,800,53,leitura,98.0313,8160.658892
Windows,Windows-11-10.0.26200-SP0,3.14.8,800,53,liberacao,72.4026,11049.326958
Windows,Windows-11-10.0.26200-SP0,3.14.8,800,54,alocacao,315.5217,2535.483296
Windows,Windows-11-10.0.26200-SP0,3.14.8,800,54,escrita,151.1781,5291.771758
Windows,Windows-11-10.0.26200-SP0,3.14.8,800,54,leitura,127.5498,6272.060011
Windows,Windows-11-10.0.26200-SP0,3.14.8,800,54,liberacao,93.8511,8524.1409
Windows,Windows-11-10.0.26200-SP0,3.14.8,800,55,alocacao,268.3639,2981.026882
Windows,Windows-11-10.0.26200-SP0,3.14.8,800,55,escrita,143.8023,5563.193356
Windows,Windows-11-10.0.26200-SP0,3.14.8,800,55,leitura,107.8714,7416.238224
Windows,Windows-11-10.0.26200-SP0,3.14.8,800,55,liberacao,94.5891,8457.634125
Windows,Windows-11-10.0.26200-SP0,3.14.8,800,56,alocacao,278.8191,2869.243893
Windows,Windows-11-10.0.26200-SP0,3.14.8,800,56,escrita,157.3819,5083.176655
Windows,Windows-11-10.0.26200-SP0,3.14.8,800,56,leitura,122.6272,6523.838104
Windows,Windows-11-10.0.26200-SP0,3.14.8,800,56,liberacao,89.7584,8912.814845
Windows,Windows-11-10.0.26200-SP0,3.14.8,800,57,alocacao,262.6611,3045.749827
Windows,Windows-11-10.0.26200-SP0,3.14.8,800,57,escrita,145.3154,5505.266476
Windows,Windows-11-10.0.26200-SP0,3.14.8,800,57,leitura,119.0727,6718.584529
Windows,Windows-11-10.0.26200-SP0,3.14.8,800,57,liberacao,82.5554,9690.462405
Windows,Windows-11-10.0.26200-SP0,3.14.8,800,58,alocacao,271.7218,2944.187769
Windows,Windows-11-10.0.26200-SP0,3.14.8,800,58,escrita,150.5029,5315.512193
Windows,Windows-11-10.0.26200-SP0,3.14.8,800,58,leitura,118.1891,6768.813706
Windows,Windows-11-10.0.26200-SP0,3.14.8,800,58,liberacao,91.1394,8777.762417
Windows,Windows-11-10.0.26200-SP0,3.14.8,800,59,alocacao,295.1163,2710.79571
Windows,Windows-11-10.0.26200-SP0,3.14.8,800,59,escrita,146.8346,5448.307143
Windows,Windows-11-10.0.26200-SP0,3.14.8,800,59,leitura,105.2277,7602.560923
Windows,Windows-11-10.0.26200-SP0,3.14.8,800,59,liberacao,89.4528,8943.263934
Windows,Windows-11-10.0.26200-SP0,3.14.8,800,60,alocacao,265.1372,3017.305757
Windows,Windows-11-10.0.26200-SP0,3.14.8,800,60,escrita,146.0402,5477.943744
Windows,Windows-11-10.0.26200-SP0,3.14.8,800,60,leitura,103.3822,7738.276028
Windows,Windows-11-10.0.26200-SP0,3.14.8,800,60,liberacao,89.3766,8950.888711
Windows,Windows-11-10.0.26200-SP0,3.14.8,800,61,alocacao,283.3103,2823.758967
Windows,Windows-11-10.0.26200-SP0,3.14.8,800,61,escrita,139.6778,5727.467071
Windows,Windows-11-10.0.26200-SP0,3.14.8,800,61,leitura,110.9712,7209.077671
Windows,Windows-11-10.0.26200-SP0,3.14.8,800,61,liberacao,87.6765,9124.45182
Windows,Windows-11-10.0.26200-SP0,3.14.8,800,62,alocacao,263.3352,3037.953149
Windows,Windows-11-10.0.26200-SP0,3.14.8,800,62,escrita,164.6956,4857.446101
Windows,Windows-11-10.0.26200-SP0,3.14.8,800,62,leitura,116.0657,6892.647871
Windows,Windows-11-10.0.26200-SP0,3.14.8,800,62,liberacao,92.9189,8609.65853
Windows,Windows-11-10.0.26200-SP0,3.14.8,800,63,alocacao,328.0542,2438.621423
Windows,Windows-11-10.0.26200-SP0,3.14.8,800,63,escrita,154.071,5192.411291
Windows,Windows-11-10.0.26200-SP0,3.14.8,800,63,leitura,150.671,5309.581804
Windows,Windows-11-10.0.26200-SP0,3.14.8,800,63,liberacao,96.8976,8256.138439
Windows,Windows-11-10.0.26200-SP0,3.14.8,800,64,alocacao,450.8796,1774.309594
Windows,Windows-11-10.0.26200-SP0,3.14.8,800,64,escrita,156.6089,5108.266516
Windows,Windows-11-10.0.26200-SP0,3.14.8,800,64,leitura,112.0087,7142.302339
Windows,Windows-11-10.0.26200-SP0,3.14.8,800,64,liberacao,89.7912,8909.559066
Windows,Windows-11-10.0.26200-SP0,3.14.8,800,65,alocacao,264.3572,3026.208479
Windows,Windows-11-10.0.26200-SP0,3.14.8,800,65,escrita,136.7534,5849.945961
Windows,Windows-11-10.0.26200-SP0,3.14.8,800,65,leitura,115.3782,6933.718848
Windows,Windows-11-10.0.26200-SP0,3.14.8,800,65,liberacao,98.4393,8126.835522
Windows,Windows-11-10.0.26200-SP0,3.14.8,800,66,alocacao,265.5772,3012.306779
Windows,Windows-11-10.0.26200-SP0,3.14.8,800,66,escrita,159.8397,5005.014399
Windows,Windows-11-10.0.26200-SP0,3.14.8,800,66,leitura,113.7551,7032.651723
Windows,Windows-11-10.0.26200-SP0,3.14.8,800,66,liberacao,93.7537,8532.996564
Windows,Windows-11-10.0.26200-SP0,3.14.8,800,67,alocacao,272.3834,2937.036545
Windows,Windows-11-10.0.26200-SP0,3.14.8,800,67,escrita,138.0386,5795.480395
Windows,Windows-11-10.0.26200-SP0,3.14.8,800,67,leitura,122.064,6553.938917
Windows,Windows-11-10.0.26200-SP0,3.14.8,800,67,liberacao,104.4892,7656.293665
Windows,Windows-11-10.0.26200-SP0,3.14.8,800,68,alocacao,277.1244,2886.790192
Windows,Windows-11-10.0.26200-SP0,3.14.8,800,68,escrita,143.4309,5577.59869
Windows,Windows-11-10.0.26200-SP0,3.14.8,800,68,leitura,120.5684,6635.237757
Windows,Windows-11-10.0.26200-SP0,3.14.8,800,68,liberacao,92.8635,8614.794833
Windows,Windows-11-10.0.26200-SP0,3.14.8,800,69,alocacao,298.5203,2679.884752
Windows,Windows-11-10.0.26200-SP0,3.14.8,800,69,escrita,180.491,4432.353968
Windows,Windows-11-10.0.26200-SP0,3.14.8,800,69,leitura,114.9165,6961.576449
Windows,Windows-11-10.0.26200-SP0,3.14.8,800,69,liberacao,88.188,9071.529006
Windows,Windows-11-10.0.26200-SP0,3.14.8,800,70,alocacao,308.1087,2596.48624
Windows,Windows-11-10.0.26200-SP0,3.14.8,800,70,escrita,151.3181,5286.875793
Windows,Windows-11-10.0.26200-SP0,3.14.8,800,70,leitura,122.9464,6506.900568
Windows,Windows-11-10.0.26200-SP0,3.14.8,800,70,liberacao,95.9321,8339.231602
Windows,Windows-11-10.0.26200-SP0,3.14.8,800,71,alocacao,304.562,2626.722966
Windows,Windows-11-10.0.26200-SP0,3.14.8,800,71,escrita,142.8991,5598.355763
Windows,Windows-11-10.0.26200-SP0,3.14.8,800,71,leitura,105.6291,7573.670513
Windows,Windows-11-10.0.26200-SP0,3.14.8,800,71,liberacao,96.2392,8312.621053
Windows,Windows-11-10.0.26200-SP0,3.14.8,800,72,alocacao,274.6513,2912.78432
Windows,Windows-11-10.0.26200-SP0,3.14.8,800,72,escrita,150.6604,5309.95537
Windows,Windows-11-10.0.26200-SP0,3.14.8,800,72,leitura,116.5981,6861.175268
Windows,Windows-11-10.0.26200-SP0,3.14.8,800,72,liberacao,102.0993,7835.509156
Windows,Windows-11-10.0.26200-SP0,3.14.8,800,73,alocacao,263.3118,3038.223126
Windows,Windows-11-10.0.26200-SP0,3.14.8,800,73,escrita,172.1512,4647.077685
Windows,Windows-11-10.0.26200-SP0,3.14.8,800,73,leitura,114.5717,6982.527099
Windows,Windows-11-10.0.26200-SP0,3.14.8,800,73,liberacao,95.5229,8374.955115
Windows,Windows-11-10.0.26200-SP0,3.14.8,800,74,alocacao,276.3649,2894.723606
Windows,Windows-11-10.0.26200-SP0,3.14.8,800,74,escrita,159.9509,5001.534846
Windows,Windows-11-10.0.26200-SP0,3.14.8,800,74,leitura,108.3944,7380.455079
Windows,Windows-11-10.0.26200-SP0,3.14.8,800,74,liberacao,90.9049,8800.405699
Windows,Windows-11-10.0.26200-SP0,3.14.8,800,75,alocacao,772.111,1036.120454
Windows,Windows-11-10.0.26200-SP0,3.14.8,800,75,escrita,157.9299,5065.538571
Windows,Windows-11-10.0.26200-SP0,3.14.8,800,75,leitura,135.5714,5900.94961
Windows,Windows-11-10.0.26200-SP0,3.14.8,800,75,liberacao,93.9635,8513.944244
Windows,Windows-11-10.0.26200-SP0,3.14.8,800,76,alocacao,283.3542,2823.321482
Windows,Windows-11-10.0.26200-SP0,3.14.8,800,76,escrita,145.2304,5508.488581
Windows,Windows-11-10.0.26200-SP0,3.14.8,800,76,leitura,115.0956,6950.743556
Windows,Windows-11-10.0.26200-SP0,3.14.8,800,76,liberacao,91.6198,8731.737026
Windows,Windows-11-10.0.26200-SP0,3.14.8,800,77,alocacao,266.5365,3001.46509
Windows,Windows-11-10.0.26200-SP0,3.14.8,800,77,escrita,150.877,5302.332363
Windows,Windows-11-10.0.26200-SP0,3.14.8,800,77,leitura,109.7041,7292.343677
Windows,Windows-11-10.0.26200-SP0,3.14.8,800,77,liberacao,85.107,9399.93185
Windows,Windows-11-10.0.26200-SP0,3.14.8,800,78,alocacao,267.7564,2987.790395
Windows,Windows-11-10.0.26200-SP0,3.14.8,800,78,escrita,144.1548,5549.589747
Windows,Windows-11-10.0.26200-SP0,3.14.8,800,78,leitura,104.4694,7657.744756
Windows,Windows-11-10.0.26200-SP0,3.14.8,800,78,liberacao,80.1268,9984.175082
Windows,Windows-11-10.0.26200-SP0,3.14.8,800,79,alocacao,275.5207,2903.593088
Windows,Windows-11-10.0.26200-SP0,3.14.8,800,79,escrita,149.7169,5343.418145
Windows,Windows-11-10.0.26200-SP0,3.14.8,800,79,leitura,102.7662,7784.660715
Windows,Windows-11-10.0.26200-SP0,3.14.8,800,79,liberacao,84.6242,9453.560565
Windows,Windows-11-10.0.26200-SP0,3.14.8,800,80,alocacao,271.7609,2943.764169
Windows,Windows-11-10.0.26200-SP0,3.14.8,800,80,escrita,141.1765,5666.665486
Windows,Windows-11-10.0.26200-SP0,3.14.8,800,80,leitura,109.8706,7281.292721
Windows,Windows-11-10.0.26200-SP0,3.14.8,800,80,liberacao,89.4022,8948.325656
Windows,Windows-11-10.0.26200-SP0,3.14.8,800,81,alocacao,276.7358,2890.843902
Windows,Windows-11-10.0.26200-SP0,3.14.8,800,81,escrita,145.485,5498.848679
Windows,Windows-11-10.0.26200-SP0,3.14.8,800,81,leitura,113.0501,7076.508557
Windows,Windows-11-10.0.26200-SP0,3.14.8,800,81,liberacao,88.8069,9008.309039
Windows,Windows-11-10.0.26200-SP0,3.14.8,800,82,alocacao,268.6042,2978.359981
Windows,Windows-11-10.0.26200-SP0,3.14.8,800,82,escrita,144.0618,5553.172319
Windows,Windows-11-10.0.26200-SP0,3.14.8,800,82,leitura,110.9015,7213.608472
Windows,Windows-11-10.0.26200-SP0,3.14.8,800,82,liberacao,82.5647,9689.370881
Windows,Windows-11-10.0.26200-SP0,3.14.8,800,83,alocacao,284.7897,2809.090357
Windows,Windows-11-10.0.26200-SP0,3.14.8,800,83,escrita,169.7945,4711.577819
Windows,Windows-11-10.0.26200-SP0,3.14.8,800,83,leitura,118.5314,6749.266439
Windows,Windows-11-10.0.26200-SP0,3.14.8,800,83,liberacao,87.7122,9120.73805
Windows,Windows-11-10.0.26200-SP0,3.14.8,800,84,alocacao,281.578,2841.131054
Windows,Windows-11-10.0.26200-SP0,3.14.8,800,84,escrita,140.0887,5710.667598
Windows,Windows-11-10.0.26200-SP0,3.14.8,800,84,leitura,119.1558,6713.898946
Windows,Windows-11-10.0.26200-SP0,3.14.8,800,84,liberacao,93.5112,8555.124948
Windows,Windows-11-10.0.26200-SP0,3.14.8,800,85,alocacao,280.9775,2847.203068
Windows,Windows-11-10.0.26200-SP0,3.14.8,800,85,escrita,148.3921,5391.122573
Windows,Windows-11-10.0.26200-SP0,3.14.8,800,85,leitura,105.0821,7613.094904
Windows,Windows-11-10.0.26200-SP0,3.14.8,800,85,liberacao,89.0461,8984.110478
Windows,Windows-11-10.0.26200-SP0,3.14.8,800,86,alocacao,286.0379,2796.832168
Windows,Windows-11-10.0.26200-SP0,3.14.8,800,86,escrita,153.0673,5226.459211
Windows,Windows-11-10.0.26200-SP0,3.14.8,800,86,leitura,109.3112,7318.554732
Windows,Windows-11-10.0.26200-SP0,3.14.8,800,86,liberacao,85.6765,9337.449592
Windows,Windows-11-10.0.26200-SP0,3.14.8,800,87,alocacao,285.0734,2806.2948
Windows,Windows-11-10.0.26200-SP0,3.14.8,800,87,escrita,205.8119,3887.044432
Windows,Windows-11-10.0.26200-SP0,3.14.8,800,87,leitura,192.5386,4155.010995
Windows,Windows-11-10.0.26200-SP0,3.14.8,800,87,liberacao,84.3318,9486.338487
Windows,Windows-11-10.0.26200-SP0,3.14.8,800,88,alocacao,365.8845,2186.482346
Windows,Windows-11-10.0.26200-SP0,3.14.8,800,88,escrita,164.8273,4853.564913
Windows,Windows-11-10.0.26200-SP0,3.14.8,800,88,leitura,111.1193,7199.469399
Windows,Windows-11-10.0.26200-SP0,3.14.8,800,88,liberacao,86.1787,9283.036296
Windows,Windows-11-10.0.26200-SP0,3.14.8,800,89,alocacao,339.9428,2353.337091
Windows,Windows-11-10.0.26200-SP0,3.14.8,800,89,escrita,138.9894,5755.834618
Windows,Windows-11-10.0.26200-SP0,3.14.8,800,89,leitura,102.0597,7838.549398
Windows,Windows-11-10.0.26200-SP0,3.14.8,800,89,liberacao,96.1764,8318.048918
Windows,Windows-11-10.0.26200-SP0,3.14.8,800,90,alocacao,336.0842,2380.355875
Windows,Windows-11-10.0.26200-SP0,3.14.8,800,90,escrita,157.6756,5073.708297
Windows,Windows-11-10.0.26200-SP0,3.14.8,800,90,leitura,110.2014,7259.435906
Windows,Windows-11-10.0.26200-SP0,3.14.8,800,90,liberacao,83.598,9569.606928
Windows,Windows-11-10.0.26200-SP0,3.14.8,800,91,alocacao,302.1655,2647.555727
Windows,Windows-11-10.0.26200-SP0,3.14.8,800,91,escrita,151.7697,5271.144372
Windows,Windows-11-10.0.26200-SP0,3.14.8,800,91,leitura,102.7262,7787.691942
Windows,Windows-11-10.0.26200-SP0,3.14.8,800,91,liberacao,83.6644,9562.012039
Windows,Windows-11-10.0.26200-SP0,3.14.8,800,92,alocacao,331.7853,2411.197844
Windows,Windows-11-10.0.26200-SP0,3.14.8,800,92,escrita,142.2856,5622.494476
Windows,Windows-11-10.0.26200-SP0,3.14.8,800,92,leitura,117.9962,6779.879352
Windows,Windows-11-10.0.26200-SP0,3.14.8,800,92,liberacao,117.4296,6812.592396
Windows,Windows-11-10.0.26200-SP0,3.14.8,800,93,alocacao,337.902,2367.550355
Windows,Windows-11-10.0.26200-SP0,3.14.8,800,93,escrita,157.6327,5075.089115
Windows,Windows-11-10.0.26200-SP0,3.14.8,800,93,leitura,109.554,7302.334922
Windows,Windows-11-10.0.26200-SP0,3.14.8,800,93,liberacao,93.5298,8553.423615
Windows,Windows-11-10.0.26200-SP0,3.14.8,800,94,alocacao,314.29,2545.419835
Windows,Windows-11-10.0.26200-SP0,3.14.8,800,94,escrita,140.026,5713.224687
Windows,Windows-11-10.0.26200-SP0,3.14.8,800,94,leitura,118.7015,6739.594698
Windows,Windows-11-10.0.26200-SP0,3.14.8,800,94,liberacao,106.0502,7543.597278
Windows,Windows-11-10.0.26200-SP0,3.14.8,800,95,alocacao,343.2203,2330.864462
Windows,Windows-11-10.0.26200-SP0,3.14.8,800,95,escrita,135.5918,5900.061803
Windows,Windows-11-10.0.26200-SP0,3.14.8,800,95,leitura,103.5674,7724.438385
Windows,Windows-11-10.0.26200-SP0,3.14.8,800,95,liberacao,83.5136,9579.278106
Windows,Windows-11-10.0.26200-SP0,3.14.8,800,96,alocacao,298.9027,2676.456251
Windows,Windows-11-10.0.26200-SP0,3.14.8,800,96,escrita,142.3035,5621.787236
Windows,Windows-11-10.0.26200-SP0,3.14.8,800,96,leitura,100.8735,7930.725116
Windows,Windows-11-10.0.26200-SP0,3.14.8,800,96,liberacao,80.5353,9933.532252
Windows,Windows-11-10.0.26200-SP0,3.14.8,800,97,alocacao,297.7617,2686.712227
Windows,Windows-11-10.0.26200-SP0,3.14.8,800,97,escrita,144.5694,5533.674484
Windows,Windows-11-10.0.26200-SP0,3.14.8,800,97,leitura,110.1582,7262.28279
Windows,Windows-11-10.0.26200-SP0,3.14.8,800,97,liberacao,91.4623,8746.773261
Windows,Windows-11-10.0.26200-SP0,3.14.8,800,98,alocacao,283.1886,2824.972474
Windows,Windows-11-10.0.26200-SP0,3.14.8,800,98,escrita,137.4783,5819.100178
Windows,Windows-11-10.0.26200-SP0,3.14.8,800,98,leitura,100.5323,7957.641474
Windows,Windows-11-10.0.26200-SP0,3.14.8,800,98,liberacao,87.5991,9132.513919
Windows,Windows-11-10.0.26200-SP0,3.14.8,800,99,alocacao,265.1361,3017.318275
Windows,Windows-11-10.0.26200-SP0,3.14.8,800,99,escrita,126.5609,6321.067565
Windows,Windows-11-10.0.26200-SP0,3.14.8,800,99,leitura,109.6071,7298.797249
Windows,Windows-11-10.0.26200-SP0,3.14.8,800,99,liberacao,95.5426,8373.228277
Windows,Windows-11-10.0.26200-SP0,3.14.8,800,100,alocacao,248.6723,3217.085297
Windows,Windows-11-10.0.26200-SP0,3.14.8,800,100,escrita,127.9369,6253.082574
Windows,Windows-11-10.0.26200-SP0,3.14.8,800,100,leitura,105.972,7549.16393
Windows,Windows-11-10.0.26200-SP0,3.14.8,800,100,liberacao,81.2964,9840.534144
Windows,Windows-11-10.0.26200-SP0,3.14.8,900,1,alocacao,329.975,2727.479354
Windows,Windows-11-10.0.26200-SP0,3.14.8,900,1,escrita,137.6763,6537.07283
Windows,Windows-11-10.0.26200-SP0,3.14.8,900,1,leitura,111.2182,8092.200737
Windows,Windows-11-10.0.26200-SP0,3.14.8,900,1,liberacao,89.0872,10102.461409
Windows,Windows-11-10.0.26200-SP0,3.14.8,900,2,alocacao,307.9542,2922.512503
Windows,Windows-11-10.0.26200-SP0,3.14.8,900,2,escrita,133.5503,6739.033907
Windows,Windows-11-10.0.26200-SP0,3.14.8,900,2,leitura,111.845,8046.850552
Windows,Windows-11-10.0.26200-SP0,3.14.8,900,2,liberacao,111.1481,8097.304407
Windows,Windows-11-10.0.26200-SP0,3.14.8,900,3,alocacao,284.1648,3167.17623
Windows,Windows-11-10.0.26200-SP0,3.14.8,900,3,escrita,250.3757,3594.598038
Windows,Windows-11-10.0.26200-SP0,3.14.8,900,3,leitura,114.9095,7832.250597
Windows,Windows-11-10.0.26200-SP0,3.14.8,900,3,liberacao,100.9748,8913.114955
Windows,Windows-11-10.0.26200-SP0,3.14.8,900,4,alocacao,321.5878,2798.613629
Windows,Windows-11-10.0.26200-SP0,3.14.8,900,4,escrita,162.1976,5548.787405
Windows,Windows-11-10.0.26200-SP0,3.14.8,900,4,leitura,114.0385,7892.071537
Windows,Windows-11-10.0.26200-SP0,3.14.8,900,4,liberacao,96.8653,9291.252905
Windows,Windows-11-10.0.26200-SP0,3.14.8,900,5,alocacao,295.0463,3050.368705
Windows,Windows-11-10.0.26200-SP0,3.14.8,900,5,escrita,139.0622,6471.924074
Windows,Windows-11-10.0.26200-SP0,3.14.8,900,5,leitura,115.8801,7766.648458
Windows,Windows-11-10.0.26200-SP0,3.14.8,900,5,liberacao,96.6552,9311.449358
Windows,Windows-11-10.0.26200-SP0,3.14.8,900,6,alocacao,301.8063,2982.045106
Windows,Windows-11-10.0.26200-SP0,3.14.8,900,6,escrita,151.1361,5954.897606
Windows,Windows-11-10.0.26200-SP0,3.14.8,900,6,leitura,120.61,7462.067822
Windows,Windows-11-10.0.26200-SP0,3.14.8,900,6,liberacao,101.2062,8892.735821
Windows,Windows-11-10.0.26200-SP0,3.14.8,900,7,alocacao,315.9182,2848.838718
Windows,Windows-11-10.0.26200-SP0,3.14.8,900,7,escrita,157.5866,5711.145491
Windows,Windows-11-10.0.26200-SP0,3.14.8,900,7,leitura,128.5395,7001.738765
Windows,Windows-11-10.0.26200-SP0,3.14.8,900,7,liberacao,93.5882,9616.596964
Windows,Windows-11-10.0.26200-SP0,3.14.8,900,8,alocacao,308.7823,2914.674837
Windows,Windows-11-10.0.26200-SP0,3.14.8,900,8,escrita,183.1806,4913.184038
Windows,Windows-11-10.0.26200-SP0,3.14.8,900,8,leitura,120.4816,7470.020318
Windows,Windows-11-10.0.26200-SP0,3.14.8,900,8,liberacao,97.1807,9261.09814
Windows,Windows-11-10.0.26200-SP0,3.14.8,900,9,alocacao,331.1292,2717.97232
Windows,Windows-11-10.0.26200-SP0,3.14.8,900,9,escrita,157.2206,5724.44069
Windows,Windows-11-10.0.26200-SP0,3.14.8,900,9,leitura,116.6625,7714.561234
Windows,Windows-11-10.0.26200-SP0,3.14.8,900,9,liberacao,105.8449,8503.007703
Windows,Windows-11-10.0.26200-SP0,3.14.8,900,10,alocacao,411.5801,2186.694643
Windows,Windows-11-10.0.26200-SP0,3.14.8,900,10,escrita,150.2403,5990.403374
Windows,Windows-11-10.0.26200-SP0,3.14.8,900,10,leitura,121.9043,7382.840474
Windows,Windows-11-10.0.26200-SP0,3.14.8,900,10,liberacao,82.5382,10904.042007
Windows,Windows-11-10.0.26200-SP0,3.14.8,900,11,alocacao,379.23,2373.229966
Windows,Windows-11-10.0.26200-SP0,3.14.8,900,11,escrita,170.7055,5272.23786
Windows,Windows-11-10.0.26200-SP0,3.14.8,900,11,leitura,118.046,7624.146519
Windows,Windows-11-10.0.26200-SP0,3.14.8,900,11,liberacao,93.1278,9664.138957
Windows,Windows-11-10.0.26200-SP0,3.14.8,900,12,alocacao,387.6228,2321.844845
Windows,Windows-11-10.0.26200-SP0,3.14.8,900,12,escrita,144.3724,6233.878498
Windows,Windows-11-10.0.26200-SP0,3.14.8,900,12,leitura,110.4398,8149.236054
Windows,Windows-11-10.0.26200-SP0,3.14.8,900,12,liberacao,78.1814,11511.689481
Windows,Windows-11-10.0.26200-SP0,3.14.8,900,13,alocacao,367.0601,2451.91455
Windows,Windows-11-10.0.26200-SP0,3.14.8,900,13,escrita,144.7927,6215.782978
Windows,Windows-11-10.0.26200-SP0,3.14.8,900,13,leitura,113.0804,7958.93895
Windows,Windows-11-10.0.26200-SP0,3.14.8,900,13,liberacao,83.6941,10753.446181
Windows,Windows-11-10.0.26200-SP0,3.14.8,900,14,alocacao,355.917,2528.679439
Windows,Windows-11-10.0.26200-SP0,3.14.8,900,14,escrita,172.3067,5223.244366
Windows,Windows-11-10.0.26200-SP0,3.14.8,900,14,leitura,127.152,7078.142695
Windows,Windows-11-10.0.26200-SP0,3.14.8,900,14,liberacao,95.6241,9411.853288
Windows,Windows-11-10.0.26200-SP0,3.14.8,900,15,alocacao,339.052,2654.460083
Windows,Windows-11-10.0.26200-SP0,3.14.8,900,15,escrita,164.7604,5462.477634
Windows,Windows-11-10.0.26200-SP0,3.14.8,900,15,leitura,122.8039,7328.757474
Windows,Windows-11-10.0.26200-SP0,3.14.8,900,15,liberacao,93.9445,9580.124435
Windows,Windows-11-10.0.26200-SP0,3.14.8,900,16,alocacao,320.6464,2806.830203
Windows,Windows-11-10.0.26200-SP0,3.14.8,900,16,escrita,174.4879,5157.950781
Windows,Windows-11-10.0.26200-SP0,3.14.8,900,16,leitura,137.5624,6542.485447
Windows,Windows-11-10.0.26200-SP0,3.14.8,900,16,liberacao,125.471,7172.972241
Windows,Windows-11-10.0.26200-SP0,3.14.8,900,17,alocacao,315.324,2854.207101
Windows,Windows-11-10.0.26200-SP0,3.14.8,900,17,escrita,171.9297,5234.69767
Windows,Windows-11-10.0.26200-SP0,3.14.8,900,17,leitura,127.8047,7041.994543
Windows,Windows-11-10.0.26200-SP0,3.14.8,900,17,liberacao,104.9804,8573.02887
Windows,Windows-11-10.0.26200-SP0,3.14.8,900,18,alocacao,324.6363,2772.333223
Windows,Windows-11-10.0.26200-SP0,3.14.8,900,18,escrita,154.005,5843.966105
Windows,Windows-11-10.0.26200-SP0,3.14.8,900,18,leitura,112.2669,8016.610417
Windows,Windows-11-10.0.26200-SP0,3.14.8,900,18,liberacao,92.4579,9734.160088
Windows,Windows-11-10.0.26200-SP0,3.14.8,900,19,alocacao,308.5053,2917.291859
Windows,Windows-11-10.0.26200-SP0,3.14.8,900,19,escrita,169.7874,5300.746699
Windows,Windows-11-10.0.26200-SP0,3.14.8,900,19,leitura,124.8311,7209.741803
Windows,Windows-11-10.0.26200-SP0,3.14.8,900,19,liberacao,107.2588,8390.919906
Windows,Windows-11-10.0.26200-SP0,3.14.8,900,20,alocacao,307.4886,2926.937779
Windows,Windows-11-10.0.26200-SP0,3.14.8,900,20,escrita,152.3624,5906.969173
Windows,Windows-11-10.0.26200-SP0,3.14.8,900,20,leitura,120.6203,7461.430622
Windows,Windows-11-10.0.26200-SP0,3.14.8,900,20,liberacao,95.7671,9397.799453
Windows,Windows-11-10.0.26200-SP0,3.14.8,900,21,alocacao,307.7668,2924.292029
Windows,Windows-11-10.0.26200-SP0,3.14.8,900,21,escrita,154.4136,5828.502153
Windows,Windows-11-10.0.26200-SP0,3.14.8,900,21,leitura,125.0169,7199.026692
Windows,Windows-11-10.0.26200-SP0,3.14.8,900,21,liberacao,85.012,10586.740695
Windows,Windows-11-10.0.26200-SP0,3.14.8,900,22,alocacao,317.1033,2838.191845
Windows,Windows-11-10.0.26200-SP0,3.14.8,900,22,escrita,145.4673,6186.957481
Windows,Windows-11-10.0.26200-SP0,3.14.8,900,22,leitura,124.6073,7222.690805
Windows,Windows-11-10.0.26200-SP0,3.14.8,900,22,liberacao,85.9514,10471.033631
Windows,Windows-11-10.0.26200-SP0,3.14.8,900,23,alocacao,307.7776,2924.189415
Windows,Windows-11-10.0.26200-SP0,3.14.8,900,23,escrita,137.7824,6532.038925
Windows,Windows-11-10.0.26200-SP0,3.14.8,900,23,leitura,119.4445,7534.880216
Windows,Windows-11-10.0.26200-SP0,3.14.8,900,23,liberacao,109.4362,8223.969765
Windows,Windows-11-10.0.26200-SP0,3.14.8,900,24,alocacao,286.9634,3136.28846
Windows,Windows-11-10.0.26200-SP0,3.14.8,900,24,escrita,134.2938,6701.72413
Windows,Windows-11-10.0.26200-SP0,3.14.8,900,24,leitura,118.0176,7625.98121
Windows,Windows-11-10.0.26200-SP0,3.14.8,900,24,liberacao,88.5546,10163.221335
Windows,Windows-11-10.0.26200-SP0,3.14.8,900,25,alocacao,376.5254,2390.276991
Windows,Windows-11-10.0.26200-SP0,3.14.8,900,25,escrita,178.3598,5045.980092
Windows,Windows-11-10.0.26200-SP0,3.14.8,900,25,leitura,118.031,7625.115436
Windows,Windows-11-10.0.26200-SP0,3.14.8,900,25,liberacao,99.9438,9005.060844
Windows,Windows-11-10.0.26200-SP0,3.14.8,900,26,alocacao,313.7232,2868.770942
Windows,Windows-11-10.0.26200-SP0,3.14.8,900,26,escrita,155.4915,5788.097742
Windows,Windows-11-10.0.26200-SP0,3.14.8,900,26,leitura,113.9681,7896.946602
Windows,Windows-11-10.0.26200-SP0,3.14.8,900,26,liberacao,87.0657,10337.021353
Windows,Windows-11-10.0.26200-SP0,3.14.8,900,27,alocacao,306.384,2937.490208
Windows,Windows-11-10.0.26200-SP0,3.14.8,900,27,escrita,155.0668,5803.950298
Windows,Windows-11-10.0.26200-SP0,3.14.8,900,27,leitura,112.4116,8006.291166
Windows,Windows-11-10.0.26200-SP0,3.14.8,900,27,liberacao,80.8193,11135.953912
Windows,Windows-11-10.0.26200-SP0,3.14.8,900,28,alocacao,356.9776,2521.166594
Windows,Windows-11-10.0.26200-SP0,3.14.8,900,28,escrita,164.8575,5459.26027
Windows,Windows-11-10.0.26200-SP0,3.14.8,900,28,leitura,116.3264,7736.850792
Windows,Windows-11-10.0.26200-SP0,3.14.8,900,28,liberacao,78.3111,11492.623651
Windows,Windows-11-10.0.26200-SP0,3.14.8,900,29,alocacao,358.1603,2512.841317
Windows,Windows-11-10.0.26200-SP0,3.14.8,900,29,escrita,166.6567,5400.322939
Windows,Windows-11-10.0.26200-SP0,3.14.8,900,29,leitura,135.656,6634.42826
Windows,Windows-11-10.0.26200-SP0,3.14.8,900,29,liberacao,81.5379,11037.811864
Windows,Windows-11-10.0.26200-SP0,3.14.8,900,30,alocacao,375.4951,2396.835538
Windows,Windows-11-10.0.26200-SP0,3.14.8,900,30,escrita,156.3614,5755.896276
Windows,Windows-11-10.0.26200-SP0,3.14.8,900,30,leitura,120.1146,7492.844334
Windows,Windows-11-10.0.26200-SP0,3.14.8,900,30,liberacao,84.9254,10597.536191
Windows,Windows-11-10.0.26200-SP0,3.14.8,900,31,alocacao,354.4761,2538.958198
Windows,Windows-11-10.0.26200-SP0,3.14.8,900,31,escrita,138.7419,6486.865179
Windows,Windows-11-10.0.26200-SP0,3.14.8,900,31,leitura,101.7541,8844.852443
Windows,Windows-11-10.0.26200-SP0,3.14.8,900,31,liberacao,79.3053,11348.547953
Windows,Windows-11-10.0.26200-SP0,3.14.8,900,32,alocacao,369.2995,2437.046354
Windows,Windows-11-10.0.26200-SP0,3.14.8,900,32,escrita,144.1462,6243.66095
Windows,Windows-11-10.0.26200-SP0,3.14.8,900,32,leitura,98.1025,9174.078133
Windows,Windows-11-10.0.26200-SP0,3.14.8,900,32,liberacao,76.2927,11796.672552
Windows,Windows-11-10.0.26200-SP0,3.14.8,900,33,alocacao,478.2052,1882.037251
Windows,Windows-11-10.0.26200-SP0,3.14.8,900,33,escrita,745.7201,1206.887142
Windows,Windows-11-10.0.26200-SP0,3.14.8,900,33,leitura,109.973,8183.826939
Windows,Windows-11-10.0.26200-SP0,3.14.8,900,33,liberacao,81.0738,11100.99687
Windows,Windows-11-10.0.26200-SP0,3.14.8,900,34,alocacao,396.5043,2269.83667
Windows,Windows-11-10.0.26200-SP0,3.14.8,900,34,escrita,157.8363,5702.110351
Windows,Windows-11-10.0.26200-SP0,3.14.8,900,34,leitura,124.5778,7224.401137
Windows,Windows-11-10.0.26200-SP0,3.14.8,900,34,liberacao,89.0824,10103.005756
Windows,Windows-11-10.0.26200-SP0,3.14.8,900,35,alocacao,407.8098,2206.911163
Windows,Windows-11-10.0.26200-SP0,3.14.8,900,35,escrita,154.9434,5808.572679
Windows,Windows-11-10.0.26200-SP0,3.14.8,900,35,leitura,109.4642,8221.866144
Windows,Windows-11-10.0.26200-SP0,3.14.8,900,35,liberacao,82.8372,10864.683983
Windows,Windows-11-10.0.26200-SP0,3.14.8,900,36,alocacao,372.5415,2415.838235
Windows,Windows-11-10.0.26200-SP0,3.14.8,900,36,escrita,151.6494,5934.741582
Windows,Windows-11-10.0.26200-SP0,3.14.8,900,36,leitura,113.9344,7899.282394
Windows,Windows-11-10.0.26200-SP0,3.14.8,900,36,liberacao,89.3191,10076.232295
Windows,Windows-11-10.0.26200-SP0,3.14.8,900,37,alocacao,369.6903,2434.47015
Windows,Windows-11-10.0.26200-SP0,3.14.8,900,37,escrita,140.1163,6423.235555
Windows,Windows-11-10.0.26200-SP0,3.14.8,900,37,leitura,109.5902,8212.413154
Windows,Windows-11-10.0.26200-SP0,3.14.8,900,37,liberacao,87.5936,10274.723267
Windows,Windows-11-10.0.26200-SP0,3.14.8,900,38,alocacao,346.3913,2598.21768
Windows,Windows-11-10.0.26200-SP0,3.14.8,900,38,escrita,166.1492,5416.818137
Windows,Windows-11-10.0.26200-SP0,3.14.8,900,38,leitura,124.7423,7214.874185
Windows,Windows-11-10.0.26200-SP0,3.14.8,900,38,liberacao,98.4987,9137.17643
Windows,Windows-11-10.0.26200-SP0,3.14.8,900,39,alocacao,364.484,2469.244192
Windows,Windows-11-10.0.26200-SP0,3.14.8,900,39,escrita,175.6517,5123.7762
Windows,Windows-11-10.0.26200-SP0,3.14.8,900,39,leitura,147.0414,6120.725184
Windows,Windows-11-10.0.26200-SP0,3.14.8,900,39,liberacao,99.6993,9027.144624
Windows,Windows-11-10.0.26200-SP0,3.14.8,900,40,alocacao,349.4287,2575.63274
Windows,Windows-11-10.0.26200-SP0,3.14.8,900,40,escrita,141.5062,6360.145351
Windows,Windows-11-10.0.26200-SP0,3.14.8,900,40,leitura,131.7595,6830.627014
Windows,Windows-11-10.0.26200-SP0,3.14.8,900,40,liberacao,98.1156,9172.853247
Windows,Windows-11-10.0.26200-SP0,3.14.8,900,41,alocacao,336.1805,2677.133266
Windows,Windows-11-10.0.26200-SP0,3.14.8,900,41,escrita,161.2763,5580.485167
Windows,Windows-11-10.0.26200-SP0,3.14.8,900,41,leitura,113.8683,7903.867889
Windows,Windows-11-10.0.26200-SP0,3.14.8,900,41,liberacao,99.7687,9020.865261
Windows,Windows-11-10.0.26200-SP0,3.14.8,900,42,alocacao,331.9095,2711.582525
Windows,Windows-11-10.0.26200-SP0,3.14.8,900,42,escrita,142.7405,6305.148153
Windows,Windows-11-10.0.26200-SP0,3.14.8,900,42,leitura,129.8879,6929.051898
Windows,Windows-11-10.0.26200-SP0,3.14.8,900,42,liberacao,102.4338,8786.16238
Windows,Windows-11-10.0.26200-SP0,3.14.8,900,43,alocacao,310.4817,2898.721567
Windows,Windows-11-10.0.26200-SP0,3.14.8,900,43,escrita,134.2709,6702.867114
Windows,Windows-11-10.0.26200-SP0,3.14.8,900,43,leitura,113.0461,7961.353819
Windows,Windows-11-10.0.26200-SP0,3.14.8,900,43,liberacao,103.4683,8698.316296
Windows,Windows-11-10.0.26200-SP0,3.14.8,900,44,alocacao,290.9128,3093.710555
Windows,Windows-11-10.0.26200-SP0,3.14.8,900,44,escrita,138.6744,6490.022672
Windows,Windows-11-10.0.26200-SP0,3.14.8,900,44,leitura,128.462,7005.962853
Windows,Windows-11-10.0.26200-SP0,3.14.8,900,44,liberacao,89.8937,10011.825078
Windows,Windows-11-10.0.26200-SP0,3.14.8,900,45,alocacao,317.8362,2831.647245
Windows,Windows-11-10.0.26200-SP0,3.14.8,900,45,escrita,149.4028,6023.983486
Windows,Windows-11-10.0.26200-SP0,3.14.8,900,45,leitura,123.1539,7307.929347
Windows,Windows-11-10.0.26200-SP0,3.14.8,900,45,liberacao,96.4163,9334.521238
Windows,Windows-11-10.0.26200-SP0,3.14.8,900,46,alocacao,298.4195,3015.888707
Windows,Windows-11-10.0.26200-SP0,3.14.8,900,46,escrita,138.0513,6519.315646
Windows,Windows-11-10.0.26200-SP0,3.14.8,900,46,leitura,112.8179,7977.457478
Windows,Windows-11-10.0.26200-SP0,3.14.8,900,46,liberacao,96.0195,9373.09609
Windows,Windows-11-10.0.26200-SP0,3.14.8,900,47,alocacao,289.0302,3113.861458
Windows,Windows-11-10.0.26200-SP0,3.14.8,900,47,escrita,136.0484,6615.292793
Windows,Windows-11-10.0.26200-SP0,3.14.8,900,47,leitura,116.4651,7727.636863
Windows,Windows-11-10.0.26200-SP0,3.14.8,900,47,liberacao,83.9864,10716.020689
Windows,Windows-11-10.0.26200-SP0,3.14.8,900,48,alocacao,317.7374,2832.527741
Windows,Windows-11-10.0.26200-SP0,3.14.8,900,48,escrita,143.089,6289.791668
Windows,Windows-11-10.0.26200-SP0,3.14.8,900,48,leitura,112.2298,8019.260482
Windows,Windows-11-10.0.26200-SP0,3.14.8,900,48,liberacao,98.6976,9118.762766
Windows,Windows-11-10.0.26200-SP0,3.14.8,900,49,alocacao,293.5438,3065.981976
Windows,Windows-11-10.0.26200-SP0,3.14.8,900,49,escrita,133.6871,6732.137955
Windows,Windows-11-10.0.26200-SP0,3.14.8,900,49,leitura,111.1566,8096.685217
Windows,Windows-11-10.0.26200-SP0,3.14.8,900,49,liberacao,86.7152,10378.803255
Windows,Windows-11-10.0.26200-SP0,3.14.8,900,50,alocacao,310.9135,2894.695792
Windows,Windows-11-10.0.26200-SP0,3.14.8,900,50,escrita,141.7068,6351.141935
Windows,Windows-11-10.0.26200-SP0,3.14.8,900,50,leitura,121.3223,7418.25699
Windows,Windows-11-10.0.26200-SP0,3.14.8,900,50,liberacao,92.3427,9746.303714
Windows,Windows-11-10.0.26200-SP0,3.14.8,900,51,alocacao,283.6883,3172.496011
Windows,Windows-11-10.0.26200-SP0,3.14.8,900,51,escrita,147.5852,6098.172445
Windows,Windows-11-10.0.26200-SP0,3.14.8,900,51,leitura,118.7454,7579.240964
Windows,Windows-11-10.0.26200-SP0,3.14.8,900,51,liberacao,84.6852,10627.594904
Windows,Windows-11-10.0.26200-SP0,3.14.8,900,52,alocacao,308.1892,2920.284033
Windows,Windows-11-10.0.26200-SP0,3.14.8,900,52,escrita,137.0232,6568.230781
Windows,Windows-11-10.0.26200-SP0,3.14.8,900,52,leitura,107.2749,8389.660582
Windows,Windows-11-10.0.26200-SP0,3.14.8,900,52,liberacao,80.3078,11206.881523
Windows,Windows-11-10.0.26200-SP0,3.14.8,900,53,alocacao,318.73,2823.706586
Windows,Windows-11-10.0.26200-SP0,3.14.8,900,53,escrita,137.7139,6535.288014
Windows,Windows-11-10.0.26200-SP0,3.14.8,900,53,leitura,110.0279,8179.743501
Windows,Windows-11-10.0.26200-SP0,3.14.8,900,53,liberacao,94.5245,9521.341028
Windows,Windows-11-10.0.26200-SP0,3.14.8,900,54,alocacao,291.8075,3084.225046
Windows,Windows-11-10.0.26200-SP0,3.14.8,900,54,escrita,144.9493,6209.067584
Windows,Windows-11-10.0.26200-SP0,3.14.8,900,54,leitura,112.7475,7982.438635
Windows,Windows-11-10.0.26200-SP0,3.14.8,900,54,liberacao,94.6143,9512.304165
Windows,Windows-11-10.0.26200-SP0,3.14.8,900,55,alocacao,285.8793,3148.181768
Windows,Windows-11-10.0.26200-SP0,3.14.8,900,55,escrita,140.1838,6420.142698
Windows,Windows-11-10.0.26200-SP0,3.14.8,900,55,leitura,116.5397,7722.690208
Windows,Windows-11-10.0.26200-SP0,3.14.8,900,55,liberacao,95.8262,9392.00344
Windows,Windows-11-10.0.26200-SP0,3.14.8,900,56,alocacao,285.2779,3154.818512
Windows,Windows-11-10.0.26200-SP0,3.14.8,900,56,escrita,136.5669,6590.176683
Windows,Windows-11-10.0.26200-SP0,3.14.8,900,56,leitura,117.0434,7689.455364
Windows,Windows-11-10.0.26200-SP0,3.14.8,900,56,liberacao,98.6881,9119.640565
Windows,Windows-11-10.0.26200-SP0,3.14.8,900,57,alocacao,290.3832,3099.352855
Windows,Windows-11-10.0.26200-SP0,3.14.8,900,57,escrita,154.8875,5810.669034
Windows,Windows-11-10.0.26200-SP0,3.14.8,900,57,leitura,115.1938,7812.920487
Windows,Windows-11-10.0.26200-SP0,3.14.8,900,57,liberacao,96.4023,9335.876841
Windows,Windows-11-10.0.26200-SP0,3.14.8,900,58,alocacao,285.2476,3155.153628
Windows,Windows-11-10.0.26200-SP0,3.14.8,900,58,escrita,143.8179,6257.913653
Windows,Windows-11-10.0.26200-SP0,3.14.8,900,58,leitura,109.1165,8248.065141
Windows,Windows-11-10.0.26200-SP0,3.14.8,900,58,liberacao,79.0178,11389.838745
Windows,Windows-11-10.0.26200-SP0,3.14.8,900,59,alocacao,314.436,2862.267679
Windows,Windows-11-10.0.26200-SP0,3.14.8,900,59,escrita,142.5869,6311.940297
Windows,Windows-11-10.0.26200-SP0,3.14.8,900,59,leitura,106.2411,8471.297831
Windows,Windows-11-10.0.26200-SP0,3.14.8,900,59,liberacao,78.1717,11513.117919
Windows,Windows-11-10.0.26200-SP0,3.14.8,900,60,alocacao,301.5197,2984.879595
Windows,Windows-11-10.0.26200-SP0,3.14.8,900,60,escrita,134.9164,6670.79762
Windows,Windows-11-10.0.26200-SP0,3.14.8,900,60,leitura,107.9092,8340.345402
Windows,Windows-11-10.0.26200-SP0,3.14.8,900,60,liberacao,89.7645,10026.235316
Windows,Windows-11-10.0.26200-SP0,3.14.8,900,61,alocacao,292.9015,3072.705329
Windows,Windows-11-10.0.26200-SP0,3.14.8,900,61,escrita,136.4191,6597.316651
Windows,Windows-11-10.0.26200-SP0,3.14.8,900,61,leitura,119.8883,7506.987754
Windows,Windows-11-10.0.26200-SP0,3.14.8,900,61,liberacao,90.6412,9929.259542
Windows,Windows-11-10.0.26200-SP0,3.14.8,900,62,alocacao,285.6182,3151.059701
Windows,Windows-11-10.0.26200-SP0,3.14.8,900,62,escrita,146.7403,6133.284449
Windows,Windows-11-10.0.26200-SP0,3.14.8,900,62,leitura,115.5727,7787.306172
Windows,Windows-11-10.0.26200-SP0,3.14.8,900,62,liberacao,94.4055,9533.342867
Windows,Windows-11-10.0.26200-SP0,3.14.8,900,63,alocacao,278.5745,3230.73361
Windows,Windows-11-10.0.26200-SP0,3.14.8,900,63,escrita,148.295,6068.984119
Windows,Windows-11-10.0.26200-SP0,3.14.8,900,63,leitura,114.5021,7860.117849
Windows,Windows-11-10.0.26200-SP0,3.14.8,900,63,liberacao,103.7144,8677.676388
Windows,Windows-11-10.0.26200-SP0,3.14.8,900,64,alocacao,282.9478,3180.79872
Windows,Windows-11-10.0.26200-SP0,3.14.8,900,64,escrita,139.217,6464.727727
Windows,Windows-11-10.0.26200-SP0,3.14.8,900,64,leitura,109.9933,8182.316559
Windows,Windows-11-10.0.26200-SP0,3.14.8,900,64,liberacao,94.1565,9558.554109
Windows,Windows-11-10.0.26200-SP0,3.14.8,900,65,alocacao,283.5267,3174.304219
Windows,Windows-11-10.0.26200-SP0,3.14.8,900,65,escrita,146.363,6149.095058
Windows,Windows-11-10.0.26200-SP0,3.14.8,900,65,leitura,117.3947,7666.444908
Windows,Windows-11-10.0.26200-SP0,3.14.8,900,65,liberacao,97.0826,9270.456292
Windows,Windows-11-10.0.26200-SP0,3.14.8,900,66,alocacao,301.4278,2985.789632
Windows,Windows-11-10.0.26200-SP0,3.14.8,900,66,escrita,140.1722,6420.674
Windows,Windows-11-10.0.26200-SP0,3.14.8,900,66,leitura,109.3918,8227.307714
Windows,Windows-11-10.0.26200-SP0,3.14.8,900,66,liberacao,98.1113,9173.255272
Windows,Windows-11-10.0.26200-SP0,3.14.8,900,67,alocacao,297.1794,3028.47371
Windows,Windows-11-10.0.26200-SP0,3.14.8,900,67,escrita,145.6246,6180.274487
Windows,Windows-11-10.0.26200-SP0,3.14.8,900,67,leitura,124.1503,7249.27769
Windows,Windows-11-10.0.26200-SP0,3.14.8,900,67,liberacao,99.6013,9036.026638
Windows,Windows-11-10.0.26200-SP0,3.14.8,900,68,alocacao,301.4644,2985.427135
Windows,Windows-11-10.0.26200-SP0,3.14.8,900,68,escrita,159.6945,5635.760781
Windows,Windows-11-10.0.26200-SP0,3.14.8,900,68,leitura,120.014,7499.125102
Windows,Windows-11-10.0.26200-SP0,3.14.8,900,68,liberacao,95.1515,9458.600232
Windows,Windows-11-10.0.26200-SP0,3.14.8,900,69,alocacao,289.8124,3105.457185
Windows,Windows-11-10.0.26200-SP0,3.14.8,900,69,escrita,147.8455,6087.435871
Windows,Windows-11-10.0.26200-SP0,3.14.8,900,69,leitura,115.68,7780.082988
Windows,Windows-11-10.0.26200-SP0,3.14.8,900,69,liberacao,96.548,9321.788126
Windows,Windows-11-10.0.26200-SP0,3.14.8,900,70,alocacao,290.1067,3102.306841
Windows,Windows-11-10.0.26200-SP0,3.14.8,900,70,escrita,138.3507,6505.207419
Windows,Windows-11-10.0.26200-SP0,3.14.8,900,70,leitura,108.7835,8273.313508
Windows,Windows-11-10.0.26200-SP0,3.14.8,900,70,liberacao,96.4561,9330.6696
Windows,Windows-11-10.0.26200-SP0,3.14.8,900,71,alocacao,278.481,3231.818329
Windows,Windows-11-10.0.26200-SP0,3.14.8,900,71,escrita,145.486,6186.162242
Windows,Windows-11-10.0.26200-SP0,3.14.8,900,71,leitura,116.5789,7720.09343
Windows,Windows-11-10.0.26200-SP0,3.14.8,900,71,liberacao,97.1592,9263.147494
Windows,Windows-11-10.0.26200-SP0,3.14.8,900,72,alocacao,282.5332,3185.466345
Windows,Windows-11-10.0.26200-SP0,3.14.8,900,72,escrita,144.3123,6236.474646
Windows,Windows-11-10.0.26200-SP0,3.14.8,900,72,leitura,113.1994,7950.572176
Windows,Windows-11-10.0.26200-SP0,3.14.8,900,72,liberacao,95.3474,9439.166668
Windows,Windows-11-10.0.26200-SP0,3.14.8,900,73,alocacao,303.7112,2963.34149
Windows,Windows-11-10.0.26200-SP0,3.14.8,900,73,escrita,146.7234,6133.990897
Windows,Windows-11-10.0.26200-SP0,3.14.8,900,73,leitura,125.2041,7188.263004
Windows,Windows-11-10.0.26200-SP0,3.14.8,900,73,liberacao,96.8532,9292.413673
Windows,Windows-11-10.0.26200-SP0,3.14.8,900,74,alocacao,290.2719,3100.541251
Windows,Windows-11-10.0.26200-SP0,3.14.8,900,74,escrita,147.6275,6096.425124
Windows,Windows-11-10.0.26200-SP0,3.14.8,900,74,leitura,117.9253,7631.950057
Windows,Windows-11-10.0.26200-SP0,3.14.8,900,74,liberacao,96.8888,9288.999348
Windows,Windows-11-10.0.26200-SP0,3.14.8,900,75,alocacao,270.6921,3324.810735
Windows,Windows-11-10.0.26200-SP0,3.14.8,900,75,escrita,156.0029,5769.123523
Windows,Windows-11-10.0.26200-SP0,3.14.8,900,75,leitura,113.874,7903.472259
Windows,Windows-11-10.0.26200-SP0,3.14.8,900,75,liberacao,97.8684,9196.022414
Windows,Windows-11-10.0.26200-SP0,3.14.8,900,76,alocacao,297.5317,3024.887768
Windows,Windows-11-10.0.26200-SP0,3.14.8,900,76,escrita,136.0592,6614.767689
Windows,Windows-11-10.0.26200-SP0,3.14.8,900,76,leitura,110.6436,8134.225567
Windows,Windows-11-10.0.26200-SP0,3.14.8,900,76,liberacao,81.5278,11039.179274
Windows,Windows-11-10.0.26200-SP0,3.14.8,900,77,alocacao,313.4967,2870.843617
Windows,Windows-11-10.0.26200-SP0,3.14.8,900,77,escrita,135.7731,6628.706275
Windows,Windows-11-10.0.26200-SP0,3.14.8,900,77,leitura,110.2331,8164.516828
Windows,Windows-11-10.0.26200-SP0,3.14.8,900,77,liberacao,92.9195,9685.803303
Windows,Windows-11-10.0.26200-SP0,3.14.8,900,78,alocacao,299.83,3001.700964
Windows,Windows-11-10.0.26200-SP0,3.14.8,900,78,escrita,136.8784,6575.179137
Windows,Windows-11-10.0.26200-SP0,3.14.8,900,78,leitura,118.5868,7589.37757
Windows,Windows-11-10.0.26200-SP0,3.14.8,900,78,liberacao,96.0339,9371.690622
Windows,Windows-11-10.0.26200-SP0,3.14.8,900,79,alocacao,301.593,2984.154142
Windows,Windows-11-10.0.26200-SP0,3.14.8,900,79,escrita,155.1707,5800.064058
Windows,Windows-11-10.0.26200-SP0,3.14.8,900,79,leitura,120.3542,7477.92765
Windows,Windows-11-10.0.26200-SP0,3.14.8,900,79,liberacao,89.8399,10017.82059
Windows,Windows-11-10.0.26200-SP0,3.14.8,900,80,alocacao,287.1693,3134.039746
Windows,Windows-11-10.0.26200-SP0,3.14.8,900,80,escrita,148.3099,6068.374397
Windows,Windows-11-10.0.26200-SP0,3.14.8,900,80,leitura,115.4514,7795.487972
Windows,Windows-11-10.0.26200-SP0,3.14.8,900,80,liberacao,98.7661,9112.438377
Windows,Windows-11-10.0.26200-SP0,3.14.8,900,81,alocacao,285.8638,3148.352467
Windows,Windows-11-10.0.26200-SP0,3.14.8,900,81,escrita,142.3133,6324.075122
Windows,Windows-11-10.0.26200-SP0,3.14.8,900,81,leitura,120.1172,7492.682147
Windows,Windows-11-10.0.26200-SP0,3.14.8,900,81,liberacao,86.9946,10345.469719
Windows,Windows-11-10.0.26200-SP0,3.14.8,900,82,alocacao,330.3905,2724.049269
Windows,Windows-11-10.0.26200-SP0,3.14.8,900,82,escrita,137.635,6539.034403
Windows,Windows-11-10.0.26200-SP0,3.14.8,900,82,leitura,113.8744,7903.444497
Windows,Windows-11-10.0.26200-SP0,3.14.8,900,82,liberacao,83.6335,10761.238021
Windows,Windows-11-10.0.26200-SP0,3.14.8,900,83,alocacao,307.5684,2926.178372
Windows,Windows-11-10.0.26200-SP0,3.14.8,900,83,escrita,134.7822,6677.439603
Windows,Windows-11-10.0.26200-SP0,3.14.8,900,83,leitura,115.8264,7770.24927
Windows,Windows-11-10.0.26200-SP0,3.14.8,900,83,liberacao,96.0437,9370.734364
Windows,Windows-11-10.0.26200-SP0,3.14.8,900,84,alocacao,303.4175,2966.209925
Windows,Windows-11-10.0.26200-SP0,3.14.8,900,84,escrita,146.8932,6126.90036
Windows,Windows-11-10.0.26200-SP0,3.14.8,900,84,leitura,127.4248,7062.989308
Windows,Windows-11-10.0.26200-SP0,3.14.8,900,84,liberacao,87.5224,10283.081817
Windows,Windows-11-10.0.26200-SP0,3.14.8,900,85,alocacao,359.5813,2502.911025
Windows,Windows-11-10.0.26200-SP0,3.14.8,900,85,escrita,169.5312,5308.757326
Windows,Windows-11-10.0.26200-SP0,3.14.8,900,85,leitura,122.9502,7320.036893
Windows,Windows-11-10.0.26200-SP0,3.14.8,900,85,liberacao,97.3403,9245.913563
Windows,Windows-11-10.0.26200-SP0,3.14.8,900,86,alocacao,312.5809,2879.254619
Windows,Windows-11-10.0.26200-SP0,3.14.8,900,86,escrita,137.6785,6536.968372
Windows,Windows-11-10.0.26200-SP0,3.14.8,900,86,leitura,112.0121,8034.846235
Windows,Windows-11-10.0.26200-SP0,3.14.8,900,86,liberacao,84.5401,10645.835527
Windows,Windows-11-10.0.26200-SP0,3.14.8,900,87,alocacao,312.9899,2875.492148
Windows,Windows-11-10.0.26200-SP0,3.14.8,900,87,escrita,147.1731,6115.247963
Windows,Windows-11-10.0.26200-SP0,3.14.8,900,87,leitura,114.9449,7829.83847
Windows,Windows-11-10.0.26200-SP0,3.14.8,900,87,liberacao,82.4797,10911.775867
Windows,Windows-11-10.0.26200-SP0,3.14.8,900,88,alocacao,372.3076,2417.355971
Windows,Windows-11-10.0.26200-SP0,3.14.8,900,88,escrita,153.6596,5857.102322
Windows,Windows-11-10.0.26200-SP0,3.14.8,900,88,leitura,122.7401,7332.566944
Windows,Windows-11-10.0.26200-SP0,3.14.8,900,88,liberacao,96.7828,9299.172994
Windows,Windows-11-10.0.26200-SP0,3.14.8,900,89,alocacao,274.4502,3279.283455
Windows,Windows-11-10.0.26200-SP0,3.14.8,900,89,escrita,143.3012,6280.477763
Windows,Windows-11-10.0.26200-SP0,3.14.8,900,89,leitura,120.4164,7474.064994
Windows,Windows-11-10.0.26200-SP0,3.14.8,900,89,liberacao,95.6923,9405.145451
Windows,Windows-11-10.0.26200-SP0,3.14.8,900,90,alocacao,283.0535,3179.610922
Windows,Windows-11-10.0.26200-SP0,3.14.8,900,90,escrita,142.2946,6324.906216
Windows,Windows-11-10.0.26200-SP0,3.14.8,900,90,leitura,104.1003,8645.508226
Windows,Windows-11-10.0.26200-SP0,3.14.8,900,90,liberacao,91.1904,9869.459943
Windows,Windows-11-10.0.26200-SP0,3.14.8,900,91,alocacao,290.4385,3098.762733
Windows,Windows-11-10.0.26200-SP0,3.14.8,900,91,escrita,139.8418,6435.843932
Windows,Windows-11-10.0.26200-SP0,3.14.8,900,91,leitura,109.3611,8229.617295
Windows,Windows-11-10.0.26200-SP0,3.14.8,900,91,liberacao,93.271,9649.301498
Windows,Windows-11-10.0.26200-SP0,3.14.8,900,92,alocacao,281.9496,3192.059858
Windows,Windows-11-10.0.26200-SP0,3.14.8,900,92,escrita,135.7358,6630.527834
Windows,Windows-11-10.0.26200-SP0,3.14.8,900,92,leitura,108.7202,8278.130467
Windows,Windows-11-10.0.26200-SP0,3.14.8,900,92,liberacao,100.7531,8932.727628
Windows,Windows-11-10.0.26200-SP0,3.14.8,900,93,alocacao,284.0077,3168.928166
Windows,Windows-11-10.0.26200-SP0,3.14.8,900,93,escrita,133.5409,6739.50827
Windows,Windows-11-10.0.26200-SP0,3.14.8,900,93,leitura,113.0633,7960.142681
Windows,Windows-11-10.0.26200-SP0,3.14.8,900,93,liberacao,101.052,8906.305664
Windows,Windows-11-10.0.26200-SP0,3.14.8,900,94,alocacao,289.8182,3105.395037
Windows,Windows-11-10.0.26200-SP0,3.14.8,900,94,escrita,142.0841,6334.276671
Windows,Windows-11-10.0.26200-SP0,3.14.8,900,94,leitura,111.1355,8098.22244
Windows,Windows-11-10.0.26200-SP0,3.14.8,900,94,liberacao,97.9262,9190.59455
Windows,Windows-11-10.0.26200-SP0,3.14.8,900,95,alocacao,285.9833,3147.036907
Windows,Windows-11-10.0.26200-SP0,3.14.8,900,95,escrita,136.429,6596.837916
Windows,Windows-11-10.0.26200-SP0,3.14.8,900,95,leitura,114.1842,7882.001188
Windows,Windows-11-10.0.26200-SP0,3.14.8,900,95,liberacao,86.6451,10387.200199
Windows,Windows-11-10.0.26200-SP0,3.14.8,900,96,alocacao,323.9458,2778.242533
Windows,Windows-11-10.0.26200-SP0,3.14.8,900,96,escrita,153.2379,5873.220659
Windows,Windows-11-10.0.26200-SP0,3.14.8,900,96,leitura,116.6744,7713.774401
Windows,Windows-11-10.0.26200-SP0,3.14.8,900,96,liberacao,82.65,10889.292196
Windows,Windows-11-10.0.26200-SP0,3.14.8,900,97,alocacao,297.3101,3027.142368
Windows,Windows-11-10.0.26200-SP0,3.14.8,900,97,escrita,144.6676,6221.15802
Windows,Windows-11-10.0.26200-SP0,3.14.8,900,97,leitura,112.5085,7999.395601
Windows,Windows-11-10.0.26200-SP0,3.14.8,900,97,liberacao,80.5599,11171.811286
Windows,Windows-11-10.0.26200-SP0,3.14.8,900,98,alocacao,307.1519,2930.146289
Windows,Windows-11-10.0.26200-SP0,3.14.8,900,98,escrita,137.3353,6553.304212
Windows,Windows-11-10.0.26200-SP0,3.14.8,900,98,leitura,110.3037,8159.291121
Windows,Windows-11-10.0.26200-SP0,3.14.8,900,98,liberacao,93.3918,9636.820363
Windows,Windows-11-10.0.26200-SP0,3.14.8,900,99,alocacao,290.5866,3097.183421
Windows,Windows-11-10.0.26200-SP0,3.14.8,900,99,escrita,135.248,6654.44221
Windows,Windows-11-10.0.26200-SP0,3.14.8,900,99,leitura,108.6079,8286.690011
Windows,Windows-11-10.0.26200-SP0,3.14.8,900,99,liberacao,93.6718,9608.014365
Windows,Windows-11-10.0.26200-SP0,3.14.8,900,100,alocacao,285.9172,3147.764458
Windows,Windows-11-10.0.26200-SP0,3.14.8,900,100,escrita,143.1238,6288.26233
Windows,Windows-11-10.0.26200-SP0,3.14.8,900,100,leitura,118.5868,7589.37757
Windows,Windows-11-10.0.26200-SP0,3.14.8,900,100,liberacao,95.3117,9442.702208
Windows,Windows-11-10.0.26200-SP0,3.14.8,1000,1,alocacao,320.94,3115.847199
Windows,Windows-11-10.0.26200-SP0,3.14.8,1000,1,escrita,156.1574,6403.795145
Windows,Windows-11-10.0.26200-SP0,3.14.8,1000,1,leitura,133.5158,7489.750277
Windows,Windows-11-10.0.26200-SP0,3.14.8,1000,1,liberacao,94.6201,10568.578981
Windows,Windows-11-10.0.26200-SP0,3.14.8,1000,2,alocacao,346.9007,2882.669306
Windows,Windows-11-10.0.26200-SP0,3.14.8,1000,2,escrita,159.5197,6268.818209
Windows,Windows-11-10.0.26200-SP0,3.14.8,1000,2,leitura,129.9684,7694.177969
Windows,Windows-11-10.0.26200-SP0,3.14.8,1000,2,liberacao,142.3269,7026.078696
Windows,Windows-11-10.0.26200-SP0,3.14.8,1000,3,alocacao,364.0845,2746.61514
Windows,Windows-11-10.0.26200-SP0,3.14.8,1000,3,escrita,174.6787,5724.796441
Windows,Windows-11-10.0.26200-SP0,3.14.8,1000,3,leitura,123.0488,8126.856987
Windows,Windows-11-10.0.26200-SP0,3.14.8,1000,3,liberacao,101.504,9851.828499
Windows,Windows-11-10.0.26200-SP0,3.14.8,1000,4,alocacao,332.0122,3011.937513
Windows,Windows-11-10.0.26200-SP0,3.14.8,1000,4,escrita,171.0094,5847.631768
Windows,Windows-11-10.0.26200-SP0,3.14.8,1000,4,leitura,128.3675,7790.133796
Windows,Windows-11-10.0.26200-SP0,3.14.8,1000,4,liberacao,104.2161,9595.446385
Windows,Windows-11-10.0.26200-SP0,3.14.8,1000,5,alocacao,351.8327,2842.259972
Windows,Windows-11-10.0.26200-SP0,3.14.8,1000,5,escrita,175.6884,5691.895424
Windows,Windows-11-10.0.26200-SP0,3.14.8,1000,5,leitura,144.8195,6905.147442
Windows,Windows-11-10.0.26200-SP0,3.14.8,1000,5,liberacao,125.3996,7974.507096
Windows,Windows-11-10.0.26200-SP0,3.14.8,1000,6,alocacao,358.7011,2787.836447
Windows,Windows-11-10.0.26200-SP0,3.14.8,1000,6,escrita,177.2362,5642.188221
Windows,Windows-11-10.0.26200-SP0,3.14.8,1000,6,leitura,142.518,7016.657545
Windows,Windows-11-10.0.26200-SP0,3.14.8,1000,6,liberacao,104.9775,9525.850778
Windows,Windows-11-10.0.26200-SP0,3.14.8,1000,7,alocacao,380.4616,2628.38615
Windows,Windows-11-10.0.26200-SP0,3.14.8,1000,7,escrita,191.6179,5218.719128
Windows,Windows-11-10.0.26200-SP0,3.14.8,1000,7,leitura,138.6198,7213.976647
Windows,Windows-11-10.0.26200-SP0,3.14.8,1000,7,liberacao,117.0674,8542.08772
Windows,Windows-11-10.0.26200-SP0,3.14.8,1000,8,alocacao,381.0802,2624.119542
Windows,Windows-11-10.0.26200-SP0,3.14.8,1000,8,escrita,199.1694,5020.851597
Windows,Windows-11-10.0.26200-SP0,3.14.8,1000,8,leitura,146.4737,6827.164194
Windows,Windows-11-10.0.26200-SP0,3.14.8,1000,8,liberacao,105.5178,9477.07401
Windows,Windows-11-10.0.26200-SP0,3.14.8,1000,9,alocacao,375.4083,2663.766358
Windows,Windows-11-10.0.26200-SP0,3.14.8,1000,9,escrita,194.5391,5140.354818
Windows,Windows-11-10.0.26200-SP0,3.14.8,1000,9,leitura,141.5056,7066.858131
Windows,Windows-11-10.0.26200-SP0,3.14.8,1000,9,liberacao,104.149,9601.628436
Windows,Windows-11-10.0.26200-SP0,3.14.8,1000,10,alocacao,366.1752,2730.933171
Windows,Windows-11-10.0.26200-SP0,3.14.8,1000,10,escrita,186.8435,5352.072724
Windows,Windows-11-10.0.26200-SP0,3.14.8,1000,10,leitura,144.4672,6921.986444
Windows,Windows-11-10.0.26200-SP0,3.14.8,1000,10,liberacao,120.5389,8296.077034
Windows,Windows-11-10.0.26200-SP0,3.14.8,1000,11,alocacao,358.3207,2790.796066
Windows,Windows-11-10.0.26200-SP0,3.14.8,1000,11,escrita,191.1856,5230.519453
Windows,Windows-11-10.0.26200-SP0,3.14.8,1000,11,leitura,134.1,7457.121551
Windows,Windows-11-10.0.26200-SP0,3.14.8,1000,11,liberacao,117.411,8517.08954
Windows,Windows-11-10.0.26200-SP0,3.14.8,1000,12,alocacao,414.9978,2409.651328
Windows,Windows-11-10.0.26200-SP0,3.14.8,1000,12,escrita,229.0926,4365.047147
Windows,Windows-11-10.0.26200-SP0,3.14.8,1000,12,leitura,157.6687,6342.41292
Windows,Windows-11-10.0.26200-SP0,3.14.8,1000,12,liberacao,139.4305,7172.031944
Windows,Windows-11-10.0.26200-SP0,3.14.8,1000,13,alocacao,375.1743,2665.427776
Windows,Windows-11-10.0.26200-SP0,3.14.8,1000,13,escrita,170.3769,5869.340269
Windows,Windows-11-10.0.26200-SP0,3.14.8,1000,13,leitura,128.9052,7757.638947
Windows,Windows-11-10.0.26200-SP0,3.14.8,1000,13,liberacao,105.7127,9459.601353
Windows,Windows-11-10.0.26200-SP0,3.14.8,1000,14,alocacao,355.7306,2811.116052
Windows,Windows-11-10.0.26200-SP0,3.14.8,1000,14,escrita,187.9461,5320.674385
Windows,Windows-11-10.0.26200-SP0,3.14.8,1000,14,leitura,136.5373,7324.005968
Windows,Windows-11-10.0.26200-SP0,3.14.8,1000,14,liberacao,99.8025,10019.789083
Windows,Windows-11-10.0.26200-SP0,3.14.8,1000,15,alocacao,348.0488,2873.160315
Windows,Windows-11-10.0.26200-SP0,3.14.8,1000,15,escrita,164.8937,6064.513077
Windows,Windows-11-10.0.26200-SP0,3.14.8,1000,15,leitura,136.2159,7341.286884
Windows,Windows-11-10.0.26200-SP0,3.14.8,1000,15,liberacao,108.8735,9184.97155
Windows,Windows-11-10.0.26200-SP0,3.14.8,1000,16,alocacao,322.906,3096.87649
Windows,Windows-11-10.0.26200-SP0,3.14.8,1000,16,escrita,154.5915,6468.660955
Windows,Windows-11-10.0.26200-SP0,3.14.8,1000,16,leitura,132.6598,7538.078604
Windows,Windows-11-10.0.26200-SP0,3.14.8,1000,16,liberacao,107.184,9329.750709
Windows,Windows-11-10.0.26200-SP0,3.14.8,1000,17,alocacao,329.2812,3036.91799
Windows,Windows-11-10.0.26200-SP0,3.14.8,1000,17,escrita,147.8182,6765.066819
Windows,Windows-11-10.0.26200-SP0,3.14.8,1000,17,leitura,133.8884,7468.90694
Windows,Windows-11-10.0.26200-SP0,3.14.8,1000,17,liberacao,99.1731,10083.379465
Windows,Windows-11-10.0.26200-SP0,3.14.8,1000,18,alocacao,330.8858,3022.190738
Windows,Windows-11-10.0.26200-SP0,3.14.8,1000,18,escrita,164.2309,6088.988126
Windows,Windows-11-10.0.26200-SP0,3.14.8,1000,18,leitura,131.8434,7584.755854
Windows,Windows-11-10.0.26200-SP0,3.14.8,1000,18,liberacao,91.9867,10871.136806
Windows,Windows-11-10.0.26200-SP0,3.14.8,1000,19,alocacao,338.8125,2951.484966
Windows,Windows-11-10.0.26200-SP0,3.14.8,1000,19,escrita,154.5979,6468.393167
Windows,Windows-11-10.0.26200-SP0,3.14.8,1000,19,leitura,126.0312,7934.543192
Windows,Windows-11-10.0.26200-SP0,3.14.8,1000,19,liberacao,131.8457,7584.623541
Windows,Windows-11-10.0.26200-SP0,3.14.8,1000,20,alocacao,360.4213,2774.530806
Windows,Windows-11-10.0.26200-SP0,3.14.8,1000,20,escrita,155.5428,6429.098615
Windows,Windows-11-10.0.26200-SP0,3.14.8,1000,20,leitura,130.6397,7654.640971
Windows,Windows-11-10.0.26200-SP0,3.14.8,1000,20,liberacao,109.605,9123.671365
Windows,Windows-11-10.0.26200-SP0,3.14.8,1000,21,alocacao,334.0062,2993.9564
Windows,Windows-11-10.0.26200-SP0,3.14.8,1000,21,escrita,169.6298,5895.190586
Windows,Windows-11-10.0.26200-SP0,3.14.8,1000,21,leitura,133.6859,7480.220427
Windows,Windows-11-10.0.26200-SP0,3.14.8,1000,21,liberacao,95.0674,10518.85294
Windows,Windows-11-10.0.26200-SP0,3.14.8,1000,22,alocacao,344.1607,2905.619381
Windows,Windows-11-10.0.26200-SP0,3.14.8,1000,22,escrita,177.5803,5631.255269
Windows,Windows-11-10.0.26200-SP0,3.14.8,1000,22,leitura,130.572,7658.609809
Windows,Windows-11-10.0.26200-SP0,3.14.8,1000,22,liberacao,107.6412,9290.123113
Windows,Windows-11-10.0.26200-SP0,3.14.8,1000,23,alocacao,328.9635,3039.850926
Windows,Windows-11-10.0.26200-SP0,3.14.8,1000,23,escrita,147.9508,6759.003669
Windows,Windows-11-10.0.26200-SP0,3.14.8,1000,23,leitura,127.7928,7825.166989
Windows,Windows-11-10.0.26200-SP0,3.14.8,1000,23,liberacao,117.5034,8510.39204
Windows,Windows-11-10.0.26200-SP0,3.14.8,1000,24,alocacao,310.6141,3219.428867
Windows,Windows-11-10.0.26200-SP0,3.14.8,1000,24,escrita,157.4799,6350.016732
Windows,Windows-11-10.0.26200-SP0,3.14.8,1000,24,leitura,130.6422,7654.49449
Windows,Windows-11-10.0.26200-SP0,3.14.8,1000,24,liberacao,107.5249,9300.171402
Windows,Windows-11-10.0.26200-SP0,3.14.8,1000,25,alocacao,336.2821,2973.693812
Windows,Windows-11-10.0.26200-SP0,3.14.8,1000,25,escrita,153.0602,6533.377063
Windows,Windows-11-10.0.26200-SP0,3.14.8,1000,25,leitura,123.2085,8116.323143
Windows,Windows-11-10.0.26200-SP0,3.14.8,1000,25,liberacao,105.2303,9502.966351
Windows,Windows-11-10.0.26200-SP0,3.14.8,1000,26,alocacao,326.4923,3062.859369
Windows,Windows-11-10.0.26200-SP0,3.14.8,1000,26,escrita,152.5203,6556.504282
Windows,Windows-11-10.0.26200-SP0,3.14.8,1000,26,leitura,134.5289,7433.347035
Windows,Windows-11-10.0.26200-SP0,3.14.8,1000,26,liberacao,114.4001,8741.2511
Windows,Windows-11-10.0.26200-SP0,3.14.8,1000,27,alocacao,318.95,3135.287663
Windows,Windows-11-10.0.26200-SP0,3.14.8,1000,27,escrita,158.6793,6302.01923
Windows,Windows-11-10.0.26200-SP0,3.14.8,1000,27,leitura,137.2094,7288.130405
Windows,Windows-11-10.0.26200-SP0,3.14.8,1000,27,liberacao,108.6803,9201.299592
Windows,Windows-11-10.0.26200-SP0,3.14.8,1000,28,alocacao,321.7549,3107.955776
Windows,Windows-11-10.0.26200-SP0,3.14.8,1000,28,escrita,158.5487,6307.21034
Windows,Windows-11-10.0.26200-SP0,3.14.8,1000,28,leitura,131.9486,7578.708679
Windows,Windows-11-10.0.26200-SP0,3.14.8,1000,28,liberacao,107.6981,9285.214874
Windows,Windows-11-10.0.26200-SP0,3.14.8,1000,29,alocacao,326.9896,3058.201239
Windows,Windows-11-10.0.26200-SP0,3.14.8,1000,29,escrita,155.314,6438.569607
Windows,Windows-11-10.0.26200-SP0,3.14.8,1000,29,leitura,132.7852,7530.959776
Windows,Windows-11-10.0.26200-SP0,3.14.8,1000,29,liberacao,108.945,9178.943504
Windows,Windows-11-10.0.26200-SP0,3.14.8,1000,30,alocacao,396.1944,2524.013464
Windows,Windows-11-10.0.26200-SP0,3.14.8,1000,30,escrita,175.5648,5695.902596
Windows,Windows-11-10.0.26200-SP0,3.14.8,1000,30,leitura,140.7178,7106.421505
Windows,Windows-11-10.0.26200-SP0,3.14.8,1000,30,liberacao,97.7687,10228.222325
Windows,Windows-11-10.0.26200-SP0,3.14.8,1000,31,alocacao,360.2347,2775.968001
Windows,Windows-11-10.0.26200-SP0,3.14.8,1000,31,escrita,159.8654,6255.262239
Windows,Windows-11-10.0.26200-SP0,3.14.8,1000,31,leitura,142.602,7012.524369
Windows,Windows-11-10.0.26200-SP0,3.14.8,1000,31,liberacao,114.823,8709.056548
Windows,Windows-11-10.0.26200-SP0,3.14.8,1000,32,alocacao,309.3954,3232.110109
Windows,Windows-11-10.0.26200-SP0,3.14.8,1000,32,escrita,149.2298,6701.07445
Windows,Windows-11-10.0.26200-SP0,3.14.8,1000,32,leitura,138.1542,7238.288811
Windows,Windows-11-10.0.26200-SP0,3.14.8,1000,32,liberacao,100.7975,9920.880974
Windows,Windows-11-10.0.26200-SP0,3.14.8,1000,33,alocacao,326.0481,3067.032134
Windows,Windows-11-10.0.26200-SP0,3.14.8,1000,33,escrita,163.1433,6129.580559
Windows,Windows-11-10.0.26200-SP0,3.14.8,1000,33,leitura,132.3189,7557.499344
Windows,Windows-11-10.0.26200-SP0,3.14.8,1000,33,liberacao,102.6499,9741.850698
Windows,Windows-11-10.0.26200-SP0,3.14.8,1000,34,alocacao,328.0522,3048.295363
Windows,Windows-11-10.0.26200-SP0,3.14.8,1000,34,escrita,157.4053,6353.026232
Windows,Windows-11-10.0.26200-SP0,3.14.8,1000,34,leitura,128.4677,7784.057783
Windows,Windows-11-10.0.26200-SP0,3.14.8,1000,34,liberacao,94.1205,10624.677939
Windows,Windows-11-10.0.26200-SP0,3.14.8,1000,35,alocacao,342.1428,2922.756229
Windows,Windows-11-10.0.26200-SP0,3.14.8,1000,35,escrita,156.6623,6383.156637
Windows,Windows-11-10.0.26200-SP0,3.14.8,1000,35,leitura,134.1236,7455.809418
Windows,Windows-11-10.0.26200-SP0,3.14.8,1000,35,liberacao,107.3647,9314.048286
Windows,Windows-11-10.0.26200-SP0,3.14.8,1000,36,alocacao,330.528,3025.462291
Windows,Windows-11-10.0.26200-SP0,3.14.8,1000,36,escrita,179.775,5562.508691
Windows,Windows-11-10.0.26200-SP0,3.14.8,1000,36,leitura,129.3857,7728.829384
Windows,Windows-11-10.0.26200-SP0,3.14.8,1000,36,liberacao,96.4417,10368.958656
Windows,Windows-11-10.0.26200-SP0,3.14.8,1000,37,alocacao,392.2383,2549.470564
Windows,Windows-11-10.0.26200-SP0,3.14.8,1000,37,escrita,153.312,6522.646629
Windows,Windows-11-10.0.26200-SP0,3.14.8,1000,37,leitura,125.1443,7990.775449
Windows,Windows-11-10.0.26200-SP0,3.14.8,1000,37,liberacao,92.6976,10787.765811
Windows,Windows-11-10.0.26200-SP0,3.14.8,1000,38,alocacao,342.1294,2922.870703
Windows,Windows-11-10.0.26200-SP0,3.14.8,1000,38,escrita,148.9015,6715.849068
Windows,Windows-11-10.0.26200-SP0,3.14.8,1000,38,leitura,128.3569,7790.777122
Windows,Windows-11-10.0.26200-SP0,3.14.8,1000,38,liberacao,93.1379,10736.767739
Windows,Windows-11-10.0.26200-SP0,3.14.8,1000,39,alocacao,385.2364,2595.808703
Windows,Windows-11-10.0.26200-SP0,3.14.8,1000,39,escrita,177.8696,5622.096187
Windows,Windows-11-10.0.26200-SP0,3.14.8,1000,39,leitura,119.8854,8341.299274
Windows,Windows-11-10.0.26200-SP0,3.14.8,1000,39,liberacao,90.0579,11103.967559
Windows,Windows-11-10.0.26200-SP0,3.14.8,1000,40,alocacao,339.8648,2942.346486
Windows,Windows-11-10.0.26200-SP0,3.14.8,1000,40,escrita,152.0489,6576.831532
Windows,Windows-11-10.0.26200-SP0,3.14.8,1000,40,leitura,123.0394,8127.477865
Windows,Windows-11-10.0.26200-SP0,3.14.8,1000,40,liberacao,106.3259,9405.046183
Windows,Windows-11-10.0.26200-SP0,3.14.8,1000,41,alocacao,317.1805,3152.778938
Windows,Windows-11-10.0.26200-SP0,3.14.8,1000,41,escrita,160.1518,6244.075933
Windows,Windows-11-10.0.26200-SP0,3.14.8,1000,41,leitura,132.4831,7548.132554
Windows,Windows-11-10.0.26200-SP0,3.14.8,1000,41,liberacao,105.4016,9487.522011
Windows,Windows-11-10.0.26200-SP0,3.14.8,1000,42,alocacao,313.2503,3192.335331
Windows,Windows-11-10.0.26200-SP0,3.14.8,1000,42,escrita,159.6466,6263.835246
Windows,Windows-11-10.0.26200-SP0,3.14.8,1000,42,leitura,124.1839,8052.573643
Windows,Windows-11-10.0.26200-SP0,3.14.8,1000,42,liberacao,111.2336,8990.089326
Windows,Windows-11-10.0.26200-SP0,3.14.8,1000,43,alocacao,317.2188,3152.398282
Windows,Windows-11-10.0.26200-SP0,3.14.8,1000,43,escrita,156.8016,6377.485944
Windows,Windows-11-10.0.26200-SP0,3.14.8,1000,43,leitura,128.74,7767.5936
Windows,Windows-11-10.0.26200-SP0,3.14.8,1000,43,liberacao,111.9291,8934.227113
Windows,Windows-11-10.0.26200-SP0,3.14.8,1000,44,alocacao,323.7175,3089.113193
Windows,Windows-11-10.0.26200-SP0,3.14.8,1000,44,escrita,153.8732,6498.857501
Windows,Windows-11-10.0.26200-SP0,3.14.8,1000,44,leitura,121.8162,8209.088775
Windows,Windows-11-10.0.26200-SP0,3.14.8,1000,44,liberacao,108.9363,9179.676563
Windows,Windows-11-10.0.26200-SP0,3.14.8,1000,45,alocacao,331.0485,3020.705425
Windows,Windows-11-10.0.26200-SP0,3.14.8,1000,45,escrita,167.7712,5960.498584
Windows,Windows-11-10.0.26200-SP0,3.14.8,1000,45,leitura,130.9474,7636.654107
Windows,Windows-11-10.0.26200-SP0,3.14.8,1000,45,liberacao,91.3926,10941.804916
Windows,Windows-11-10.0.26200-SP0,3.14.8,1000,46,alocacao,356.8594,2802.224069
Windows,Windows-11-10.0.26200-SP0,3.14.8,1000,46,escrita,157.689,6341.596433
Windows,Windows-11-10.0.26200-SP0,3.14.8,1000,46,leitura,118.7969,8417.728072
Windows,Windows-11-10.0.26200-SP0,3.14.8,1000,46,liberacao,97.7941,10225.565755
Windows,Windows-11-10.0.26200-SP0,3.14.8,1000,47,alocacao,323.721,3089.079794
Windows,Windows-11-10.0.26200-SP0,3.14.8,1000,47,escrita,152.3252,6564.901933
Windows,Windows-11-10.0.26200-SP0,3.14.8,1000,47,leitura,122.4015,8169.83452
Windows,Windows-11-10.0.26200-SP0,3.14.8,1000,47,liberacao,115.6342,8647.960551
Windows,Windows-11-10.0.26200-SP0,3.14.8,1000,48,alocacao,307.7372,3249.525894
Windows,Windows-11-10.0.26200-SP0,3.14.8,1000,48,escrita,163.1717,6128.513707
Windows,Windows-11-10.0.26200-SP0,3.14.8,1000,48,leitura,131.3526,7613.096353
Windows,Windows-11-10.0.26200-SP0,3.14.8,1000,48,liberacao,90.4522,11055.563049
Windows,Windows-11-10.0.26200-SP0,3.14.8,1000,49,alocacao,344.8292,2899.986428
Windows,Windows-11-10.0.26200-SP0,3.14.8,1000,49,escrita,158.2086,6320.768909
Windows,Windows-11-10.0.26200-SP0,3.14.8,1000,49,leitura,124.3521,8041.681644
Windows,Windows-11-10.0.26200-SP0,3.14.8,1000,49,liberacao,106.0771,9427.105379
Windows,Windows-11-10.0.26200-SP0,3.14.8,1000,50,alocacao,346.2906,2887.748036
Windows,Windows-11-10.0.26200-SP0,3.14.8,1000,50,escrita,156.8784,6374.363838
Windows,Windows-11-10.0.26200-SP0,3.14.8,1000,50,leitura,125.6663,7957.5829
Windows,Windows-11-10.0.26200-SP0,3.14.8,1000,50,liberacao,105.161,9509.228706
Windows,Windows-11-10.0.26200-SP0,3.14.8,1000,51,alocacao,325.1707,3075.307831
Windows,Windows-11-10.0.26200-SP0,3.14.8,1000,51,escrita,151.4535,6602.686633
Windows,Windows-11-10.0.26200-SP0,3.14.8,1000,51,leitura,129.6312,7714.192262
Windows,Windows-11-10.0.26200-SP0,3.14.8,1000,51,liberacao,95.3241,10490.52653
Windows,Windows-11-10.0.26200-SP0,3.14.8,1000,52,alocacao,342.0689,2923.387657
Windows,Windows-11-10.0.26200-SP0,3.14.8,1000,52,escrita,163.6248,6111.542993
Windows,Windows-11-10.0.26200-SP0,3.14.8,1000,52,leitura,132.5172,7546.19023
Windows,Windows-11-10.0.26200-SP0,3.14.8,1000,52,liberacao,93.1254,10738.20891
Windows,Windows-11-10.0.26200-SP0,3.14.8,1000,53,alocacao,349.9919,2857.208981
Windows,Windows-11-10.0.26200-SP0,3.14.8,1000,53,escrita,151.6549,6593.918166
Windows,Windows-11-10.0.26200-SP0,3.14.8,1000,53,leitura,120.8591,8274.097689
Windows,Windows-11-10.0.26200-SP0,3.14.8,1000,53,liberacao,98.8874,10112.511806
Windows,Windows-11-10.0.26200-SP0,3.14.8,1000,54,alocacao,345.1805,2897.035029
Windows,Windows-11-10.0.26200-SP0,3.14.8,1000,54,escrita,177.3175,5639.60128
Windows,Windows-11-10.0.26200-SP0,3.14.8,1000,54,leitura,151.7112,6591.471164
Windows,Windows-11-10.0.26200-SP0,3.14.8,1000,54,liberacao,135.2231,7395.186178
Windows,Windows-11-10.0.26200-SP0,3.14.8,1000,55,alocacao,339.3571,2946.748425
Windows,Windows-11-10.0.26200-SP0,3.14.8,1000,55,escrita,167.7786,5960.235692
Windows,Windows-11-10.0.26200-SP0,3.14.8,1000,55,leitura,137.5447,7270.363744
Windows,Windows-11-10.0.26200-SP0,3.14.8,1000,55,liberacao,111.9031,8936.302926
Windows,Windows-11-10.0.26200-SP0,3.14.8,1000,56,alocacao,316.8143,3156.423179
Windows,Windows-11-10.0.26200-SP0,3.14.8,1000,56,escrita,157.5424,6347.497563
Windows,Windows-11-10.0.26200-SP0,3.14.8,1000,56,leitura,132.3971,7553.035527
Windows,Windows-11-10.0.26200-SP0,3.14.8,1000,56,liberacao,109.9941,9091.39672
Windows,Windows-11-10.0.26200-SP0,3.14.8,1000,57,alocacao,310.6619,3218.933509
Windows,Windows-11-10.0.26200-SP0,3.14.8,1000,57,escrita,153.0759,6532.706977
Windows,Windows-11-10.0.26200-SP0,3.14.8,1000,57,leitura,131.785,7588.117009
Windows,Windows-11-10.0.26200-SP0,3.14.8,1000,57,liberacao,107.4036,9310.674875
Windows,Windows-11-10.0.26200-SP0,3.14.8,1000,58,alocacao,318.4212,3140.494414
Windows,Windows-11-10.0.26200-SP0,3.14.8,1000,58,escrita,158.2665,6318.456527
Windows,Windows-11-10.0.26200-SP0,3.14.8,1000,58,leitura,129.5851,7716.936592
Windows,Windows-11-10.0.26200-SP0,3.14.8,1000,58,liberacao,109.0309,9171.711873
Windows,Windows-11-10.0.26200-SP0,3.14.8,1000,59,alocacao,332.4717,3007.774797
Windows,Windows-11-10.0.26200-SP0,3.14.8,1000,59,escrita,155.7442,6420.784851
Windows,Windows-11-10.0.26200-SP0,3.14.8,1000,59,leitura,127.4289,7847.513398
Windows,Windows-11-10.0.26200-SP0,3.14.8,1000,59,liberacao,105.7788,9453.690153
Windows,Windows-11-10.0.26200-SP0,3.14.8,1000,60,alocacao,312.6538,3198.425863
Windows,Windows-11-10.0.26200-SP0,3.14.8,1000,60,escrita,153.6726,6507.340931
Windows,Windows-11-10.0.26200-SP0,3.14.8,1000,60,leitura,124.1228,8056.537558
Windows,Windows-11-10.0.26200-SP0,3.14.8,1000,60,liberacao,119.4852,8369.237362
Windows,Windows-11-10.0.26200-SP0,3.14.8,1000,61,alocacao,311.6837,3208.380804
Windows,Windows-11-10.0.26200-SP0,3.14.8,1000,61,escrita,157.7421,6339.461691
Windows,Windows-11-10.0.26200-SP0,3.14.8,1000,61,leitura,133.8577,7470.61992
Windows,Windows-11-10.0.26200-SP0,3.14.8,1000,61,liberacao,92.2075,10845.104791
Windows,Windows-11-10.0.26200-SP0,3.14.8,1000,62,alocacao,344.2153,2905.158487
Windows,Windows-11-10.0.26200-SP0,3.14.8,1000,62,escrita,154.6844,6464.776021
Windows,Windows-11-10.0.26200-SP0,3.14.8,1000,62,leitura,122.7869,8144.191278
Windows,Windows-11-10.0.26200-SP0,3.14.8,1000,62,liberacao,107.2522,9323.818066
Windows,Windows-11-10.0.26200-SP0,3.14.8,1000,63,alocacao,322.3447,3102.269093
Windows,Windows-11-10.0.26200-SP0,3.14.8,1000,63,escrita,165.4032,6045.832245
Windows,Windows-11-10.0.26200-SP0,3.14.8,1000,63,leitura,131.3261,7614.632583
Windows,Windows-11-10.0.26200-SP0,3.14.8,1000,63,liberacao,103.9592,9619.158285
Windows,Windows-11-10.0.26200-SP0,3.14.8,1000,64,alocacao,331.28,3018.594542
Windows,Windows-11-10.0.26200-SP0,3.14.8,1000,64,escrita,154.2746,6481.948422
Windows,Windows-11-10.0.26200-SP0,3.14.8,1000,64,leitura,132.736,7533.751205
Windows,Windows-11-10.0.26200-SP0,3.14.8,1000,64,liberacao,110.3219,9064.383409
Windows,Windows-11-10.0.26200-SP0,3.14.8,1000,65,alocacao,308.628,3240.146714
Windows,Windows-11-10.0.26200-SP0,3.14.8,1000,65,escrita,160.4905,6230.898402
Windows,Windows-11-10.0.26200-SP0,3.14.8,1000,65,leitura,131.1777,7623.246939
Windows,Windows-11-10.0.26200-SP0,3.14.8,1000,65,liberacao,108.246,9238.216655
Windows,Windows-11-10.0.26200-SP0,3.14.8,1000,66,alocacao,319.2827,3132.02062
Windows,Windows-11-10.0.26200-SP0,3.14.8,1000,66,escrita,156.5031,6389.64979
Windows,Windows-11-10.0.26200-SP0,3.14.8,1000,66,leitura,130.6972,7651.273325
Windows,Windows-11-10.0.26200-SP0,3.14.8,1000,66,liberacao,111.1833,8994.156497
Windows,Windows-11-10.0.26200-SP0,3.14.8,1000,67,alocacao,319.9358,3125.627079
Windows,Windows-11-10.0.26200-SP0,3.14.8,1000,67,escrita,152.948,6538.169835
Windows,Windows-11-10.0.26200-SP0,3.14.8,1000,67,leitura,131.9254,7580.041448
Windows,Windows-11-10.0.26200-SP0,3.14.8,1000,67,liberacao,108.4895,9217.481876
Windows,Windows-11-10.0.26200-SP0,3.14.8,1000,68,alocacao,308.3257,3243.323537
Windows,Windows-11-10.0.26200-SP0,3.14.8,1000,68,escrita,159.2473,6279.541317
Windows,Windows-11-10.0.26200-SP0,3.14.8,1000,68,leitura,130.8707,7641.129756
Windows,Windows-11-10.0.26200-SP0,3.14.8,1000,68,liberacao,109.5934,9124.637068
Windows,Windows-11-10.0.26200-SP0,3.14.8,1000,69,alocacao,330.8311,3022.69043
Windows,Windows-11-10.0.26200-SP0,3.14.8,1000,69,escrita,160.0326,6248.726822
Windows,Windows-11-10.0.26200-SP0,3.14.8,1000,69,leitura,119.6154,8360.127542
Windows,Windows-11-10.0.26200-SP0,3.14.8,1000,69,liberacao,92.9053,10763.648575
Windows,Windows-11-10.0.26200-SP0,3.14.8,1000,70,alocacao,343.2802,2913.072178
Windows,Windows-11-10.0.26200-SP0,3.14.8,1000,70,escrita,160.3213,6237.474372
Windows,Windows-11-10.0.26200-SP0,3.14.8,1000,70,leitura,128.0298,7810.681576
Windows,Windows-11-10.0.26200-SP0,3.14.8,1000,70,liberacao,106.0263,9431.622154
Windows,Windows-11-10.0.26200-SP0,3.14.8,1000,71,alocacao,315.7236,3167.327371
Windows,Windows-11-10.0.26200-SP0,3.14.8,1000,71,escrita,155.6991,6422.644704
Windows,Windows-11-10.0.26200-SP0,3.14.8,1000,71,leitura,128.292,7794.718299
Windows,Windows-11-10.0.26200-SP0,3.14.8,1000,71,liberacao,125.2821,7981.986253
Windows,Windows-11-10.0.26200-SP0,3.14.8,1000,72,alocacao,325.536,3071.856876
Windows,Windows-11-10.0.26200-SP0,3.14.8,1000,72,escrita,156.756,6379.341142
Windows,Windows-11-10.0.26200-SP0,3.14.8,1000,72,leitura,128.1629,7802.570011
Windows,Windows-11-10.0.26200-SP0,3.14.8,1000,72,liberacao,92.2562,10839.379901
Windows,Windows-11-10.0.26200-SP0,3.14.8,1000,73,alocacao,352.847,2834.089563
Windows,Windows-11-10.0.26200-SP0,3.14.8,1000,73,escrita,157.0075,6369.122494
Windows,Windows-11-10.0.26200-SP0,3.14.8,1000,73,leitura,131.6709,7594.692525
Windows,Windows-11-10.0.26200-SP0,3.14.8,1000,73,liberacao,109.0035,9174.017348
Windows,Windows-11-10.0.26200-SP0,3.14.8,1000,74,alocacao,304.8551,3280.246911
Windows,Windows-11-10.0.26200-SP0,3.14.8,1000,74,escrita,151.5276,6599.457789
Windows,Windows-11-10.0.26200-SP0,3.14.8,1000,74,leitura,133.5033,7490.451547
Windows,Windows-11-10.0.26200-SP0,3.14.8,1000,74,liberacao,93.1536,10734.958177
Windows,Windows-11-10.0.26200-SP0,3.14.8,1000,75,alocacao,328.535,3043.815727
Windows,Windows-11-10.0.26200-SP0,3.14.8,1000,75,escrita,158.4987,6309.200012
Windows,Windows-11-10.0.26200-SP0,3.14.8,1000,75,leitura,129.2998,7733.964012
Windows,Windows-11-10.0.26200-SP0,3.14.8,1000,75,liberacao,101.2732,9874.280659
Windows,Windows-11-10.0.26200-SP0,3.14.8,1000,76,alocacao,321.5622,3109.818256
Windows,Windows-11-10.0.26200-SP0,3.14.8,1000,76,escrita,149.0901,6707.353473
Windows,Windows-11-10.0.26200-SP0,3.14.8,1000,76,leitura,122.3647,8172.291519
Windows,Windows-11-10.0.26200-SP0,3.14.8,1000,76,liberacao,101.8335,9819.951195
Windows,Windows-11-10.0.26200-SP0,3.14.8,1000,77,alocacao,336.2699,2973.801699
Windows,Windows-11-10.0.26200-SP0,3.14.8,1000,77,escrita,161.2846,6200.219984
Windows,Windows-11-10.0.26200-SP0,3.14.8,1000,77,leitura,136.2653,7338.625461
Windows,Windows-11-10.0.26200-SP0,3.14.8,1000,77,liberacao,96.728,10338.268133
Windows,Windows-11-10.0.26200-SP0,3.14.8,1000,78,alocacao,335.8275,2977.719216
Windows,Windows-11-10.0.26200-SP0,3.14.8,1000,78,escrita,157.5339,6347.840052
Windows,Windows-11-10.0.26200-SP0,3.14.8,1000,78,leitura,126.4661,7907.25736
Windows,Windows-11-10.0.26200-SP0,3.14.8,1000,78,liberacao,103.8642,9627.956505
Windows,Windows-11-10.0.26200-SP0,3.14.8,1000,79,alocacao,319.4177,3130.69689
Windows,Windows-11-10.0.26200-SP0,3.14.8,1000,79,escrita,155.6033,6426.598922
Windows,Windows-11-10.0.26200-SP0,3.14.8,1000,79,leitura,124.7114,8018.513143
Windows,Windows-11-10.0.26200-SP0,3.14.8,1000,79,liberacao,92.9301,10760.77611
Windows,Windows-11-10.0.26200-SP0,3.14.8,1000,80,alocacao,356.8831,2802.037978
Windows,Windows-11-10.0.26200-SP0,3.14.8,1000,80,escrita,150.5791,6641.027872
Windows,Windows-11-10.0.26200-SP0,3.14.8,1000,80,leitura,124.7539,8015.781471
Windows,Windows-11-10.0.26200-SP0,3.14.8,1000,80,liberacao,106.4751,9391.867207
Windows,Windows-11-10.0.26200-SP0,3.14.8,1000,81,alocacao,324.4503,3082.136155
Windows,Windows-11-10.0.26200-SP0,3.14.8,1000,81,escrita,166.8867,5992.089244
Windows,Windows-11-10.0.26200-SP0,3.14.8,1000,81,leitura,133.0455,7516.225652
Windows,Windows-11-10.0.26200-SP0,3.14.8,1000,81,liberacao,108.2381,9238.890927
Windows,Windows-11-10.0.26200-SP0,3.14.8,1000,82,alocacao,317.131,3153.271046
Windows,Windows-11-10.0.26200-SP0,3.14.8,1000,82,escrita,152.6077,6552.749304
Windows,Windows-11-10.0.26200-SP0,3.14.8,1000,82,leitura,121.0936,8258.074745
Windows,Windows-11-10.0.26200-SP0,3.14.8,1000,82,liberacao,105.3608,9491.195967
Windows,Windows-11-10.0.26200-SP0,3.14.8,1000,83,alocacao,319.8681,3126.288617
Windows,Windows-11-10.0.26200-SP0,3.14.8,1000,83,escrita,150.1707,6659.088624
Windows,Windows-11-10.0.26200-SP0,3.14.8,1000,83,leitura,124.4431,8035.801101
Windows,Windows-11-10.0.26200-SP0,3.14.8,1000,83,liberacao,104.1066,9605.538938
Windows,Windows-11-10.0.26200-SP0,3.14.8,1000,84,alocacao,315.039,3174.210177
Windows,Windows-11-10.0.26200-SP0,3.14.8,1000,84,escrita,162.0967,6169.157053
Windows,Windows-11-10.0.26200-SP0,3.14.8,1000,84,leitura,131.0655,7629.7729
Windows,Windows-11-10.0.26200-SP0,3.14.8,1000,84,liberacao,91.3346,10948.753265
Windows,Windows-11-10.0.26200-SP0,3.14.8,1000,85,alocacao,332.6207,3006.427441
Windows,Windows-11-10.0.26200-SP0,3.14.8,1000,85,escrita,160.5753,6227.607857
Windows,Windows-11-10.0.26200-SP0,3.14.8,1000,85,leitura,123.512,8096.379299
Windows,Windows-11-10.0.26200-SP0,3.14.8,1000,85,liberacao,95.9347,10423.756993
Windows,Windows-11-10.0.26200-SP0,3.14.8,1000,86,alocacao,331.7285,3014.513375
Windows,Windows-11-10.0.26200-SP0,3.14.8,1000,86,escrita,154.4491,6474.624974
Windows,Windows-11-10.0.26200-SP0,3.14.8,1000,86,leitura,124.5772,8027.151036
Windows,Windows-11-10.0.26200-SP0,3.14.8,1000,86,liberacao,89.6427,11155.398041
Windows,Windows-11-10.0.26200-SP0,3.14.8,1000,87,alocacao,347.3516,2878.927289
Windows,Windows-11-10.0.26200-SP0,3.14.8,1000,87,escrita,151.6969,6592.092521
Windows,Windows-11-10.0.26200-SP0,3.14.8,1000,87,leitura,123.0807,8124.750672
Windows,Windows-11-10.0.26200-SP0,3.14.8,1000,87,liberacao,101.0899,9892.185075
Windows,Windows-11-10.0.26200-SP0,3.14.8,1000,88,alocacao,370.9148,2696.036934
Windows,Windows-11-10.0.26200-SP0,3.14.8,1000,88,escrita,174.4053,5733.770705
Windows,Windows-11-10.0.26200-SP0,3.14.8,1000,88,leitura,131.5043,7604.314079
Windows,Windows-11-10.0.26200-SP0,3.14.8,1000,88,liberacao,106.2581,9411.047252
Windows,Windows-11-10.0.26200-SP0,3.14.8,1000,89,alocacao,317.7363,3147.263942
Windows,Windows-11-10.0.26200-SP0,3.14.8,1000,89,escrita,150.8941,6627.164349
Windows,Windows-11-10.0.26200-SP0,3.14.8,1000,89,leitura,124.5522,8028.762238
Windows,Windows-11-10.0.26200-SP0,3.14.8,1000,89,liberacao,98.9244,10108.729494
Windows,Windows-11-10.0.26200-SP0,3.14.8,1000,90,alocacao,340.8115,2934.173289
Windows,Windows-11-10.0.26200-SP0,3.14.8,1000,90,escrita,150.2953,6653.568009
Windows,Windows-11-10.0.26200-SP0,3.14.8,1000,90,leitura,133.3602,7498.489054
Windows,Windows-11-10.0.26200-SP0,3.14.8,1000,90,liberacao,102.9055,9717.653575
Windows,Windows-11-10.0.26200-SP0,3.14.8,1000,91,alocacao,310.4706,3220.916892
Windows,Windows-11-10.0.26200-SP0,3.14.8,1000,91,escrita,161.4008,6195.756155
Windows,Windows-11-10.0.26200-SP0,3.14.8,1000,91,leitura,129.2215,7738.650302
Windows,Windows-11-10.0.26200-SP0,3.14.8,1000,91,liberacao,90.9879,10990.47236
Windows,Windows-11-10.0.26200-SP0,3.14.8,1000,92,alocacao,332.4977,3007.539601
Windows,Windows-11-10.0.26200-SP0,3.14.8,1000,92,escrita,152.5843,6553.75422
Windows,Windows-11-10.0.26200-SP0,3.14.8,1000,92,leitura,121.7683,8212.317984
Windows,Windows-11-10.0.26200-SP0,3.14.8,1000,92,liberacao,104.8645,9536.115654
Windows,Windows-11-10.0.26200-SP0,3.14.8,1000,93,alocacao,325.5998,3071.254958
Windows,Windows-11-10.0.26200-SP0,3.14.8,1000,93,escrita,155.7003,6422.595204
Windows,Windows-11-10.0.26200-SP0,3.14.8,1000,93,leitura,124.5975,8025.843215
Windows,Windows-11-10.0.26200-SP0,3.14.8,1000,93,liberacao,102.5314,9753.109779
Windows,Windows-11-10.0.26200-SP0,3.14.8,1000,94,alocacao,326.6484,3061.395678
Windows,Windows-11-10.0.26200-SP0,3.14.8,1000,94,escrita,153.1552,6529.324502
Windows,Windows-11-10.0.26200-SP0,3.14.8,1000,94,leitura,128.3715,7789.891058
Windows,Windows-11-10.0.26200-SP0,3.14.8,1000,94,liberacao,108.2534,9237.585147
Windows,Windows-11-10.0.26200-SP0,3.14.8,1000,95,alocacao,308.0783,3245.928064
Windows,Windows-11-10.0.26200-SP0,3.14.8,1000,95,escrita,163.9297,6100.175868
Windows,Windows-11-10.0.26200-SP0,3.14.8,1000,95,leitura,129.6622,7712.347932
Windows,Windows-11-10.0.26200-SP0,3.14.8,1000,95,liberacao,106.0876,9426.172333
Windows,Windows-11-10.0.26200-SP0,3.14.8,1000,96,alocacao,344.7857,2900.352306
Windows,Windows-11-10.0.26200-SP0,3.14.8,1000,96,escrita,151.0568,6620.026374
Windows,Windows-11-10.0.26200-SP0,3.14.8,1000,96,leitura,121.13,8255.593164
Windows,Windows-11-10.0.26200-SP0,3.14.8,1000,96,liberacao,103.6405,9648.737704
Windows,Windows-11-10.0.26200-SP0,3.14.8,1000,97,alocacao,366.2755,2730.185339
Windows,Windows-11-10.0.26200-SP0,3.14.8,1000,97,escrita,154.3215,6479.978486
Windows,Windows-11-10.0.26200-SP0,3.14.8,1000,97,leitura,136.5251,7324.660447
Windows,Windows-11-10.0.26200-SP0,3.14.8,1000,97,liberacao,93.3282,10714.875032
Windows,Windows-11-10.0.26200-SP0,3.14.8,1000,98,alocacao,353.2364,2830.965325
Windows,Windows-11-10.0.26200-SP0,3.14.8,1000,98,escrita,161.2185,6202.76209
Windows,Windows-11-10.0.26200-SP0,3.14.8,1000,98,leitura,123.5089,8096.582513
Windows,Windows-11-10.0.26200-SP0,3.14.8,1000,98,liberacao,91.8652,10885.514863
Windows,Windows-11-10.0.26200-SP0,3.14.8,1000,99,alocacao,342.009,2923.899663
Windows,Windows-11-10.0.26200-SP0,3.14.8,1000,99,escrita,151.8135,6587.02948
Windows,Windows-11-10.0.26200-SP0,3.14.8,1000,99,leitura,127.46,7845.598619
Windows,Windows-11-10.0.26200-SP0,3.14.8,1000,99,liberacao,107.4775,9304.272987
Windows,Windows-11-10.0.26200-SP0,3.14.8,1000,100,alocacao,312.8462,3196.458835
Windows,Windows-11-10.0.26200-SP0,3.14.8,1000,100,escrita,155.1897,6443.726613
Windows,Windows-11-10.0.26200-SP0,3.14.8,1000,100,leitura,127.4852,7844.04778
Windows,Windows-11-10.0.26200-SP0,3.14.8,1000,100,liberacao,106.2463,9412.092468
